STRUCTURE,STRUCTURE_ID,STRUCTURE_NAME,ACTION,REF_AREA,Reference area,FREQ,Frequency of observation,MEASURE,Measure,UNIT_MEASURE,Unit of measure,GEO_AREA,Geographical area,AGE,Age,SEX,Sex,EDUCATION_LEVEL,Education level,INCOME_GROUP,Income group,EMP_STATUS,Employment status,TIME_PERIOD,Time period,OBS_VALUE,Observation value,OBS_STATUS,Observation status,OBS_STATUS_2,Observation status 2,OBS_STATUS_3,Observation status 3,UNIT_MULT,Unit multiplier,TIME_HORIZON_USE,Time horizon,DECIMALS,Decimals,BREAKDOWN_V7_HH,V7 Breakdowns households
DATAFLOW,OECD.STI.DEP:DSD_ICT_HH_IND@DF_IND(1.1),ICT Access and Usage by Individuals,I,KOR,Korea,A,Annual,D1B_I,Individuals using the internet for accessing social networking sites - last 3 m,PT_POP,Percentage of population,_Z,Not applicable,Y16T74,From 16 to 74 years,_T,Total,HI,High level of educational attainment,_T,Total,_T,Total,2023,,78.9537115,,A,Normal value,,,,,0,Units,,,2,Two,I_HI,Individuals aged 16-74 with a high level of educational attainment
DATAFLOW,OECD.STI.DEP:DSD_ICT_HH_IND@DF_IND(1.1),ICT Access and Usage by Individuals,I,KOR,Korea,A,Annual,D1B_I,Individuals using the internet for accessing social networking sites - last 3 m,PT_POP,Percentage of population,_Z,Not applicable,Y16T74,From 16 to 74 years,_T,Total,HI,High level of educational attainment,_T,Total,_T,Total,2024,,77.01060867639248,,A,Normal value,,,,,0,Units,,,2,Two,I_HI,Individuals aged 16-74 with a high level of educational attainment
DATAFLOW,OECD.STI.DEP:DSD_ICT_HH_IND@DF_IND(1.1),ICT Access and Usage by Individuals,I,KOR,Korea,A,Annual,D1B_I,Individuals using the internet for accessing social networking sites - last 3 m,PT_POP,Percentage of population,_Z,Not applicable,Y16T74,From 16 to 74 years,_T,Total,HI,High level of educational attainment,_T,Total,_T,Total,2021,,82.45107714,,A,Normal value,,,,,0,Units,,,2,Two,I_HI,Individuals aged 16-74 with a high level of educational attainment
DATAFLOW,OECD.STI.DEP:DSD_ICT_HH_IND@DF_IND(1.1),ICT Access and Usage by Individuals,I,KOR,Korea,A,Annual,D1B_I,Individuals using the internet for accessing social networking sites - last 3 m,PT_POP,Percentage of population,_Z,Not applicable,Y16T74,From 16 to 74 years,_T,Total,HI,High level of educational attainment,_T,Total,_T,Total,2022,,84.68724334,,A,Normal value,,,,,0,Units,,,2,Two,I_HI,Individuals aged 16-74 with a high level of educational attainment
DATAFLOW,OECD.STI.DEP:DSD_ICT_HH_IND@DF_IND(1.1),ICT Access and Usage by Individuals,I,KOR,Korea,A,Annual,D1B_I,Individuals using the internet for accessing social networking sites - last 3 m,PT_POP,Percentage of population,_Z,Not applicable,Y16T74,From 16 to 74 years,_T,Total,_T,Total,_T,Total,_T,Total,2022,,69.28138408,,A,Normal value,,,,,0,Units,,,2,Two,IND_TOTAL,All (individuals aged 16-74)
DATAFLOW,OECD.STI.DEP:DSD_ICT_HH_IND@DF_IND(1.1),ICT Access and Usage by Individuals,I,KOR,Korea,A,Annual,D1B_I,Individuals using the internet for accessing social networking sites - last 3 m,PT_POP,Percentage of population,_Z,Not applicable,Y16T74,From 16 to 74 years,_T,Total,_T,Total,_T,Total,_T,Total,2021,,69.49735553,,A,Normal value,,,,,0,Units,,,2,Two,IND_TOTAL,All (individuals aged 16-74)
DATAFLOW,OECD.STI.DEP:DSD_ICT_HH_IND@DF_IND(1.1),ICT Access and Usage by Individuals,I,KOR,Korea,A,Annual,D1B_I,Individuals using the internet for accessing social networking sites - last 3 m,PT_POP,Percentage of population,_Z,Not applicable,Y16T74,From 16 to 74 years,_T,Total,_T,Total,_T,Total,_T,Total,2024,,66.14419108066369,,A,Normal value,,,,,0,Units,,,2,Two,IND_TOTAL,All (individuals aged 16-74)
DATAFLOW,OECD.STI.DEP:DSD_ICT_HH_IND@DF_IND(1.1),ICT Access and Usage by Individuals,I,KOR,Korea,A,Annual,D1B_I,Individuals using the internet for accessing social networking sites - last 3 m,PT_POP,Percentage of population,_Z,Not applicable,Y16T74,From 16 to 74 years,_T,Total,_T,Total,_T,Total,_T,Total,2023,,66.84062179,,A,Normal value,,,,,0,Units,,,2,Two,IND_TOTAL,All (individuals aged 16-74)
DATAFLOW,OECD.STI.DEP:DSD_ICT_HH_IND@DF_IND(1.1),ICT Access and Usage by Individuals,I,KOR,Korea,A,Annual,D1B_I,Individuals using the internet for accessing social networking sites - last 3 m,PT_POP,Percentage of population,_Z,Not applicable,Y16T74,From 16 to 74 years,_T,Total,ME,Middle level of educational attainment,_T,Total,_T,Total,2023,,60.42302204,,A,Normal value,,,,,0,Units,,,2,Two,I_ME,Individuals aged 16-74 with a middle level of educational attainment
DATAFLOW,OECD.STI.DEP:DSD_ICT_HH_IND@DF_IND(1.1),ICT Access and Usage by Individuals,I,KOR,Korea,A,Annual,D1B_I,Individuals using the internet for accessing social networking sites - last 3 m,PT_POP,Percentage of population,_Z,Not applicable,Y16T74,From 16 to 74 years,_T,Total,ME,Middle level of educational attainment,_T,Total,_T,Total,2024,,57.537496063011496,,A,Normal value,,,,,0,Units,,,2,Two,I_ME,Individuals aged 16-74 with a middle level of educational attainment
DATAFLOW,OECD.STI.DEP:DSD_ICT_HH_IND@DF_IND(1.1),ICT Access and Usage by Individuals,I,KOR,Korea,A,Annual,D1B_I,Individuals using the internet for accessing social networking sites - last 3 m,PT_POP,Percentage of population,_Z,Not applicable,Y16T74,From 16 to 74 years,_T,Total,ME,Middle level of educational attainment,_T,Total,_T,Total,2021,,63.3531803,,A,Normal value,,,,,0,Units,,,2,Two,I_ME,Individuals aged 16-74 with a middle level of educational attainment
DATAFLOW,OECD.STI.DEP:DSD_ICT_HH_IND@DF_IND(1.1),ICT Access and Usage by Individuals,I,KOR,Korea,A,Annual,D1B_I,Individuals using the internet for accessing social networking sites - last 3 m,PT_POP,Percentage of population,_Z,Not applicable,Y16T74,From 16 to 74 years,_T,Total,ME,Middle level of educational attainment,_T,Total,_T,Total,2022,,62.72076181,,A,Normal value,,,,,0,Units,,,2,Two,I_ME,Individuals aged 16-74 with a middle level of educational attainment
DATAFLOW,OECD.STI.DEP:DSD_ICT_HH_IND@DF_IND(1.1),ICT Access and Usage by Individuals,I,KOR,Korea,A,Annual,D1B_I,Individuals using the internet for accessing social networking sites - last 3 m,PT_POP,Percentage of population,_Z,Not applicable,Y16T74,From 16 to 74 years,_T,Total,LO,Low level of educational attainment,_T,Total,_T,Total,2022,,37.16653614,,A,Normal value,,,,,0,Units,,,2,Two,I_LO,Individuals aged 16-74 with no or a low level of educational attainment
DATAFLOW,OECD.STI.DEP:DSD_ICT_HH_IND@DF_IND(1.1),ICT Access and Usage by Individuals,I,KOR,Korea,A,Annual,D1B_I,Individuals using the internet for accessing social networking sites - last 3 m,PT_POP,Percentage of population,_Z,Not applicable,Y16T74,From 16 to 74 years,_T,Total,LO,Low level of educational attainment,_T,Total,_T,Total,2021,,40.37843579,,A,Normal value,,,,,0,Units,,,2,Two,I_LO,Individuals aged 16-74 with no or a low level of educational attainment
DATAFLOW,OECD.STI.DEP:DSD_ICT_HH_IND@DF_IND(1.1),ICT Access and Usage by Individuals,I,KOR,Korea,A,Annual,D1B_I,Individuals using the internet for accessing social networking sites - last 3 m,PT_POP,Percentage of population,_Z,Not applicable,Y16T74,From 16 to 74 years,_T,Total,LO,Low level of educational attainment,_T,Total,_T,Total,2024,,41.72439821666416,,A,Normal value,,,,,0,Units,,,2,Two,I_LO,Individuals aged 16-74 with no or a low level of educational attainment
DATAFLOW,OECD.STI.DEP:DSD_ICT_HH_IND@DF_IND(1.1),ICT Access and Usage by Individuals,I,KOR,Korea,A,Annual,D1B_I,Individuals using the internet for accessing social networking sites - last 3 m,PT_POP,Percentage of population,_Z,Not applicable,Y16T74,From 16 to 74 years,_T,Total,LO,Low level of educational attainment,_T,Total,_T,Total,2023,,40.32797762,,A,Normal value,,,,,0,Units,,,2,Two,I_LO,Individuals aged 16-74 with no or a low level of educational attainment
DATAFLOW,OECD.STI.DEP:DSD_ICT_HH_IND@DF_IND(1.1),ICT Access and Usage by Individuals,I,KOR,Korea,A,Annual,D1B_I,Individuals using the internet for accessing social networking sites - last 3 m,PT_POP,Percentage of population,_Z,Not applicable,Y16T74,From 16 to 74 years,M,Male,LO,Low level of educational attainment,_T,Total,_T,Total,2022,,39.47078251,,A,Normal value,,,,,0,Units,,,2,Two,M_LO,Male aged 16-74 with no or a low level of educational attainment
DATAFLOW,OECD.STI.DEP:DSD_ICT_HH_IND@DF_IND(1.1),ICT Access and Usage by Individuals,I,KOR,Korea,A,Annual,D1B_I,Individuals using the internet for accessing social networking sites - last 3 m,PT_POP,Percentage of population,_Z,Not applicable,Y16T74,From 16 to 74 years,M,Male,LO,Low level of educational attainment,_T,Total,_T,Total,2021,,44.31108386,,A,Normal value,,,,,0,Units,,,2,Two,M_LO,Male aged 16-74 with no or a low level of educational attainment
DATAFLOW,OECD.STI.DEP:DSD_ICT_HH_IND@DF_IND(1.1),ICT Access and Usage by Individuals,I,KOR,Korea,A,Annual,D1B_I,Individuals using the internet for accessing social networking sites - last 3 m,PT_POP,Percentage of population,_Z,Not applicable,Y16T74,From 16 to 74 years,M,Male,LO,Low level of educational attainment,_T,Total,_T,Total,2024,,46.12930192979999,,A,Normal value,,,,,0,Units,,,2,Two,M_LO,Male aged 16-74 with no or a low level of educational attainment
DATAFLOW,OECD.STI.DEP:DSD_ICT_HH_IND@DF_IND(1.1),ICT Access and Usage by Individuals,I,KOR,Korea,A,Annual,D1B_I,Individuals using the internet for accessing social networking sites - last 3 m,PT_POP,Percentage of population,_Z,Not applicable,Y16T74,From 16 to 74 years,M,Male,LO,Low level of educational attainment,_T,Total,_T,Total,2023,,47.85396042,,A,Normal value,,,,,0,Units,,,2,Two,M_LO,Male aged 16-74 with no or a low level of educational attainment
DATAFLOW,OECD.STI.DEP:DSD_ICT_HH_IND@DF_IND(1.1),ICT Access and Usage by Individuals,I,KOR,Korea,A,Annual,D1B_I,Individuals using the internet for accessing social networking sites - last 3 m,PT_POP,Percentage of population,_Z,Not applicable,Y16T74,From 16 to 74 years,M,Male,HI,High level of educational attainment,_T,Total,_T,Total,2024,,74.36816246848359,,A,Normal value,,,,,0,Units,,,2,Two,M_HI,Male aged 16-74 with a high high level of educational attainment
DATAFLOW,OECD.STI.DEP:DSD_ICT_HH_IND@DF_IND(1.1),ICT Access and Usage by Individuals,I,KOR,Korea,A,Annual,D1B_I,Individuals using the internet for accessing social networking sites - last 3 m,PT_POP,Percentage of population,_Z,Not applicable,Y16T74,From 16 to 74 years,M,Male,HI,High level of educational attainment,_T,Total,_T,Total,2021,,79.75069316,,A,Normal value,,,,,0,Units,,,2,Two,M_HI,Male aged 16-74 with a high high level of educational attainment
DATAFLOW,OECD.STI.DEP:DSD_ICT_HH_IND@DF_IND(1.1),ICT Access and Usage by Individuals,I,KOR,Korea,A,Annual,D1B_I,Individuals using the internet for accessing social networking sites - last 3 m,PT_POP,Percentage of population,_Z,Not applicable,Y16T74,From 16 to 74 years,M,Male,HI,High level of educational attainment,_T,Total,_T,Total,2022,,82.54157403,,A,Normal value,,,,,0,Units,,,2,Two,M_HI,Male aged 16-74 with a high high level of educational attainment
DATAFLOW,OECD.STI.DEP:DSD_ICT_HH_IND@DF_IND(1.1),ICT Access and Usage by Individuals,I,KOR,Korea,A,Annual,D1B_I,Individuals using the internet for accessing social networking sites - last 3 m,PT_POP,Percentage of population,_Z,Not applicable,Y16T74,From 16 to 74 years,M,Male,HI,High level of educational attainment,_T,Total,_T,Total,2023,,76.56493417,,A,Normal value,,,,,0,Units,,,2,Two,M_HI,Male aged 16-74 with a high high level of educational attainment
DATAFLOW,OECD.STI.DEP:DSD_ICT_HH_IND@DF_IND(1.1),ICT Access and Usage by Individuals,I,KOR,Korea,A,Annual,D1B_I,Individuals using the internet for accessing social networking sites - last 3 m,PT_POP,Percentage of population,_Z,Not applicable,Y16T74,From 16 to 74 years,M,Male,ME,Middle level of educational attainment,_T,Total,_T,Total,2022,,62.08975669,,A,Normal value,,,,,0,Units,,,2,Two,M_ME,Male aged 16-74 with a middle level of educational attainment
DATAFLOW,OECD.STI.DEP:DSD_ICT_HH_IND@DF_IND(1.1),ICT Access and Usage by Individuals,I,KOR,Korea,A,Annual,D1B_I,Individuals using the internet for accessing social networking sites - last 3 m,PT_POP,Percentage of population,_Z,Not applicable,Y16T74,From 16 to 74 years,M,Male,ME,Middle level of educational attainment,_T,Total,_T,Total,2021,,62.41526079,,A,Normal value,,,,,0,Units,,,2,Two,M_ME,Male aged 16-74 with a middle level of educational attainment
DATAFLOW,OECD.STI.DEP:DSD_ICT_HH_IND@DF_IND(1.1),ICT Access and Usage by Individuals,I,KOR,Korea,A,Annual,D1B_I,Individuals using the internet for accessing social networking sites - last 3 m,PT_POP,Percentage of population,_Z,Not applicable,Y16T74,From 16 to 74 years,M,Male,ME,Middle level of educational attainment,_T,Total,_T,Total,2024,,57.13580161426458,,A,Normal value,,,,,0,Units,,,2,Two,M_ME,Male aged 16-74 with a middle level of educational attainment
DATAFLOW,OECD.STI.DEP:DSD_ICT_HH_IND@DF_IND(1.1),ICT Access and Usage by Individuals,I,KOR,Korea,A,Annual,D1B_I,Individuals using the internet for accessing social networking sites - last 3 m,PT_POP,Percentage of population,_Z,Not applicable,Y16T74,From 16 to 74 years,M,Male,ME,Middle level of educational attainment,_T,Total,_T,Total,2023,,59.76748173,,A,Normal value,,,,,0,Units,,,2,Two,M_ME,Male aged 16-74 with a middle level of educational attainment
DATAFLOW,OECD.STI.DEP:DSD_ICT_HH_IND@DF_IND(1.1),ICT Access and Usage by Individuals,I,KOR,Korea,A,Annual,D1B_I,Individuals using the internet for accessing social networking sites - last 3 m,PT_POP,Percentage of population,_Z,Not applicable,Y16T74,From 16 to 74 years,M,Male,_T,Total,_T,Total,_T,Total,2024,,66.04772735357156,,A,Normal value,,,,,0,Units,,,2,Two,M_Y16_74,Male aged 16-74
DATAFLOW,OECD.STI.DEP:DSD_ICT_HH_IND@DF_IND(1.1),ICT Access and Usage by Individuals,I,KOR,Korea,A,Annual,D1B_I,Individuals using the internet for accessing social networking sites - last 3 m,PT_POP,Percentage of population,_Z,Not applicable,Y16T74,From 16 to 74 years,M,Male,_T,Total,_T,Total,_T,Total,2021,,69.62214818,,A,Normal value,,,,,0,Units,,,2,Two,M_Y16_74,Male aged 16-74
DATAFLOW,OECD.STI.DEP:DSD_ICT_HH_IND@DF_IND(1.1),ICT Access and Usage by Individuals,I,KOR,Korea,A,Annual,D1B_I,Individuals using the internet for accessing social networking sites - last 3 m,PT_POP,Percentage of population,_Z,Not applicable,Y16T74,From 16 to 74 years,M,Male,_T,Total,_T,Total,_T,Total,2022,,69.90350255,,A,Normal value,,,,,0,Units,,,2,Two,M_Y16_74,Male aged 16-74
DATAFLOW,OECD.STI.DEP:DSD_ICT_HH_IND@DF_IND(1.1),ICT Access and Usage by Individuals,I,KOR,Korea,A,Annual,D1B_I,Individuals using the internet for accessing social networking sites - last 3 m,PT_POP,Percentage of population,_Z,Not applicable,Y16T74,From 16 to 74 years,M,Male,_T,Total,_T,Total,_T,Total,2023,,67.51249866,,A,Normal value,,,,,0,Units,,,2,Two,M_Y16_74,Male aged 16-74
DATAFLOW,OECD.STI.DEP:DSD_ICT_HH_IND@DF_IND(1.1),ICT Access and Usage by Individuals,I,KOR,Korea,A,Annual,D1B_I,Individuals using the internet for accessing social networking sites - last 3 m,PT_POP,Percentage of population,_Z,Not applicable,Y16T74,From 16 to 74 years,F,Female,_T,Total,_T,Total,_T,Total,2023,,66.15287339,,A,Normal value,,,,,0,Units,,,2,Two,F_Y16_74,Female aged 16-74
DATAFLOW,OECD.STI.DEP:DSD_ICT_HH_IND@DF_IND(1.1),ICT Access and Usage by Individuals,I,KOR,Korea,A,Annual,D1B_I,Individuals using the internet for accessing social networking sites - last 3 m,PT_POP,Percentage of population,_Z,Not applicable,Y16T74,From 16 to 74 years,F,Female,_T,Total,_T,Total,_T,Total,2024,,66.24417431625263,,A,Normal value,,,,,0,Units,,,2,Two,F_Y16_74,Female aged 16-74
DATAFLOW,OECD.STI.DEP:DSD_ICT_HH_IND@DF_IND(1.1),ICT Access and Usage by Individuals,I,KOR,Korea,A,Annual,D1B_I,Individuals using the internet for accessing social networking sites - last 3 m,PT_POP,Percentage of population,_Z,Not applicable,Y16T74,From 16 to 74 years,F,Female,_T,Total,_T,Total,_T,Total,2021,,69.36811345,,A,Normal value,,,,,0,Units,,,2,Two,F_Y16_74,Female aged 16-74
DATAFLOW,OECD.STI.DEP:DSD_ICT_HH_IND@DF_IND(1.1),ICT Access and Usage by Individuals,I,KOR,Korea,A,Annual,D1B_I,Individuals using the internet for accessing social networking sites - last 3 m,PT_POP,Percentage of population,_Z,Not applicable,Y16T74,From 16 to 74 years,F,Female,_T,Total,_T,Total,_T,Total,2022,,68.64333611,,A,Normal value,,,,,0,Units,,,2,Two,F_Y16_74,Female aged 16-74
DATAFLOW,OECD.STI.DEP:DSD_ICT_HH_IND@DF_IND(1.1),ICT Access and Usage by Individuals,I,KOR,Korea,A,Annual,D1B_I,Individuals using the internet for accessing social networking sites - last 3 m,PT_POP,Percentage of population,_Z,Not applicable,Y16T74,From 16 to 74 years,F,Female,ME,Middle level of educational attainment,_T,Total,_T,Total,2022,,63.31875762,,A,Normal value,,,,,0,Units,,,2,Two,F_ME,Female aged 16-74 with a middle level of educational attainment
DATAFLOW,OECD.STI.DEP:DSD_ICT_HH_IND@DF_IND(1.1),ICT Access and Usage by Individuals,I,KOR,Korea,A,Annual,D1B_I,Individuals using the internet for accessing social networking sites - last 3 m,PT_POP,Percentage of population,_Z,Not applicable,Y16T74,From 16 to 74 years,F,Female,ME,Middle level of educational attainment,_T,Total,_T,Total,2021,,64.22565593,,A,Normal value,,,,,0,Units,,,2,Two,F_ME,Female aged 16-74 with a middle level of educational attainment
DATAFLOW,OECD.STI.DEP:DSD_ICT_HH_IND@DF_IND(1.1),ICT Access and Usage by Individuals,I,KOR,Korea,A,Annual,D1B_I,Individuals using the internet for accessing social networking sites - last 3 m,PT_POP,Percentage of population,_Z,Not applicable,Y16T74,From 16 to 74 years,F,Female,ME,Middle level of educational attainment,_T,Total,_T,Total,2024,,57.90118391553276,,A,Normal value,,,,,0,Units,,,2,Two,F_ME,Female aged 16-74 with a middle level of educational attainment
DATAFLOW,OECD.STI.DEP:DSD_ICT_HH_IND@DF_IND(1.1),ICT Access and Usage by Individuals,I,KOR,Korea,A,Annual,D1B_I,Individuals using the internet for accessing social networking sites - last 3 m,PT_POP,Percentage of population,_Z,Not applicable,Y16T74,From 16 to 74 years,F,Female,ME,Middle level of educational attainment,_T,Total,_T,Total,2023,,61.02318534,,A,Normal value,,,,,0,Units,,,2,Two,F_ME,Female aged 16-74 with a middle level of educational attainment
DATAFLOW,OECD.STI.DEP:DSD_ICT_HH_IND@DF_IND(1.1),ICT Access and Usage by Individuals,I,KOR,Korea,A,Annual,D1B_I,Individuals using the internet for accessing social networking sites - last 3 m,PT_POP,Percentage of population,_Z,Not applicable,Y16T74,From 16 to 74 years,F,Female,HI,High level of educational attainment,_T,Total,_T,Total,2024,,80.29327258909001,,A,Normal value,,,,,0,Units,,,2,Two,F_HI,Female aged 16-74 with a high level of educational attainment
DATAFLOW,OECD.STI.DEP:DSD_ICT_HH_IND@DF_IND(1.1),ICT Access and Usage by Individuals,I,KOR,Korea,A,Annual,D1B_I,Individuals using the internet for accessing social networking sites - last 3 m,PT_POP,Percentage of population,_Z,Not applicable,Y16T74,From 16 to 74 years,F,Female,HI,High level of educational attainment,_T,Total,_T,Total,2021,,85.88818171,,A,Normal value,,,,,0,Units,,,2,Two,F_HI,Female aged 16-74 with a high level of educational attainment
DATAFLOW,OECD.STI.DEP:DSD_ICT_HH_IND@DF_IND(1.1),ICT Access and Usage by Individuals,I,KOR,Korea,A,Annual,D1B_I,Individuals using the internet for accessing social networking sites - last 3 m,PT_POP,Percentage of population,_Z,Not applicable,Y16T74,From 16 to 74 years,F,Female,HI,High level of educational attainment,_T,Total,_T,Total,2022,,87.37896064,,A,Normal value,,,,,0,Units,,,2,Two,F_HI,Female aged 16-74 with a high level of educational attainment
DATAFLOW,OECD.STI.DEP:DSD_ICT_HH_IND@DF_IND(1.1),ICT Access and Usage by Individuals,I,KOR,Korea,A,Annual,D1B_I,Individuals using the internet for accessing social networking sites - last 3 m,PT_POP,Percentage of population,_Z,Not applicable,Y16T74,From 16 to 74 years,F,Female,HI,High level of educational attainment,_T,Total,_T,Total,2023,,82.00327419,,A,Normal value,,,,,0,Units,,,2,Two,F_HI,Female aged 16-74 with a high level of educational attainment
DATAFLOW,OECD.STI.DEP:DSD_ICT_HH_IND@DF_IND(1.1),ICT Access and Usage by Individuals,I,KOR,Korea,A,Annual,D1B_I,Individuals using the internet for accessing social networking sites - last 3 m,PT_POP,Percentage of population,_Z,Not applicable,Y16T74,From 16 to 74 years,F,Female,LO,Low level of educational attainment,_T,Total,_T,Total,2023,,35.6892393,,A,Normal value,,,,,0,Units,,,2,Two,F_LO,Female aged 16-74 with no or a low level of educational attainment
DATAFLOW,OECD.STI.DEP:DSD_ICT_HH_IND@DF_IND(1.1),ICT Access and Usage by Individuals,I,KOR,Korea,A,Annual,D1B_I,Individuals using the internet for accessing social networking sites - last 3 m,PT_POP,Percentage of population,_Z,Not applicable,Y16T74,From 16 to 74 years,F,Female,LO,Low level of educational attainment,_T,Total,_T,Total,2024,,38.78973464867785,,A,Normal value,,,,,0,Units,,,2,Two,F_LO,Female aged 16-74 with no or a low level of educational attainment
DATAFLOW,OECD.STI.DEP:DSD_ICT_HH_IND@DF_IND(1.1),ICT Access and Usage by Individuals,I,KOR,Korea,A,Annual,D1B_I,Individuals using the internet for accessing social networking sites - last 3 m,PT_POP,Percentage of population,_Z,Not applicable,Y16T74,From 16 to 74 years,F,Female,LO,Low level of educational attainment,_T,Total,_T,Total,2021,,37.73758577,,A,Normal value,,,,,0,Units,,,2,Two,F_LO,Female aged 16-74 with no or a low level of educational attainment
DATAFLOW,OECD.STI.DEP:DSD_ICT_HH_IND@DF_IND(1.1),ICT Access and Usage by Individuals,I,KOR,Korea,A,Annual,D1B_I,Individuals using the internet for accessing social networking sites - last 3 m,PT_POP,Percentage of population,_Z,Not applicable,Y16T74,From 16 to 74 years,F,Female,LO,Low level of educational attainment,_T,Total,_T,Total,2022,,35.65115883,,A,Normal value,,,,,0,Units,,,2,Two,F_LO,Female aged 16-74 with no or a low level of educational attainment
DATAFLOW,OECD.STI.DEP:DSD_ICT_HH_IND@DF_IND(1.1),ICT Access and Usage by Individuals,I,KOR,Korea,A,Annual,D1B_I,Individuals using the internet for accessing social networking sites - last 3 m,PT_POP,Percentage of population,_Z,Not applicable,Y55T74,From 55 to 74 years,F,Female,_T,Total,_T,Total,_T,Total,2022,,41.65558612,,A,Normal value,,,,,0,Units,,,2,Two,F_Y55_74,Female aged 55-74
DATAFLOW,OECD.STI.DEP:DSD_ICT_HH_IND@DF_IND(1.1),ICT Access and Usage by Individuals,I,KOR,Korea,A,Annual,D1B_I,Individuals using the internet for accessing social networking sites - last 3 m,PT_POP,Percentage of population,_Z,Not applicable,Y55T74,From 55 to 74 years,F,Female,_T,Total,_T,Total,_T,Total,2021,,38.99080224,,A,Normal value,,,,,0,Units,,,2,Two,F_Y55_74,Female aged 55-74
DATAFLOW,OECD.STI.DEP:DSD_ICT_HH_IND@DF_IND(1.1),ICT Access and Usage by Individuals,I,KOR,Korea,A,Annual,D1B_I,Individuals using the internet for accessing social networking sites - last 3 m,PT_POP,Percentage of population,_Z,Not applicable,Y55T74,From 55 to 74 years,F,Female,_T,Total,_T,Total,_T,Total,2024,,42.25361214121516,,A,Normal value,,,,,0,Units,,,2,Two,F_Y55_74,Female aged 55-74
DATAFLOW,OECD.STI.DEP:DSD_ICT_HH_IND@DF_IND(1.1),ICT Access and Usage by Individuals,I,KOR,Korea,A,Annual,D1B_I,Individuals using the internet for accessing social networking sites - last 3 m,PT_POP,Percentage of population,_Z,Not applicable,Y55T74,From 55 to 74 years,F,Female,_T,Total,_T,Total,_T,Total,2023,,40.78988855,,A,Normal value,,,,,0,Units,,,2,Two,F_Y55_74,Female aged 55-74
DATAFLOW,OECD.STI.DEP:DSD_ICT_HH_IND@DF_IND(1.1),ICT Access and Usage by Individuals,I,KOR,Korea,A,Annual,D1B_I,Individuals using the internet for accessing social networking sites - last 3 m,PT_POP,Percentage of population,_Z,Not applicable,Y16T24,From 16 to 24 years,F,Female,_T,Total,_T,Total,_T,Total,2022,,91.35593754,,A,Normal value,,,,,0,Units,,,2,Two,F_Y16_24,Female aged 16-24
DATAFLOW,OECD.STI.DEP:DSD_ICT_HH_IND@DF_IND(1.1),ICT Access and Usage by Individuals,I,KOR,Korea,A,Annual,D1B_I,Individuals using the internet for accessing social networking sites - last 3 m,PT_POP,Percentage of population,_Z,Not applicable,Y16T24,From 16 to 24 years,F,Female,_T,Total,_T,Total,_T,Total,2021,,93.96444775,,A,Normal value,,,,,0,Units,,,2,Two,F_Y16_24,Female aged 16-24
DATAFLOW,OECD.STI.DEP:DSD_ICT_HH_IND@DF_IND(1.1),ICT Access and Usage by Individuals,I,KOR,Korea,A,Annual,D1B_I,Individuals using the internet for accessing social networking sites - last 3 m,PT_POP,Percentage of population,_Z,Not applicable,Y16T24,From 16 to 24 years,F,Female,_T,Total,_T,Total,_T,Total,2024,,88.74892047866012,,A,Normal value,,,,,0,Units,,,2,Two,F_Y16_24,Female aged 16-24
DATAFLOW,OECD.STI.DEP:DSD_ICT_HH_IND@DF_IND(1.1),ICT Access and Usage by Individuals,I,KOR,Korea,A,Annual,D1B_I,Individuals using the internet for accessing social networking sites - last 3 m,PT_POP,Percentage of population,_Z,Not applicable,Y16T24,From 16 to 24 years,F,Female,_T,Total,_T,Total,_T,Total,2023,,90.91478375,,A,Normal value,,,,,0,Units,,,2,Two,F_Y16_24,Female aged 16-24
DATAFLOW,OECD.STI.DEP:DSD_ICT_HH_IND@DF_IND(1.1),ICT Access and Usage by Individuals,I,KOR,Korea,A,Annual,D1B_I,Individuals using the internet for accessing social networking sites - last 3 m,PT_POP,Percentage of population,_Z,Not applicable,Y16T24,From 16 to 24 years,M,Male,_T,Total,_T,Total,_T,Total,2022,,88.3903257,,A,Normal value,,,,,0,Units,,,2,Two,M_Y16_24,Male aged 16-24
DATAFLOW,OECD.STI.DEP:DSD_ICT_HH_IND@DF_IND(1.1),ICT Access and Usage by Individuals,I,KOR,Korea,A,Annual,D1B_I,Individuals using the internet for accessing social networking sites - last 3 m,PT_POP,Percentage of population,_Z,Not applicable,Y16T24,From 16 to 24 years,M,Male,_T,Total,_T,Total,_T,Total,2024,,86.54927537407644,,A,Normal value,,,,,0,Units,,,2,Two,M_Y16_24,Male aged 16-24
DATAFLOW,OECD.STI.DEP:DSD_ICT_HH_IND@DF_IND(1.1),ICT Access and Usage by Individuals,I,KOR,Korea,A,Annual,D1B_I,Individuals using the internet for accessing social networking sites - last 3 m,PT_POP,Percentage of population,_Z,Not applicable,Y16T24,From 16 to 24 years,M,Male,_T,Total,_T,Total,_T,Total,2021,,90.40625651,,A,Normal value,,,,,0,Units,,,2,Two,M_Y16_24,Male aged 16-24
DATAFLOW,OECD.STI.DEP:DSD_ICT_HH_IND@DF_IND(1.1),ICT Access and Usage by Individuals,I,KOR,Korea,A,Annual,D1B_I,Individuals using the internet for accessing social networking sites - last 3 m,PT_POP,Percentage of population,_Z,Not applicable,Y16T24,From 16 to 24 years,M,Male,_T,Total,_T,Total,_T,Total,2023,,88.76618149,,A,Normal value,,,,,0,Units,,,2,Two,M_Y16_24,Male aged 16-24
DATAFLOW,OECD.STI.DEP:DSD_ICT_HH_IND@DF_IND(1.1),ICT Access and Usage by Individuals,I,KOR,Korea,A,Annual,D1B_I,Individuals using the internet for accessing social networking sites - last 3 m,PT_POP,Percentage of population,_Z,Not applicable,Y25T54,From 25 to 54 years,F,Female,_T,Total,_T,Total,_T,Total,2022,,82.86846554,,A,Normal value,,,,,0,Units,,,2,Two,F_Y25_54,Female aged 25-54
DATAFLOW,OECD.STI.DEP:DSD_ICT_HH_IND@DF_IND(1.1),ICT Access and Usage by Individuals,I,KOR,Korea,A,Annual,D1B_I,Individuals using the internet for accessing social networking sites - last 3 m,PT_POP,Percentage of population,_Z,Not applicable,Y25T54,From 25 to 54 years,F,Female,_T,Total,_T,Total,_T,Total,2021,,82.27158817,,A,Normal value,,,,,0,Units,,,2,Two,F_Y25_54,Female aged 25-54
DATAFLOW,OECD.STI.DEP:DSD_ICT_HH_IND@DF_IND(1.1),ICT Access and Usage by Individuals,I,KOR,Korea,A,Annual,D1B_I,Individuals using the internet for accessing social networking sites - last 3 m,PT_POP,Percentage of population,_Z,Not applicable,Y25T54,From 25 to 54 years,F,Female,_T,Total,_T,Total,_T,Total,2024,,78.70691186656137,,A,Normal value,,,,,0,Units,,,2,Two,F_Y25_54,Female aged 25-54
DATAFLOW,OECD.STI.DEP:DSD_ICT_HH_IND@DF_IND(1.1),ICT Access and Usage by Individuals,I,KOR,Korea,A,Annual,D1B_I,Individuals using the internet for accessing social networking sites - last 3 m,PT_POP,Percentage of population,_Z,Not applicable,Y25T54,From 25 to 54 years,F,Female,_T,Total,_T,Total,_T,Total,2023,,79.31261872,,A,Normal value,,,,,0,Units,,,2,Two,F_Y25_54,Female aged 25-54
DATAFLOW,OECD.STI.DEP:DSD_ICT_HH_IND@DF_IND(1.1),ICT Access and Usage by Individuals,I,KOR,Korea,A,Annual,D1B_I,Individuals using the internet for accessing social networking sites - last 3 m,PT_POP,Percentage of population,_Z,Not applicable,Y25T54,From 25 to 54 years,M,Male,_T,Total,_T,Total,_T,Total,2022,,82.37864269,,A,Normal value,,,,,0,Units,,,2,Two,M_Y25_54,Male aged 25-54
DATAFLOW,OECD.STI.DEP:DSD_ICT_HH_IND@DF_IND(1.1),ICT Access and Usage by Individuals,I,KOR,Korea,A,Annual,D1B_I,Individuals using the internet for accessing social networking sites - last 3 m,PT_POP,Percentage of population,_Z,Not applicable,Y25T54,From 25 to 54 years,M,Male,_T,Total,_T,Total,_T,Total,2021,,79.01657166,,A,Normal value,,,,,0,Units,,,2,Two,M_Y25_54,Male aged 25-54
DATAFLOW,OECD.STI.DEP:DSD_ICT_HH_IND@DF_IND(1.1),ICT Access and Usage by Individuals,I,KOR,Korea,A,Annual,D1B_I,Individuals using the internet for accessing social networking sites - last 3 m,PT_POP,Percentage of population,_Z,Not applicable,Y25T54,From 25 to 54 years,M,Male,_T,Total,_T,Total,_T,Total,2024,,75.68187134892881,,A,Normal value,,,,,0,Units,,,2,Two,M_Y25_54,Male aged 25-54
DATAFLOW,OECD.STI.DEP:DSD_ICT_HH_IND@DF_IND(1.1),ICT Access and Usage by Individuals,I,KOR,Korea,A,Annual,D1B_I,Individuals using the internet for accessing social networking sites - last 3 m,PT_POP,Percentage of population,_Z,Not applicable,Y25T54,From 25 to 54 years,M,Male,_T,Total,_T,Total,_T,Total,2023,,77.20628737,,A,Normal value,,,,,0,Units,,,2,Two,M_Y25_54,Male aged 25-54
DATAFLOW,OECD.STI.DEP:DSD_ICT_HH_IND@DF_IND(1.1),ICT Access and Usage by Individuals,I,KOR,Korea,A,Annual,D1B_I,Individuals using the internet for accessing social networking sites - last 3 m,PT_POP,Percentage of population,_Z,Not applicable,Y55T74,From 55 to 74 years,M,Male,_T,Total,_T,Total,_T,Total,2023,,44.33597749,,A,Normal value,,,,,0,Units,,,2,Two,M_Y55_74,Male aged 55-74
DATAFLOW,OECD.STI.DEP:DSD_ICT_HH_IND@DF_IND(1.1),ICT Access and Usage by Individuals,I,KOR,Korea,A,Annual,D1B_I,Individuals using the internet for accessing social networking sites - last 3 m,PT_POP,Percentage of population,_Z,Not applicable,Y55T74,From 55 to 74 years,M,Male,_T,Total,_T,Total,_T,Total,2024,,43.964631313116406,,A,Normal value,,,,,0,Units,,,2,Two,M_Y55_74,Male aged 55-74
DATAFLOW,OECD.STI.DEP:DSD_ICT_HH_IND@DF_IND(1.1),ICT Access and Usage by Individuals,I,KOR,Korea,A,Annual,D1B_I,Individuals using the internet for accessing social networking sites - last 3 m,PT_POP,Percentage of population,_Z,Not applicable,Y55T74,From 55 to 74 years,M,Male,_T,Total,_T,Total,_T,Total,2021,,43.03031114,,A,Normal value,,,,,0,Units,,,2,Two,M_Y55_74,Male aged 55-74
DATAFLOW,OECD.STI.DEP:DSD_ICT_HH_IND@DF_IND(1.1),ICT Access and Usage by Individuals,I,KOR,Korea,A,Annual,D1B_I,Individuals using the internet for accessing social networking sites - last 3 m,PT_POP,Percentage of population,_Z,Not applicable,Y55T74,From 55 to 74 years,M,Male,_T,Total,_T,Total,_T,Total,2022,,43.17204736,,A,Normal value,,,,,0,Units,,,2,Two,M_Y55_74,Male aged 55-74
DATAFLOW,OECD.STI.DEP:DSD_ICT_HH_IND@DF_IND(1.1),ICT Access and Usage by Individuals,I,KOR,Korea,A,Annual,D1B_I,Individuals using the internet for accessing social networking sites - last 3 m,PT_POP,Percentage of population,_Z,Not applicable,Y_GE75,75 years or over,_T,Total,_T,Total,_T,Total,_T,Total,2021,,7.276201242,,A,Normal value,,,,,0,Units,,,2,Two,Y75_MAX,Individuals aged 75 and over
DATAFLOW,OECD.STI.DEP:DSD_ICT_HH_IND@DF_IND(1.1),ICT Access and Usage by Individuals,I,KOR,Korea,A,Annual,D1B_I,Individuals using the internet for accessing social networking sites - last 3 m,PT_POP,Percentage of population,_Z,Not applicable,Y_GE75,75 years or over,_T,Total,_T,Total,_T,Total,_T,Total,2022,,8.603116381,,A,Normal value,,,,,0,Units,,,2,Two,Y75_MAX,Individuals aged 75 and over
DATAFLOW,OECD.STI.DEP:DSD_ICT_HH_IND@DF_IND(1.1),ICT Access and Usage by Individuals,I,KOR,Korea,A,Annual,D1B_I,Individuals using the internet for accessing social networking sites - last 3 m,PT_POP,Percentage of population,_Z,Not applicable,Y_GE75,75 years or over,_T,Total,_T,Total,_T,Total,_T,Total,2023,,11.39091674,,A,Normal value,,,,,0,Units,,,2,Two,Y75_MAX,Individuals aged 75 and over
DATAFLOW,OECD.STI.DEP:DSD_ICT_HH_IND@DF_IND(1.1),ICT Access and Usage by Individuals,I,KOR,Korea,A,Annual,D1B_I,Individuals using the internet for accessing social networking sites - last 3 m,PT_POP,Percentage of population,_Z,Not applicable,Y_GE75,75 years or over,_T,Total,_T,Total,_T,Total,_T,Total,2024,,11.37595024183533,,A,Normal value,,,,,0,Units,,,2,Two,Y75_MAX,Individuals aged 75 and over
DATAFLOW,OECD.STI.DEP:DSD_ICT_HH_IND@DF_IND(1.1),ICT Access and Usage by Individuals,I,KOR,Korea,A,Annual,D1B_I,Individuals using the internet for accessing social networking sites - last 3 m,PT_POP,Percentage of population,_Z,Not applicable,Y16T24,From 16 to 24 years,_T,Total,HI,High level of educational attainment,_T,Total,_T,Total,2021,,93.76149101,,A,Normal value,,,,,0,Units,,,2,Two,Y16_24HI,Individuals aged 16-24 with a high level of educational attainment
DATAFLOW,OECD.STI.DEP:DSD_ICT_HH_IND@DF_IND(1.1),ICT Access and Usage by Individuals,I,KOR,Korea,A,Annual,D1B_I,Individuals using the internet for accessing social networking sites - last 3 m,PT_POP,Percentage of population,_Z,Not applicable,Y16T24,From 16 to 24 years,_T,Total,HI,High level of educational attainment,_T,Total,_T,Total,2022,,97.93283416,,A,Normal value,,,,,0,Units,,,2,Two,Y16_24HI,Individuals aged 16-24 with a high level of educational attainment
DATAFLOW,OECD.STI.DEP:DSD_ICT_HH_IND@DF_IND(1.1),ICT Access and Usage by Individuals,I,KOR,Korea,A,Annual,D1B_I,Individuals using the internet for accessing social networking sites - last 3 m,PT_POP,Percentage of population,_Z,Not applicable,Y16T24,From 16 to 24 years,_T,Total,HI,High level of educational attainment,_T,Total,_T,Total,2023,,92.96879725,,A,Normal value,,,,,0,Units,,,2,Two,Y16_24HI,Individuals aged 16-24 with a high level of educational attainment
DATAFLOW,OECD.STI.DEP:DSD_ICT_HH_IND@DF_IND(1.1),ICT Access and Usage by Individuals,I,KOR,Korea,A,Annual,D1B_I,Individuals using the internet for accessing social networking sites - last 3 m,PT_POP,Percentage of population,_Z,Not applicable,Y16T24,From 16 to 24 years,_T,Total,HI,High level of educational attainment,_T,Total,_T,Total,2024,,88.26184138744358,,A,Normal value,,,,,0,Units,,,2,Two,Y16_24HI,Individuals aged 16-24 with a high level of educational attainment
DATAFLOW,OECD.STI.DEP:DSD_ICT_HH_IND@DF_IND(1.1),ICT Access and Usage by Individuals,I,KOR,Korea,A,Annual,D1B_I,Individuals using the internet for accessing social networking sites - last 3 m,PT_POP,Percentage of population,_Z,Not applicable,Y16T24,From 16 to 24 years,_T,Total,LO,Low level of educational attainment,_T,Total,_T,Total,2022,,77.36297527,,A,Normal value,,,,,0,Units,,,2,Two,Y16_24LO,Individuals aged 16-24 with no or a low level of educational attainment
DATAFLOW,OECD.STI.DEP:DSD_ICT_HH_IND@DF_IND(1.1),ICT Access and Usage by Individuals,I,KOR,Korea,A,Annual,D1B_I,Individuals using the internet for accessing social networking sites - last 3 m,PT_POP,Percentage of population,_Z,Not applicable,Y16T24,From 16 to 24 years,_T,Total,LO,Low level of educational attainment,_T,Total,_T,Total,2024,,82.61694385119885,,A,Normal value,,,,,0,Units,,,2,Two,Y16_24LO,Individuals aged 16-24 with no or a low level of educational attainment
DATAFLOW,OECD.STI.DEP:DSD_ICT_HH_IND@DF_IND(1.1),ICT Access and Usage by Individuals,I,KOR,Korea,A,Annual,D1B_I,Individuals using the internet for accessing social networking sites - last 3 m,PT_POP,Percentage of population,_Z,Not applicable,Y16T24,From 16 to 24 years,_T,Total,LO,Low level of educational attainment,_T,Total,_T,Total,2021,,86.85792174,,A,Normal value,,,,,0,Units,,,2,Two,Y16_24LO,Individuals aged 16-24 with no or a low level of educational attainment
DATAFLOW,OECD.STI.DEP:DSD_ICT_HH_IND@DF_IND(1.1),ICT Access and Usage by Individuals,I,KOR,Korea,A,Annual,D1B_I,Individuals using the internet for accessing social networking sites - last 3 m,PT_POP,Percentage of population,_Z,Not applicable,Y16T24,From 16 to 24 years,_T,Total,LO,Low level of educational attainment,_T,Total,_T,Total,2023,,84.38477008,,A,Normal value,,,,,0,Units,,,2,Two,Y16_24LO,Individuals aged 16-24 with no or a low level of educational attainment
DATAFLOW,OECD.STI.DEP:DSD_ICT_HH_IND@DF_IND(1.1),ICT Access and Usage by Individuals,I,KOR,Korea,A,Annual,D1B_I,Individuals using the internet for accessing social networking sites - last 3 m,PT_POP,Percentage of population,_Z,Not applicable,Y16T24,From 16 to 24 years,_T,Total,ME,Middle level of educational attainment,_T,Total,_T,Total,2022,,93.18865062,,A,Normal value,,,,,0,Units,,,2,Two,Y16_24ME,Individuals aged 16-24 with a middle level of educational attainment
DATAFLOW,OECD.STI.DEP:DSD_ICT_HH_IND@DF_IND(1.1),ICT Access and Usage by Individuals,I,KOR,Korea,A,Annual,D1B_I,Individuals using the internet for accessing social networking sites - last 3 m,PT_POP,Percentage of population,_Z,Not applicable,Y16T24,From 16 to 24 years,_T,Total,ME,Middle level of educational attainment,_T,Total,_T,Total,2021,,93.87542689,,A,Normal value,,,,,0,Units,,,2,Two,Y16_24ME,Individuals aged 16-24 with a middle level of educational attainment
DATAFLOW,OECD.STI.DEP:DSD_ICT_HH_IND@DF_IND(1.1),ICT Access and Usage by Individuals,I,KOR,Korea,A,Annual,D1B_I,Individuals using the internet for accessing social networking sites - last 3 m,PT_POP,Percentage of population,_Z,Not applicable,Y16T24,From 16 to 24 years,_T,Total,ME,Middle level of educational attainment,_T,Total,_T,Total,2024,,89.66336395750756,,A,Normal value,,,,,0,Units,,,2,Two,Y16_24ME,Individuals aged 16-24 with a middle level of educational attainment
DATAFLOW,OECD.STI.DEP:DSD_ICT_HH_IND@DF_IND(1.1),ICT Access and Usage by Individuals,I,KOR,Korea,A,Annual,D1B_I,Individuals using the internet for accessing social networking sites - last 3 m,PT_POP,Percentage of population,_Z,Not applicable,Y16T24,From 16 to 24 years,_T,Total,ME,Middle level of educational attainment,_T,Total,_T,Total,2023,,91.60420145,,A,Normal value,,,,,0,Units,,,2,Two,Y16_24ME,Individuals aged 16-24 with a middle level of educational attainment
DATAFLOW,OECD.STI.DEP:DSD_ICT_HH_IND@DF_IND(1.1),ICT Access and Usage by Individuals,I,KOR,Korea,A,Annual,D1B_I,Individuals using the internet for accessing social networking sites - last 3 m,PT_POP,Percentage of population,_Z,Not applicable,Y16T24,From 16 to 24 years,_T,Total,_T,Total,_T,Total,_T,Total,2022,,89.77096349,,A,Normal value,,,,,0,Units,,,2,Two,Y16_24,Individuals aged 16-24
DATAFLOW,OECD.STI.DEP:DSD_ICT_HH_IND@DF_IND(1.1),ICT Access and Usage by Individuals,I,KOR,Korea,A,Annual,D1B_I,Individuals using the internet for accessing social networking sites - last 3 m,PT_POP,Percentage of population,_Z,Not applicable,Y16T24,From 16 to 24 years,_T,Total,_T,Total,_T,Total,_T,Total,2021,,92.03264793,,A,Normal value,,,,,0,Units,,,2,Two,Y16_24,Individuals aged 16-24
DATAFLOW,OECD.STI.DEP:DSD_ICT_HH_IND@DF_IND(1.1),ICT Access and Usage by Individuals,I,KOR,Korea,A,Annual,D1B_I,Individuals using the internet for accessing social networking sites - last 3 m,PT_POP,Percentage of population,_Z,Not applicable,Y16T24,From 16 to 24 years,_T,Total,_T,Total,_T,Total,_T,Total,2024,,87.6095594923932,,A,Normal value,,,,,0,Units,,,2,Two,Y16_24,Individuals aged 16-24
DATAFLOW,OECD.STI.DEP:DSD_ICT_HH_IND@DF_IND(1.1),ICT Access and Usage by Individuals,I,KOR,Korea,A,Annual,D1B_I,Individuals using the internet for accessing social networking sites - last 3 m,PT_POP,Percentage of population,_Z,Not applicable,Y16T24,From 16 to 24 years,_T,Total,_T,Total,_T,Total,_T,Total,2023,,89.75396825,,A,Normal value,,,,,0,Units,,,2,Two,Y16_24,Individuals aged 16-24
DATAFLOW,OECD.STI.DEP:DSD_ICT_HH_IND@DF_IND(1.1),ICT Access and Usage by Individuals,I,KOR,Korea,A,Annual,D1B_I,Individuals using the internet for accessing social networking sites - last 3 m,PT_POP,Percentage of population,_Z,Not applicable,Y55T74,From 55 to 74 years,_T,Total,HI,High level of educational attainment,_T,Total,_T,Total,2022,,59.82733285,,A,Normal value,,,,,0,Units,,,2,Two,Y55_74HI,Individuals aged 55-74 with a high level of educational attainment
DATAFLOW,OECD.STI.DEP:DSD_ICT_HH_IND@DF_IND(1.1),ICT Access and Usage by Individuals,I,KOR,Korea,A,Annual,D1B_I,Individuals using the internet for accessing social networking sites - last 3 m,PT_POP,Percentage of population,_Z,Not applicable,Y55T74,From 55 to 74 years,_T,Total,HI,High level of educational attainment,_T,Total,_T,Total,2021,,60.20738135,,A,Normal value,,,,,0,Units,,,2,Two,Y55_74HI,Individuals aged 55-74 with a high level of educational attainment
DATAFLOW,OECD.STI.DEP:DSD_ICT_HH_IND@DF_IND(1.1),ICT Access and Usage by Individuals,I,KOR,Korea,A,Annual,D1B_I,Individuals using the internet for accessing social networking sites - last 3 m,PT_POP,Percentage of population,_Z,Not applicable,Y55T74,From 55 to 74 years,_T,Total,HI,High level of educational attainment,_T,Total,_T,Total,2024,,59.009321644008864,,A,Normal value,,,,,0,Units,,,2,Two,Y55_74HI,Individuals aged 55-74 with a high level of educational attainment
DATAFLOW,OECD.STI.DEP:DSD_ICT_HH_IND@DF_IND(1.1),ICT Access and Usage by Individuals,I,KOR,Korea,A,Annual,D1B_I,Individuals using the internet for accessing social networking sites - last 3 m,PT_POP,Percentage of population,_Z,Not applicable,Y55T74,From 55 to 74 years,_T,Total,HI,High level of educational attainment,_T,Total,_T,Total,2023,,58.25688421,,A,Normal value,,,,,0,Units,,,2,Two,Y55_74HI,Individuals aged 55-74 with a high level of educational attainment
DATAFLOW,OECD.STI.DEP:DSD_ICT_HH_IND@DF_IND(1.1),ICT Access and Usage by Individuals,I,KOR,Korea,A,Annual,D1B_I,Individuals using the internet for accessing social networking sites - last 3 m,PT_POP,Percentage of population,_Z,Not applicable,Y55T74,From 55 to 74 years,_T,Total,ME,Middle level of educational attainment,_T,Total,_T,Total,2023,,45.72822937,,A,Normal value,,,,,0,Units,,,2,Two,Y55_74ME,Individuals aged 55-74 with a middle level of educational attainment
DATAFLOW,OECD.STI.DEP:DSD_ICT_HH_IND@DF_IND(1.1),ICT Access and Usage by Individuals,I,KOR,Korea,A,Annual,D1B_I,Individuals using the internet for accessing social networking sites - last 3 m,PT_POP,Percentage of population,_Z,Not applicable,Y55T74,From 55 to 74 years,_T,Total,ME,Middle level of educational attainment,_T,Total,_T,Total,2024,,42.91543924452662,,A,Normal value,,,,,0,Units,,,2,Two,Y55_74ME,Individuals aged 55-74 with a middle level of educational attainment
DATAFLOW,OECD.STI.DEP:DSD_ICT_HH_IND@DF_IND(1.1),ICT Access and Usage by Individuals,I,KOR,Korea,A,Annual,D1B_I,Individuals using the internet for accessing social networking sites - last 3 m,PT_POP,Percentage of population,_Z,Not applicable,Y55T74,From 55 to 74 years,_T,Total,ME,Middle level of educational attainment,_T,Total,_T,Total,2021,,46.63463338,,A,Normal value,,,,,0,Units,,,2,Two,Y55_74ME,Individuals aged 55-74 with a middle level of educational attainment
DATAFLOW,OECD.STI.DEP:DSD_ICT_HH_IND@DF_IND(1.1),ICT Access and Usage by Individuals,I,KOR,Korea,A,Annual,D1B_I,Individuals using the internet for accessing social networking sites - last 3 m,PT_POP,Percentage of population,_Z,Not applicable,Y55T74,From 55 to 74 years,_T,Total,ME,Middle level of educational attainment,_T,Total,_T,Total,2022,,46.52120707,,A,Normal value,,,,,0,Units,,,2,Two,Y55_74ME,Individuals aged 55-74 with a middle level of educational attainment
DATAFLOW,OECD.STI.DEP:DSD_ICT_HH_IND@DF_IND(1.1),ICT Access and Usage by Individuals,I,KOR,Korea,A,Annual,D1B_I,Individuals using the internet for accessing social networking sites - last 3 m,PT_POP,Percentage of population,_Z,Not applicable,Y55T74,From 55 to 74 years,_T,Total,LO,Low level of educational attainment,_T,Total,_T,Total,2022,,25.30352547,,A,Normal value,,,,,0,Units,,,2,Two,Y55_74LO,Individuals aged 55-74 with no or a low level of educational attainment
DATAFLOW,OECD.STI.DEP:DSD_ICT_HH_IND@DF_IND(1.1),ICT Access and Usage by Individuals,I,KOR,Korea,A,Annual,D1B_I,Individuals using the internet for accessing social networking sites - last 3 m,PT_POP,Percentage of population,_Z,Not applicable,Y55T74,From 55 to 74 years,_T,Total,LO,Low level of educational attainment,_T,Total,_T,Total,2024,,23.03943789537959,,A,Normal value,,,,,0,Units,,,2,Two,Y55_74LO,Individuals aged 55-74 with no or a low level of educational attainment
DATAFLOW,OECD.STI.DEP:DSD_ICT_HH_IND@DF_IND(1.1),ICT Access and Usage by Individuals,I,KOR,Korea,A,Annual,D1B_I,Individuals using the internet for accessing social networking sites - last 3 m,PT_POP,Percentage of population,_Z,Not applicable,Y55T74,From 55 to 74 years,_T,Total,LO,Low level of educational attainment,_T,Total,_T,Total,2021,,21.03627484,,A,Normal value,,,,,0,Units,,,2,Two,Y55_74LO,Individuals aged 55-74 with no or a low level of educational attainment
DATAFLOW,OECD.STI.DEP:DSD_ICT_HH_IND@DF_IND(1.1),ICT Access and Usage by Individuals,I,KOR,Korea,A,Annual,D1B_I,Individuals using the internet for accessing social networking sites - last 3 m,PT_POP,Percentage of population,_Z,Not applicable,Y55T74,From 55 to 74 years,_T,Total,LO,Low level of educational attainment,_T,Total,_T,Total,2023,,23.17603953,,A,Normal value,,,,,0,Units,,,2,Two,Y55_74LO,Individuals aged 55-74 with no or a low level of educational attainment
DATAFLOW,OECD.STI.DEP:DSD_ICT_HH_IND@DF_IND(1.1),ICT Access and Usage by Individuals,I,KOR,Korea,A,Annual,D1B_I,Individuals using the internet for accessing social networking sites - last 3 m,PT_POP,Percentage of population,_Z,Not applicable,Y55T74,From 55 to 74 years,_T,Total,_T,Total,_T,Total,_T,Total,2024,,43.08907776611829,,A,Normal value,,,,,0,Units,,,2,Two,Y55_74,Individuals aged 55-74
DATAFLOW,OECD.STI.DEP:DSD_ICT_HH_IND@DF_IND(1.1),ICT Access and Usage by Individuals,I,KOR,Korea,A,Annual,D1B_I,Individuals using the internet for accessing social networking sites - last 3 m,PT_POP,Percentage of population,_Z,Not applicable,Y55T74,From 55 to 74 years,_T,Total,_T,Total,_T,Total,_T,Total,2021,,40.96623423,,A,Normal value,,,,,0,Units,,,2,Two,Y55_74,Individuals aged 55-74
DATAFLOW,OECD.STI.DEP:DSD_ICT_HH_IND@DF_IND(1.1),ICT Access and Usage by Individuals,I,KOR,Korea,A,Annual,D1B_I,Individuals using the internet for accessing social networking sites - last 3 m,PT_POP,Percentage of population,_Z,Not applicable,Y55T74,From 55 to 74 years,_T,Total,_T,Total,_T,Total,_T,Total,2022,,42.39040221,,A,Normal value,,,,,0,Units,,,2,Two,Y55_74,Individuals aged 55-74
DATAFLOW,OECD.STI.DEP:DSD_ICT_HH_IND@DF_IND(1.1),ICT Access and Usage by Individuals,I,KOR,Korea,A,Annual,D1B_I,Individuals using the internet for accessing social networking sites - last 3 m,PT_POP,Percentage of population,_Z,Not applicable,Y55T74,From 55 to 74 years,_T,Total,_T,Total,_T,Total,_T,Total,2023,,42.493355,,A,Normal value,,,,,0,Units,,,2,Two,Y55_74,Individuals aged 55-74
DATAFLOW,OECD.STI.DEP:DSD_ICT_HH_IND@DF_IND(1.1),ICT Access and Usage by Individuals,I,KOR,Korea,A,Annual,D1B_I,Individuals using the internet for accessing social networking sites - last 3 m,PT_POP,Percentage of population,_Z,Not applicable,Y25T54,From 25 to 54 years,_T,Total,_T,Total,_T,Total,_T,Total,2024,,77.13109442614716,,A,Normal value,,,,,0,Units,,,2,Two,Y25_54,Individuals aged 25-54
DATAFLOW,OECD.STI.DEP:DSD_ICT_HH_IND@DF_IND(1.1),ICT Access and Usage by Individuals,I,KOR,Korea,A,Annual,D1B_I,Individuals using the internet for accessing social networking sites - last 3 m,PT_POP,Percentage of population,_Z,Not applicable,Y25T54,From 25 to 54 years,_T,Total,_T,Total,_T,Total,_T,Total,2021,,80.60269202,,A,Normal value,,,,,0,Units,,,2,Two,Y25_54,Individuals aged 25-54
DATAFLOW,OECD.STI.DEP:DSD_ICT_HH_IND@DF_IND(1.1),ICT Access and Usage by Individuals,I,KOR,Korea,A,Annual,D1B_I,Individuals using the internet for accessing social networking sites - last 3 m,PT_POP,Percentage of population,_Z,Not applicable,Y25T54,From 25 to 54 years,_T,Total,_T,Total,_T,Total,_T,Total,2022,,82.61635149,,A,Normal value,,,,,0,Units,,,2,Two,Y25_54,Individuals aged 25-54
DATAFLOW,OECD.STI.DEP:DSD_ICT_HH_IND@DF_IND(1.1),ICT Access and Usage by Individuals,I,KOR,Korea,A,Annual,D1B_I,Individuals using the internet for accessing social networking sites - last 3 m,PT_POP,Percentage of population,_Z,Not applicable,Y25T54,From 25 to 54 years,_T,Total,_T,Total,_T,Total,_T,Total,2023,,78.22666541,,A,Normal value,,,,,0,Units,,,2,Two,Y25_54,Individuals aged 25-54
DATAFLOW,OECD.STI.DEP:DSD_ICT_HH_IND@DF_IND(1.1),ICT Access and Usage by Individuals,I,KOR,Korea,A,Annual,D1B_I,Individuals using the internet for accessing social networking sites - last 3 m,PT_POP,Percentage of population,_Z,Not applicable,Y25T54,From 25 to 54 years,_T,Total,HI,High level of educational attainment,_T,Total,_T,Total,2023,,81.41707697,,A,Normal value,,,,,0,Units,,,2,Two,Y25_54HI,Individuals aged 25-54 with a high level of educational attainment
DATAFLOW,OECD.STI.DEP:DSD_ICT_HH_IND@DF_IND(1.1),ICT Access and Usage by Individuals,I,KOR,Korea,A,Annual,D1B_I,Individuals using the internet for accessing social networking sites - last 3 m,PT_POP,Percentage of population,_Z,Not applicable,Y25T54,From 25 to 54 years,_T,Total,HI,High level of educational attainment,_T,Total,_T,Total,2024,,80.10548319236082,,A,Normal value,,,,,0,Units,,,2,Two,Y25_54HI,Individuals aged 25-54 with a high level of educational attainment
DATAFLOW,OECD.STI.DEP:DSD_ICT_HH_IND@DF_IND(1.1),ICT Access and Usage by Individuals,I,KOR,Korea,A,Annual,D1B_I,Individuals using the internet for accessing social networking sites - last 3 m,PT_POP,Percentage of population,_Z,Not applicable,Y25T54,From 25 to 54 years,_T,Total,HI,High level of educational attainment,_T,Total,_T,Total,2021,,84.60797187,,A,Normal value,,,,,0,Units,,,2,Two,Y25_54HI,Individuals aged 25-54 with a high level of educational attainment
DATAFLOW,OECD.STI.DEP:DSD_ICT_HH_IND@DF_IND(1.1),ICT Access and Usage by Individuals,I,KOR,Korea,A,Annual,D1B_I,Individuals using the internet for accessing social networking sites - last 3 m,PT_POP,Percentage of population,_Z,Not applicable,Y25T54,From 25 to 54 years,_T,Total,HI,High level of educational attainment,_T,Total,_T,Total,2022,,87.33782628,,A,Normal value,,,,,0,Units,,,2,Two,Y25_54HI,Individuals aged 25-54 with a high level of educational attainment
DATAFLOW,OECD.STI.DEP:DSD_ICT_HH_IND@DF_IND(1.1),ICT Access and Usage by Individuals,I,KOR,Korea,A,Annual,D1B_I,Individuals using the internet for accessing social networking sites - last 3 m,PT_POP,Percentage of population,_Z,Not applicable,Y25T54,From 25 to 54 years,_T,Total,LO,Low level of educational attainment,_T,Total,_T,Total,2022,,46.2921519,,A,Normal value,,,,,0,Units,,,2,Two,Y25_54LO,Individuals aged 25-54 with no or a low level of educational attainment
DATAFLOW,OECD.STI.DEP:DSD_ICT_HH_IND@DF_IND(1.1),ICT Access and Usage by Individuals,I,KOR,Korea,A,Annual,D1B_I,Individuals using the internet for accessing social networking sites - last 3 m,PT_POP,Percentage of population,_Z,Not applicable,Y25T54,From 25 to 54 years,_T,Total,LO,Low level of educational attainment,_T,Total,_T,Total,2024,,43.16235692280375,,A,Normal value,,,,,0,Units,,,2,Two,Y25_54LO,Individuals aged 25-54 with no or a low level of educational attainment
DATAFLOW,OECD.STI.DEP:DSD_ICT_HH_IND@DF_IND(1.1),ICT Access and Usage by Individuals,I,KOR,Korea,A,Annual,D1B_I,Individuals using the internet for accessing social networking sites - last 3 m,PT_POP,Percentage of population,_Z,Not applicable,Y25T54,From 25 to 54 years,_T,Total,LO,Low level of educational attainment,_T,Total,_T,Total,2021,,46.59296048,,A,Normal value,,,,,0,Units,,,2,Two,Y25_54LO,Individuals aged 25-54 with no or a low level of educational attainment
DATAFLOW,OECD.STI.DEP:DSD_ICT_HH_IND@DF_IND(1.1),ICT Access and Usage by Individuals,I,KOR,Korea,A,Annual,D1B_I,Individuals using the internet for accessing social networking sites - last 3 m,PT_POP,Percentage of population,_Z,Not applicable,Y25T54,From 25 to 54 years,_T,Total,LO,Low level of educational attainment,_T,Total,_T,Total,2023,,60.75399798,,A,Normal value,,,,,0,Units,,,2,Two,Y25_54LO,Individuals aged 25-54 with no or a low level of educational attainment
DATAFLOW,OECD.STI.DEP:DSD_ICT_HH_IND@DF_IND(1.1),ICT Access and Usage by Individuals,I,KOR,Korea,A,Annual,D1B_I,Individuals using the internet for accessing social networking sites - last 3 m,PT_POP,Percentage of population,_Z,Not applicable,Y25T54,From 25 to 54 years,_T,Total,ME,Middle level of educational attainment,_T,Total,_T,Total,2024,,66.43595609457599,,A,Normal value,,,,,0,Units,,,2,Two,Y25_54ME,Individuals aged 25-54 with a middle level of educational attainment
DATAFLOW,OECD.STI.DEP:DSD_ICT_HH_IND@DF_IND(1.1),ICT Access and Usage by Individuals,I,KOR,Korea,A,Annual,D1B_I,Individuals using the internet for accessing social networking sites - last 3 m,PT_POP,Percentage of population,_Z,Not applicable,Y25T54,From 25 to 54 years,_T,Total,ME,Middle level of educational attainment,_T,Total,_T,Total,2021,,70.38483236,,A,Normal value,,,,,0,Units,,,2,Two,Y25_54ME,Individuals aged 25-54 with a middle level of educational attainment
DATAFLOW,OECD.STI.DEP:DSD_ICT_HH_IND@DF_IND(1.1),ICT Access and Usage by Individuals,I,KOR,Korea,A,Annual,D1B_I,Individuals using the internet for accessing social networking sites - last 3 m,PT_POP,Percentage of population,_Z,Not applicable,Y25T54,From 25 to 54 years,_T,Total,ME,Middle level of educational attainment,_T,Total,_T,Total,2022,,70.93638148,,A,Normal value,,,,,0,Units,,,2,Two,Y25_54ME,Individuals aged 25-54 with a middle level of educational attainment
DATAFLOW,OECD.STI.DEP:DSD_ICT_HH_IND@DF_IND(1.1),ICT Access and Usage by Individuals,I,KOR,Korea,A,Annual,D1B_I,Individuals using the internet for accessing social networking sites - last 3 m,PT_POP,Percentage of population,_Z,Not applicable,Y25T54,From 25 to 54 years,_T,Total,ME,Middle level of educational attainment,_T,Total,_T,Total,2023,,68.65583533,,A,Normal value,,,,,0,Units,,,2,Two,Y25_54ME,Individuals aged 25-54 with a middle level of educational attainment
DATAFLOW,OECD.STI.DEP:DSD_ICT_HH_IND@DF_IND(1.1),ICT Access and Usage by Individuals,I,USA,United States,A,Annual,D1B_I,Individuals using the internet for accessing social networking sites - last 3 m,PT_POP,Percentage of population,_Z,Not applicable,Y25T54,From 25 to 54 years,M,Male,_T,Total,_T,Total,_T,Total,2015,,57.3029,,D,Definition differs,,,,,0,Units,,,2,Two,M_Y25_54,Male aged 25-54
DATAFLOW,OECD.STI.DEP:DSD_ICT_HH_IND@DF_IND(1.1),ICT Access and Usage by Individuals,I,USA,United States,A,Annual,D1B_I,Individuals using the internet for accessing social networking sites - last 3 m,PT_POP,Percentage of population,_Z,Not applicable,Y25T54,From 25 to 54 years,M,Male,_T,Total,_T,Total,_T,Total,2017,,63.897315,,D,Definition differs,,,,,0,Units,,,2,Two,M_Y25_54,Male aged 25-54
DATAFLOW,OECD.STI.DEP:DSD_ICT_HH_IND@DF_IND(1.1),ICT Access and Usage by Individuals,I,USA,United States,A,Annual,D1B_I,Individuals using the internet for accessing social networking sites - last 3 m,PT_POP,Percentage of population,_Z,Not applicable,Y25T54,From 25 to 54 years,M,Male,_T,Total,_T,Total,_T,Total,2019,,64.35,,D,Definition differs,,,,,0,Units,,,2,Two,M_Y25_54,Male aged 25-54
DATAFLOW,OECD.STI.DEP:DSD_ICT_HH_IND@DF_IND(1.1),ICT Access and Usage by Individuals,I,USA,United States,A,Annual,D1B_I,Individuals using the internet for accessing social networking sites - last 3 m,PT_POP,Percentage of population,_Z,Not applicable,Y25T54,From 25 to 54 years,M,Male,_T,Total,_T,Total,_T,Total,2023,,69.13,,D,Definition differs,,,,,0,Units,,,2,Two,M_Y25_54,Male aged 25-54
DATAFLOW,OECD.STI.DEP:DSD_ICT_HH_IND@DF_IND(1.1),ICT Access and Usage by Individuals,I,KOR,Korea,A,Annual,D1B_I,Individuals using the internet for accessing social networking sites - last 3 m,PT_POP,Percentage of population,_Z,Not applicable,Y25T54,From 25 to 54 years,M,Male,_T,Total,_T,Total,_T,Total,2010,,62.2003368,,D,Definition differs,,,,,0,Units,,,2,Two,M_Y25_54,Male aged 25-54
DATAFLOW,OECD.STI.DEP:DSD_ICT_HH_IND@DF_IND(1.1),ICT Access and Usage by Individuals,I,KOR,Korea,A,Annual,D1B_I,Individuals using the internet for accessing social networking sites - last 3 m,PT_POP,Percentage of population,_Z,Not applicable,Y25T54,From 25 to 54 years,M,Male,_T,Total,_T,Total,_T,Total,2011,,62.73211867,,D,Definition differs,,,,,0,Units,,,2,Two,M_Y25_54,Male aged 25-54
DATAFLOW,OECD.STI.DEP:DSD_ICT_HH_IND@DF_IND(1.1),ICT Access and Usage by Individuals,I,KOR,Korea,A,Annual,D1B_I,Individuals using the internet for accessing social networking sites - last 3 m,PT_POP,Percentage of population,_Z,Not applicable,Y25T54,From 25 to 54 years,M,Male,_T,Total,_T,Total,_T,Total,2012,,63.83043883,,D,Definition differs,,,,,0,Units,,,2,Two,M_Y25_54,Male aged 25-54
DATAFLOW,OECD.STI.DEP:DSD_ICT_HH_IND@DF_IND(1.1),ICT Access and Usage by Individuals,I,KOR,Korea,A,Annual,D1B_I,Individuals using the internet for accessing social networking sites - last 3 m,PT_POP,Percentage of population,_Z,Not applicable,Y25T54,From 25 to 54 years,M,Male,_T,Total,_T,Total,_T,Total,2013,,57.60387109,,D,Definition differs,,,,,0,Units,,,2,Two,M_Y25_54,Male aged 25-54
DATAFLOW,OECD.STI.DEP:DSD_ICT_HH_IND@DF_IND(1.1),ICT Access and Usage by Individuals,I,KOR,Korea,A,Annual,D1B_I,Individuals using the internet for accessing social networking sites - last 3 m,PT_POP,Percentage of population,_Z,Not applicable,Y25T54,From 25 to 54 years,M,Male,_T,Total,_T,Total,_T,Total,2014,,65.165699,,D,Definition differs,,,,,0,Units,,,2,Two,M_Y25_54,Male aged 25-54
DATAFLOW,OECD.STI.DEP:DSD_ICT_HH_IND@DF_IND(1.1),ICT Access and Usage by Individuals,I,KOR,Korea,A,Annual,D1B_I,Individuals using the internet for accessing social networking sites - last 3 m,PT_POP,Percentage of population,_Z,Not applicable,Y25T54,From 25 to 54 years,M,Male,_T,Total,_T,Total,_T,Total,2015,,70.94980986,,D,Definition differs,,,,,0,Units,,,2,Two,M_Y25_54,Male aged 25-54
DATAFLOW,OECD.STI.DEP:DSD_ICT_HH_IND@DF_IND(1.1),ICT Access and Usage by Individuals,I,KOR,Korea,A,Annual,D1B_I,Individuals using the internet for accessing social networking sites - last 3 m,PT_POP,Percentage of population,_Z,Not applicable,Y25T54,From 25 to 54 years,M,Male,_T,Total,_T,Total,_T,Total,2016,,74.06112163,,D,Definition differs,,,,,0,Units,,,2,Two,M_Y25_54,Male aged 25-54
DATAFLOW,OECD.STI.DEP:DSD_ICT_HH_IND@DF_IND(1.1),ICT Access and Usage by Individuals,I,KOR,Korea,A,Annual,D1B_I,Individuals using the internet for accessing social networking sites - last 3 m,PT_POP,Percentage of population,_Z,Not applicable,Y25T54,From 25 to 54 years,M,Male,_T,Total,_T,Total,_T,Total,2017,,80.66367784,,D,Definition differs,,,,,0,Units,,,2,Two,M_Y25_54,Male aged 25-54
DATAFLOW,OECD.STI.DEP:DSD_ICT_HH_IND@DF_IND(1.1),ICT Access and Usage by Individuals,I,KOR,Korea,A,Annual,D1B_I,Individuals using the internet for accessing social networking sites - last 3 m,PT_POP,Percentage of population,_Z,Not applicable,Y25T54,From 25 to 54 years,M,Male,_T,Total,_T,Total,_T,Total,2018,,76.72853495,,D,Definition differs,,,,,0,Units,,,2,Two,M_Y25_54,Male aged 25-54
DATAFLOW,OECD.STI.DEP:DSD_ICT_HH_IND@DF_IND(1.1),ICT Access and Usage by Individuals,I,KOR,Korea,A,Annual,D1B_I,Individuals using the internet for accessing social networking sites - last 3 m,PT_POP,Percentage of population,_Z,Not applicable,Y25T54,From 25 to 54 years,M,Male,_T,Total,_T,Total,_T,Total,2019,,71.54741601,,D,Definition differs,,,,,0,Units,,,2,Two,M_Y25_54,Male aged 25-54
DATAFLOW,OECD.STI.DEP:DSD_ICT_HH_IND@DF_IND(1.1),ICT Access and Usage by Individuals,I,KOR,Korea,A,Annual,D1B_I,Individuals using the internet for accessing social networking sites - last 3 m,PT_POP,Percentage of population,_Z,Not applicable,Y25T54,From 25 to 54 years,M,Male,_T,Total,_T,Total,_T,Total,2020,,76.23179431,,D,Definition differs,,,,,0,Units,,,2,Two,M_Y25_54,Male aged 25-54
DATAFLOW,OECD.STI.DEP:DSD_ICT_HH_IND@DF_IND(1.1),ICT Access and Usage by Individuals,I,USA,United States,A,Annual,D1B_I,Individuals using the internet for accessing social networking sites - last 3 m,PT_POP,Percentage of population,_Z,Not applicable,Y25T54,From 25 to 54 years,M,Male,_T,Total,_T,Total,_T,Total,2021,,65.44,,D,Definition differs,,,,,0,Units,,,2,Two,M_Y25_54,Male aged 25-54
DATAFLOW,OECD.STI.DEP:DSD_ICT_HH_IND@DF_IND(1.1),ICT Access and Usage by Individuals,I,USA,United States,A,Annual,D1B_I,Individuals using the internet for accessing social networking sites - last 3 m,PT_POP,Percentage of population,_Z,Not applicable,Y55T74,From 55 to 74 years,F,Female,_T,Total,_T,Total,_T,Total,2015,,41.101236,,D,Definition differs,,,,,0,Units,,,2,Two,F_Y55_74,Female aged 55-74
DATAFLOW,OECD.STI.DEP:DSD_ICT_HH_IND@DF_IND(1.1),ICT Access and Usage by Individuals,I,USA,United States,A,Annual,D1B_I,Individuals using the internet for accessing social networking sites - last 3 m,PT_POP,Percentage of population,_Z,Not applicable,Y55T74,From 55 to 74 years,F,Female,_T,Total,_T,Total,_T,Total,2017,,49.742592,,D,Definition differs,,,,,0,Units,,,2,Two,F_Y55_74,Female aged 55-74
DATAFLOW,OECD.STI.DEP:DSD_ICT_HH_IND@DF_IND(1.1),ICT Access and Usage by Individuals,I,USA,United States,A,Annual,D1B_I,Individuals using the internet for accessing social networking sites - last 3 m,PT_POP,Percentage of population,_Z,Not applicable,Y55T74,From 55 to 74 years,F,Female,_T,Total,_T,Total,_T,Total,2019,,51.05,,D,Definition differs,,,,,0,Units,,,2,Two,F_Y55_74,Female aged 55-74
DATAFLOW,OECD.STI.DEP:DSD_ICT_HH_IND@DF_IND(1.1),ICT Access and Usage by Individuals,I,USA,United States,A,Annual,D1B_I,Individuals using the internet for accessing social networking sites - last 3 m,PT_POP,Percentage of population,_Z,Not applicable,Y55T74,From 55 to 74 years,F,Female,_T,Total,_T,Total,_T,Total,2023,,60.3,,D,Definition differs,,,,,0,Units,,,2,Two,F_Y55_74,Female aged 55-74
DATAFLOW,OECD.STI.DEP:DSD_ICT_HH_IND@DF_IND(1.1),ICT Access and Usage by Individuals,I,KOR,Korea,A,Annual,D1B_I,Individuals using the internet for accessing social networking sites - last 3 m,PT_POP,Percentage of population,_Z,Not applicable,Y55T74,From 55 to 74 years,F,Female,_T,Total,_T,Total,_T,Total,2010,,5.181349298,,D,Definition differs,,,,,0,Units,,,2,Two,F_Y55_74,Female aged 55-74
DATAFLOW,OECD.STI.DEP:DSD_ICT_HH_IND@DF_IND(1.1),ICT Access and Usage by Individuals,I,KOR,Korea,A,Annual,D1B_I,Individuals using the internet for accessing social networking sites - last 3 m,PT_POP,Percentage of population,_Z,Not applicable,Y55T74,From 55 to 74 years,F,Female,_T,Total,_T,Total,_T,Total,2011,,5.683585683,,D,Definition differs,,,,,0,Units,,,2,Two,F_Y55_74,Female aged 55-74
DATAFLOW,OECD.STI.DEP:DSD_ICT_HH_IND@DF_IND(1.1),ICT Access and Usage by Individuals,I,KOR,Korea,A,Annual,D1B_I,Individuals using the internet for accessing social networking sites - last 3 m,PT_POP,Percentage of population,_Z,Not applicable,Y55T74,From 55 to 74 years,F,Female,_T,Total,_T,Total,_T,Total,2012,,7.347831974,,D,Definition differs,,,,,0,Units,,,2,Two,F_Y55_74,Female aged 55-74
DATAFLOW,OECD.STI.DEP:DSD_ICT_HH_IND@DF_IND(1.1),ICT Access and Usage by Individuals,I,KOR,Korea,A,Annual,D1B_I,Individuals using the internet for accessing social networking sites - last 3 m,PT_POP,Percentage of population,_Z,Not applicable,Y55T74,From 55 to 74 years,F,Female,_T,Total,_T,Total,_T,Total,2013,,5.244663577,,D,Definition differs,,,,,0,Units,,,2,Two,F_Y55_74,Female aged 55-74
DATAFLOW,OECD.STI.DEP:DSD_ICT_HH_IND@DF_IND(1.1),ICT Access and Usage by Individuals,I,KOR,Korea,A,Annual,D1B_I,Individuals using the internet for accessing social networking sites - last 3 m,PT_POP,Percentage of population,_Z,Not applicable,Y55T74,From 55 to 74 years,F,Female,_T,Total,_T,Total,_T,Total,2014,,10.98036006,,D,Definition differs,,,,,0,Units,,,2,Two,F_Y55_74,Female aged 55-74
DATAFLOW,OECD.STI.DEP:DSD_ICT_HH_IND@DF_IND(1.1),ICT Access and Usage by Individuals,I,KOR,Korea,A,Annual,D1B_I,Individuals using the internet for accessing social networking sites - last 3 m,PT_POP,Percentage of population,_Z,Not applicable,Y55T74,From 55 to 74 years,F,Female,_T,Total,_T,Total,_T,Total,2015,,18.55748634,,D,Definition differs,,,,,0,Units,,,2,Two,F_Y55_74,Female aged 55-74
DATAFLOW,OECD.STI.DEP:DSD_ICT_HH_IND@DF_IND(1.1),ICT Access and Usage by Individuals,I,KOR,Korea,A,Annual,D1B_I,Individuals using the internet for accessing social networking sites - last 3 m,PT_POP,Percentage of population,_Z,Not applicable,Y55T74,From 55 to 74 years,F,Female,_T,Total,_T,Total,_T,Total,2016,,23.73892506,,D,Definition differs,,,,,0,Units,,,2,Two,F_Y55_74,Female aged 55-74
DATAFLOW,OECD.STI.DEP:DSD_ICT_HH_IND@DF_IND(1.1),ICT Access and Usage by Individuals,I,KOR,Korea,A,Annual,D1B_I,Individuals using the internet for accessing social networking sites - last 3 m,PT_POP,Percentage of population,_Z,Not applicable,Y55T74,From 55 to 74 years,F,Female,_T,Total,_T,Total,_T,Total,2017,,32.79818175,,D,Definition differs,,,,,0,Units,,,2,Two,F_Y55_74,Female aged 55-74
DATAFLOW,OECD.STI.DEP:DSD_ICT_HH_IND@DF_IND(1.1),ICT Access and Usage by Individuals,I,KOR,Korea,A,Annual,D1B_I,Individuals using the internet for accessing social networking sites - last 3 m,PT_POP,Percentage of population,_Z,Not applicable,Y55T74,From 55 to 74 years,F,Female,_T,Total,_T,Total,_T,Total,2018,,32.05506161,,D,Definition differs,,,,,0,Units,,,2,Two,F_Y55_74,Female aged 55-74
DATAFLOW,OECD.STI.DEP:DSD_ICT_HH_IND@DF_IND(1.1),ICT Access and Usage by Individuals,I,KOR,Korea,A,Annual,D1B_I,Individuals using the internet for accessing social networking sites - last 3 m,PT_POP,Percentage of population,_Z,Not applicable,Y55T74,From 55 to 74 years,F,Female,_T,Total,_T,Total,_T,Total,2019,,35.20364292,,D,Definition differs,,,,,0,Units,,,2,Two,F_Y55_74,Female aged 55-74
DATAFLOW,OECD.STI.DEP:DSD_ICT_HH_IND@DF_IND(1.1),ICT Access and Usage by Individuals,I,KOR,Korea,A,Annual,D1B_I,Individuals using the internet for accessing social networking sites - last 3 m,PT_POP,Percentage of population,_Z,Not applicable,Y55T74,From 55 to 74 years,F,Female,_T,Total,_T,Total,_T,Total,2020,,36.51732245,,D,Definition differs,,,,,0,Units,,,2,Two,F_Y55_74,Female aged 55-74
DATAFLOW,OECD.STI.DEP:DSD_ICT_HH_IND@DF_IND(1.1),ICT Access and Usage by Individuals,I,USA,United States,A,Annual,D1B_I,Individuals using the internet for accessing social networking sites - last 3 m,PT_POP,Percentage of population,_Z,Not applicable,Y55T74,From 55 to 74 years,F,Female,_T,Total,_T,Total,_T,Total,2021,,53.9,,D,Definition differs,,,,,0,Units,,,2,Two,F_Y55_74,Female aged 55-74
DATAFLOW,OECD.STI.DEP:DSD_ICT_HH_IND@DF_IND(1.1),ICT Access and Usage by Individuals,I,USA,United States,A,Annual,D1B_I,Individuals using the internet for accessing social networking sites - last 3 m,PT_POP,Percentage of population,_Z,Not applicable,Y25T54,From 25 to 54 years,F,Female,_T,Total,_T,Total,_T,Total,2015,,65.637584,,D,Definition differs,,,,,0,Units,,,2,Two,F_Y25_54,Female aged 25-54
DATAFLOW,OECD.STI.DEP:DSD_ICT_HH_IND@DF_IND(1.1),ICT Access and Usage by Individuals,I,USA,United States,A,Annual,D1B_I,Individuals using the internet for accessing social networking sites - last 3 m,PT_POP,Percentage of population,_Z,Not applicable,Y25T54,From 25 to 54 years,F,Female,_T,Total,_T,Total,_T,Total,2017,,71.362304,,D,Definition differs,,,,,0,Units,,,2,Two,F_Y25_54,Female aged 25-54
DATAFLOW,OECD.STI.DEP:DSD_ICT_HH_IND@DF_IND(1.1),ICT Access and Usage by Individuals,I,USA,United States,A,Annual,D1B_I,Individuals using the internet for accessing social networking sites - last 3 m,PT_POP,Percentage of population,_Z,Not applicable,Y25T54,From 25 to 54 years,F,Female,_T,Total,_T,Total,_T,Total,2019,,71.65,,D,Definition differs,,,,,0,Units,,,2,Two,F_Y25_54,Female aged 25-54
DATAFLOW,OECD.STI.DEP:DSD_ICT_HH_IND@DF_IND(1.1),ICT Access and Usage by Individuals,I,USA,United States,A,Annual,D1B_I,Individuals using the internet for accessing social networking sites - last 3 m,PT_POP,Percentage of population,_Z,Not applicable,Y25T54,From 25 to 54 years,F,Female,_T,Total,_T,Total,_T,Total,2023,,75.59,,D,Definition differs,,,,,0,Units,,,2,Two,F_Y25_54,Female aged 25-54
DATAFLOW,OECD.STI.DEP:DSD_ICT_HH_IND@DF_IND(1.1),ICT Access and Usage by Individuals,I,KOR,Korea,A,Annual,D1B_I,Individuals using the internet for accessing social networking sites - last 3 m,PT_POP,Percentage of population,_Z,Not applicable,Y25T54,From 25 to 54 years,F,Female,_T,Total,_T,Total,_T,Total,2010,,52.41939625,,D,Definition differs,,,,,0,Units,,,2,Two,F_Y25_54,Female aged 25-54
DATAFLOW,OECD.STI.DEP:DSD_ICT_HH_IND@DF_IND(1.1),ICT Access and Usage by Individuals,I,KOR,Korea,A,Annual,D1B_I,Individuals using the internet for accessing social networking sites - last 3 m,PT_POP,Percentage of population,_Z,Not applicable,Y25T54,From 25 to 54 years,F,Female,_T,Total,_T,Total,_T,Total,2011,,52.60515258,,D,Definition differs,,,,,0,Units,,,2,Two,F_Y25_54,Female aged 25-54
DATAFLOW,OECD.STI.DEP:DSD_ICT_HH_IND@DF_IND(1.1),ICT Access and Usage by Individuals,I,KOR,Korea,A,Annual,D1B_I,Individuals using the internet for accessing social networking sites - last 3 m,PT_POP,Percentage of population,_Z,Not applicable,Y25T54,From 25 to 54 years,F,Female,_T,Total,_T,Total,_T,Total,2012,,54.29941991,,D,Definition differs,,,,,0,Units,,,2,Two,F_Y25_54,Female aged 25-54
DATAFLOW,OECD.STI.DEP:DSD_ICT_HH_IND@DF_IND(1.1),ICT Access and Usage by Individuals,I,KOR,Korea,A,Annual,D1B_I,Individuals using the internet for accessing social networking sites - last 3 m,PT_POP,Percentage of population,_Z,Not applicable,Y25T54,From 25 to 54 years,F,Female,_T,Total,_T,Total,_T,Total,2013,,57.43153468,,D,Definition differs,,,,,0,Units,,,2,Two,F_Y25_54,Female aged 25-54
DATAFLOW,OECD.STI.DEP:DSD_ICT_HH_IND@DF_IND(1.1),ICT Access and Usage by Individuals,I,KOR,Korea,A,Annual,D1B_I,Individuals using the internet for accessing social networking sites - last 3 m,PT_POP,Percentage of population,_Z,Not applicable,Y25T54,From 25 to 54 years,F,Female,_T,Total,_T,Total,_T,Total,2014,,63.84028648,,D,Definition differs,,,,,0,Units,,,2,Two,F_Y25_54,Female aged 25-54
DATAFLOW,OECD.STI.DEP:DSD_ICT_HH_IND@DF_IND(1.1),ICT Access and Usage by Individuals,I,KOR,Korea,A,Annual,D1B_I,Individuals using the internet for accessing social networking sites - last 3 m,PT_POP,Percentage of population,_Z,Not applicable,Y25T54,From 25 to 54 years,F,Female,_T,Total,_T,Total,_T,Total,2015,,71.27108205,,D,Definition differs,,,,,0,Units,,,2,Two,F_Y25_54,Female aged 25-54
DATAFLOW,OECD.STI.DEP:DSD_ICT_HH_IND@DF_IND(1.1),ICT Access and Usage by Individuals,I,KOR,Korea,A,Annual,D1B_I,Individuals using the internet for accessing social networking sites - last 3 m,PT_POP,Percentage of population,_Z,Not applicable,Y25T54,From 25 to 54 years,F,Female,_T,Total,_T,Total,_T,Total,2016,,74.89544741,,D,Definition differs,,,,,0,Units,,,2,Two,F_Y25_54,Female aged 25-54
DATAFLOW,OECD.STI.DEP:DSD_ICT_HH_IND@DF_IND(1.1),ICT Access and Usage by Individuals,I,KOR,Korea,A,Annual,D1B_I,Individuals using the internet for accessing social networking sites - last 3 m,PT_POP,Percentage of population,_Z,Not applicable,Y25T54,From 25 to 54 years,F,Female,_T,Total,_T,Total,_T,Total,2017,,79.29817928,,D,Definition differs,,,,,0,Units,,,2,Two,F_Y25_54,Female aged 25-54
DATAFLOW,OECD.STI.DEP:DSD_ICT_HH_IND@DF_IND(1.1),ICT Access and Usage by Individuals,I,KOR,Korea,A,Annual,D1B_I,Individuals using the internet for accessing social networking sites - last 3 m,PT_POP,Percentage of population,_Z,Not applicable,Y25T54,From 25 to 54 years,F,Female,_T,Total,_T,Total,_T,Total,2018,,77.69563009,,D,Definition differs,,,,,0,Units,,,2,Two,F_Y25_54,Female aged 25-54
DATAFLOW,OECD.STI.DEP:DSD_ICT_HH_IND@DF_IND(1.1),ICT Access and Usage by Individuals,I,KOR,Korea,A,Annual,D1B_I,Individuals using the internet for accessing social networking sites - last 3 m,PT_POP,Percentage of population,_Z,Not applicable,Y25T54,From 25 to 54 years,F,Female,_T,Total,_T,Total,_T,Total,2019,,76.29875004,,D,Definition differs,,,,,0,Units,,,2,Two,F_Y25_54,Female aged 25-54
DATAFLOW,OECD.STI.DEP:DSD_ICT_HH_IND@DF_IND(1.1),ICT Access and Usage by Individuals,I,KOR,Korea,A,Annual,D1B_I,Individuals using the internet for accessing social networking sites - last 3 m,PT_POP,Percentage of population,_Z,Not applicable,Y25T54,From 25 to 54 years,F,Female,_T,Total,_T,Total,_T,Total,2020,,78.96666278,,D,Definition differs,,,,,0,Units,,,2,Two,F_Y25_54,Female aged 25-54
DATAFLOW,OECD.STI.DEP:DSD_ICT_HH_IND@DF_IND(1.1),ICT Access and Usage by Individuals,I,USA,United States,A,Annual,D1B_I,Individuals using the internet for accessing social networking sites - last 3 m,PT_POP,Percentage of population,_Z,Not applicable,Y25T54,From 25 to 54 years,F,Female,_T,Total,_T,Total,_T,Total,2021,,72.75,,D,Definition differs,,,,,0,Units,,,2,Two,F_Y25_54,Female aged 25-54
DATAFLOW,OECD.STI.DEP:DSD_ICT_HH_IND@DF_IND(1.1),ICT Access and Usage by Individuals,I,USA,United States,A,Annual,D1B_I,Individuals using the internet for accessing social networking sites - last 3 m,PT_POP,Percentage of population,_Z,Not applicable,Y55T74,From 55 to 74 years,M,Male,_T,Total,_T,Total,_T,Total,2015,,33.174888,,D,Definition differs,,,,,0,Units,,,2,Two,M_Y55_74,Male aged 55-74
DATAFLOW,OECD.STI.DEP:DSD_ICT_HH_IND@DF_IND(1.1),ICT Access and Usage by Individuals,I,USA,United States,A,Annual,D1B_I,Individuals using the internet for accessing social networking sites - last 3 m,PT_POP,Percentage of population,_Z,Not applicable,Y55T74,From 55 to 74 years,M,Male,_T,Total,_T,Total,_T,Total,2017,,39.32916,,D,Definition differs,,,,,0,Units,,,2,Two,M_Y55_74,Male aged 55-74
DATAFLOW,OECD.STI.DEP:DSD_ICT_HH_IND@DF_IND(1.1),ICT Access and Usage by Individuals,I,USA,United States,A,Annual,D1B_I,Individuals using the internet for accessing social networking sites - last 3 m,PT_POP,Percentage of population,_Z,Not applicable,Y55T74,From 55 to 74 years,M,Male,_T,Total,_T,Total,_T,Total,2019,,42.84,,D,Definition differs,,,,,0,Units,,,2,Two,M_Y55_74,Male aged 55-74
DATAFLOW,OECD.STI.DEP:DSD_ICT_HH_IND@DF_IND(1.1),ICT Access and Usage by Individuals,I,USA,United States,A,Annual,D1B_I,Individuals using the internet for accessing social networking sites - last 3 m,PT_POP,Percentage of population,_Z,Not applicable,Y55T74,From 55 to 74 years,M,Male,_T,Total,_T,Total,_T,Total,2023,,49.59,,D,Definition differs,,,,,0,Units,,,2,Two,M_Y55_74,Male aged 55-74
DATAFLOW,OECD.STI.DEP:DSD_ICT_HH_IND@DF_IND(1.1),ICT Access and Usage by Individuals,I,KOR,Korea,A,Annual,D1B_I,Individuals using the internet for accessing social networking sites - last 3 m,PT_POP,Percentage of population,_Z,Not applicable,Y55T74,From 55 to 74 years,M,Male,_T,Total,_T,Total,_T,Total,2010,,11.71372816,,D,Definition differs,,,,,0,Units,,,2,Two,M_Y55_74,Male aged 55-74
DATAFLOW,OECD.STI.DEP:DSD_ICT_HH_IND@DF_IND(1.1),ICT Access and Usage by Individuals,I,KOR,Korea,A,Annual,D1B_I,Individuals using the internet for accessing social networking sites - last 3 m,PT_POP,Percentage of population,_Z,Not applicable,Y55T74,From 55 to 74 years,M,Male,_T,Total,_T,Total,_T,Total,2011,,12.65671372,,D,Definition differs,,,,,0,Units,,,2,Two,M_Y55_74,Male aged 55-74
DATAFLOW,OECD.STI.DEP:DSD_ICT_HH_IND@DF_IND(1.1),ICT Access and Usage by Individuals,I,KOR,Korea,A,Annual,D1B_I,Individuals using the internet for accessing social networking sites - last 3 m,PT_POP,Percentage of population,_Z,Not applicable,Y55T74,From 55 to 74 years,M,Male,_T,Total,_T,Total,_T,Total,2012,,14.26326726,,D,Definition differs,,,,,0,Units,,,2,Two,M_Y55_74,Male aged 55-74
DATAFLOW,OECD.STI.DEP:DSD_ICT_HH_IND@DF_IND(1.1),ICT Access and Usage by Individuals,I,KOR,Korea,A,Annual,D1B_I,Individuals using the internet for accessing social networking sites - last 3 m,PT_POP,Percentage of population,_Z,Not applicable,Y55T74,From 55 to 74 years,M,Male,_T,Total,_T,Total,_T,Total,2013,,9.914684898,,D,Definition differs,,,,,0,Units,,,2,Two,M_Y55_74,Male aged 55-74
DATAFLOW,OECD.STI.DEP:DSD_ICT_HH_IND@DF_IND(1.1),ICT Access and Usage by Individuals,I,KOR,Korea,A,Annual,D1B_I,Individuals using the internet for accessing social networking sites - last 3 m,PT_POP,Percentage of population,_Z,Not applicable,Y55T74,From 55 to 74 years,M,Male,_T,Total,_T,Total,_T,Total,2014,,16.37724802,,D,Definition differs,,,,,0,Units,,,2,Two,M_Y55_74,Male aged 55-74
DATAFLOW,OECD.STI.DEP:DSD_ICT_HH_IND@DF_IND(1.1),ICT Access and Usage by Individuals,I,KOR,Korea,A,Annual,D1B_I,Individuals using the internet for accessing social networking sites - last 3 m,PT_POP,Percentage of population,_Z,Not applicable,Y55T74,From 55 to 74 years,M,Male,_T,Total,_T,Total,_T,Total,2015,,25.66511993,,D,Definition differs,,,,,0,Units,,,2,Two,M_Y55_74,Male aged 55-74
DATAFLOW,OECD.STI.DEP:DSD_ICT_HH_IND@DF_IND(1.1),ICT Access and Usage by Individuals,I,KOR,Korea,A,Annual,D1B_I,Individuals using the internet for accessing social networking sites - last 3 m,PT_POP,Percentage of population,_Z,Not applicable,Y55T74,From 55 to 74 years,M,Male,_T,Total,_T,Total,_T,Total,2016,,30.5821438,,D,Definition differs,,,,,0,Units,,,2,Two,M_Y55_74,Male aged 55-74
DATAFLOW,OECD.STI.DEP:DSD_ICT_HH_IND@DF_IND(1.1),ICT Access and Usage by Individuals,I,KOR,Korea,A,Annual,D1B_I,Individuals using the internet for accessing social networking sites - last 3 m,PT_POP,Percentage of population,_Z,Not applicable,Y55T74,From 55 to 74 years,M,Male,_T,Total,_T,Total,_T,Total,2017,,30.91674662,,D,Definition differs,,,,,0,Units,,,2,Two,M_Y55_74,Male aged 55-74
DATAFLOW,OECD.STI.DEP:DSD_ICT_HH_IND@DF_IND(1.1),ICT Access and Usage by Individuals,I,KOR,Korea,A,Annual,D1B_I,Individuals using the internet for accessing social networking sites - last 3 m,PT_POP,Percentage of population,_Z,Not applicable,Y55T74,From 55 to 74 years,M,Male,_T,Total,_T,Total,_T,Total,2018,,34.62753454,,D,Definition differs,,,,,0,Units,,,2,Two,M_Y55_74,Male aged 55-74
DATAFLOW,OECD.STI.DEP:DSD_ICT_HH_IND@DF_IND(1.1),ICT Access and Usage by Individuals,I,KOR,Korea,A,Annual,D1B_I,Individuals using the internet for accessing social networking sites - last 3 m,PT_POP,Percentage of population,_Z,Not applicable,Y55T74,From 55 to 74 years,M,Male,_T,Total,_T,Total,_T,Total,2019,,40.79584798,,D,Definition differs,,,,,0,Units,,,2,Two,M_Y55_74,Male aged 55-74
DATAFLOW,OECD.STI.DEP:DSD_ICT_HH_IND@DF_IND(1.1),ICT Access and Usage by Individuals,I,KOR,Korea,A,Annual,D1B_I,Individuals using the internet for accessing social networking sites - last 3 m,PT_POP,Percentage of population,_Z,Not applicable,Y55T74,From 55 to 74 years,M,Male,_T,Total,_T,Total,_T,Total,2020,,40.48109841,,D,Definition differs,,,,,0,Units,,,2,Two,M_Y55_74,Male aged 55-74
DATAFLOW,OECD.STI.DEP:DSD_ICT_HH_IND@DF_IND(1.1),ICT Access and Usage by Individuals,I,USA,United States,A,Annual,D1B_I,Individuals using the internet for accessing social networking sites - last 3 m,PT_POP,Percentage of population,_Z,Not applicable,Y55T74,From 55 to 74 years,M,Male,_T,Total,_T,Total,_T,Total,2021,,44.75,,D,Definition differs,,,,,0,Units,,,2,Two,M_Y55_74,Male aged 55-74
DATAFLOW,OECD.STI.DEP:DSD_ICT_HH_IND@DF_IND(1.1),ICT Access and Usage by Individuals,I,USA,United States,A,Annual,D1B_I,Individuals using the internet for accessing social networking sites - last 3 m,PT_POP,Percentage of population,_Z,Not applicable,Y16T24,From 16 to 24 years,F,Female,_T,Total,_T,Total,_T,Total,2015,,77.6511,,D,Definition differs,,,,,0,Units,,,2,Two,F_Y16_24,Female aged 16-24
DATAFLOW,OECD.STI.DEP:DSD_ICT_HH_IND@DF_IND(1.1),ICT Access and Usage by Individuals,I,USA,United States,A,Annual,D1B_I,Individuals using the internet for accessing social networking sites - last 3 m,PT_POP,Percentage of population,_Z,Not applicable,Y16T24,From 16 to 24 years,F,Female,_T,Total,_T,Total,_T,Total,2017,,77.63563,,D,Definition differs,,,,,0,Units,,,2,Two,F_Y16_24,Female aged 16-24
DATAFLOW,OECD.STI.DEP:DSD_ICT_HH_IND@DF_IND(1.1),ICT Access and Usage by Individuals,I,USA,United States,A,Annual,D1B_I,Individuals using the internet for accessing social networking sites - last 3 m,PT_POP,Percentage of population,_Z,Not applicable,Y16T24,From 16 to 24 years,F,Female,_T,Total,_T,Total,_T,Total,2019,,77.38,,D,Definition differs,,,,,0,Units,,,2,Two,F_Y16_24,Female aged 16-24
DATAFLOW,OECD.STI.DEP:DSD_ICT_HH_IND@DF_IND(1.1),ICT Access and Usage by Individuals,I,USA,United States,A,Annual,D1B_I,Individuals using the internet for accessing social networking sites - last 3 m,PT_POP,Percentage of population,_Z,Not applicable,Y16T24,From 16 to 24 years,F,Female,_T,Total,_T,Total,_T,Total,2023,,79.57,,D,Definition differs,,,,,0,Units,,,2,Two,F_Y16_24,Female aged 16-24
DATAFLOW,OECD.STI.DEP:DSD_ICT_HH_IND@DF_IND(1.1),ICT Access and Usage by Individuals,I,KOR,Korea,A,Annual,D1B_I,Individuals using the internet for accessing social networking sites - last 3 m,PT_POP,Percentage of population,_Z,Not applicable,Y16T24,From 16 to 24 years,F,Female,_T,Total,_T,Total,_T,Total,2010,,97.0201493,,D,Definition differs,,,,,0,Units,,,2,Two,F_Y16_24,Female aged 16-24
DATAFLOW,OECD.STI.DEP:DSD_ICT_HH_IND@DF_IND(1.1),ICT Access and Usage by Individuals,I,KOR,Korea,A,Annual,D1B_I,Individuals using the internet for accessing social networking sites - last 3 m,PT_POP,Percentage of population,_Z,Not applicable,Y16T24,From 16 to 24 years,F,Female,_T,Total,_T,Total,_T,Total,2011,,97.15858476,,D,Definition differs,,,,,0,Units,,,2,Two,F_Y16_24,Female aged 16-24
DATAFLOW,OECD.STI.DEP:DSD_ICT_HH_IND@DF_IND(1.1),ICT Access and Usage by Individuals,I,KOR,Korea,A,Annual,D1B_I,Individuals using the internet for accessing social networking sites - last 3 m,PT_POP,Percentage of population,_Z,Not applicable,Y16T24,From 16 to 24 years,F,Female,_T,Total,_T,Total,_T,Total,2012,,97.1534752,,D,Definition differs,,,,,0,Units,,,2,Two,F_Y16_24,Female aged 16-24
DATAFLOW,OECD.STI.DEP:DSD_ICT_HH_IND@DF_IND(1.1),ICT Access and Usage by Individuals,I,KOR,Korea,A,Annual,D1B_I,Individuals using the internet for accessing social networking sites - last 3 m,PT_POP,Percentage of population,_Z,Not applicable,Y16T24,From 16 to 24 years,F,Female,_T,Total,_T,Total,_T,Total,2013,,84.64209351,,D,Definition differs,,,,,0,Units,,,2,Two,F_Y16_24,Female aged 16-24
DATAFLOW,OECD.STI.DEP:DSD_ICT_HH_IND@DF_IND(1.1),ICT Access and Usage by Individuals,I,KOR,Korea,A,Annual,D1B_I,Individuals using the internet for accessing social networking sites - last 3 m,PT_POP,Percentage of population,_Z,Not applicable,Y16T24,From 16 to 24 years,F,Female,_T,Total,_T,Total,_T,Total,2014,,86.22226188,,D,Definition differs,,,,,0,Units,,,2,Two,F_Y16_24,Female aged 16-24
DATAFLOW,OECD.STI.DEP:DSD_ICT_HH_IND@DF_IND(1.1),ICT Access and Usage by Individuals,I,KOR,Korea,A,Annual,D1B_I,Individuals using the internet for accessing social networking sites - last 3 m,PT_POP,Percentage of population,_Z,Not applicable,Y16T24,From 16 to 24 years,F,Female,_T,Total,_T,Total,_T,Total,2015,,87.90602291,,D,Definition differs,,,,,0,Units,,,2,Two,F_Y16_24,Female aged 16-24
DATAFLOW,OECD.STI.DEP:DSD_ICT_HH_IND@DF_IND(1.1),ICT Access and Usage by Individuals,I,KOR,Korea,A,Annual,D1B_I,Individuals using the internet for accessing social networking sites - last 3 m,PT_POP,Percentage of population,_Z,Not applicable,Y16T24,From 16 to 24 years,F,Female,_T,Total,_T,Total,_T,Total,2016,,89.75762179,,D,Definition differs,,,,,0,Units,,,2,Two,F_Y16_24,Female aged 16-24
DATAFLOW,OECD.STI.DEP:DSD_ICT_HH_IND@DF_IND(1.1),ICT Access and Usage by Individuals,I,KOR,Korea,A,Annual,D1B_I,Individuals using the internet for accessing social networking sites - last 3 m,PT_POP,Percentage of population,_Z,Not applicable,Y16T24,From 16 to 24 years,F,Female,_T,Total,_T,Total,_T,Total,2017,,92.68036885,,D,Definition differs,,,,,0,Units,,,2,Two,F_Y16_24,Female aged 16-24
DATAFLOW,OECD.STI.DEP:DSD_ICT_HH_IND@DF_IND(1.1),ICT Access and Usage by Individuals,I,KOR,Korea,A,Annual,D1B_I,Individuals using the internet for accessing social networking sites - last 3 m,PT_POP,Percentage of population,_Z,Not applicable,Y16T24,From 16 to 24 years,F,Female,_T,Total,_T,Total,_T,Total,2018,,90.16496342,,D,Definition differs,,,,,0,Units,,,2,Two,F_Y16_24,Female aged 16-24
DATAFLOW,OECD.STI.DEP:DSD_ICT_HH_IND@DF_IND(1.1),ICT Access and Usage by Individuals,I,KOR,Korea,A,Annual,D1B_I,Individuals using the internet for accessing social networking sites - last 3 m,PT_POP,Percentage of population,_Z,Not applicable,Y16T24,From 16 to 24 years,F,Female,_T,Total,_T,Total,_T,Total,2019,,86.24301785,,D,Definition differs,,,,,0,Units,,,2,Two,F_Y16_24,Female aged 16-24
DATAFLOW,OECD.STI.DEP:DSD_ICT_HH_IND@DF_IND(1.1),ICT Access and Usage by Individuals,I,KOR,Korea,A,Annual,D1B_I,Individuals using the internet for accessing social networking sites - last 3 m,PT_POP,Percentage of population,_Z,Not applicable,Y16T24,From 16 to 24 years,F,Female,_T,Total,_T,Total,_T,Total,2020,,90.23317765,,D,Definition differs,,,,,0,Units,,,2,Two,F_Y16_24,Female aged 16-24
DATAFLOW,OECD.STI.DEP:DSD_ICT_HH_IND@DF_IND(1.1),ICT Access and Usage by Individuals,I,USA,United States,A,Annual,D1B_I,Individuals using the internet for accessing social networking sites - last 3 m,PT_POP,Percentage of population,_Z,Not applicable,Y16T24,From 16 to 24 years,F,Female,_T,Total,_T,Total,_T,Total,2021,,80.11,,D,Definition differs,,,,,0,Units,,,2,Two,F_Y16_24,Female aged 16-24
DATAFLOW,OECD.STI.DEP:DSD_ICT_HH_IND@DF_IND(1.1),ICT Access and Usage by Individuals,I,USA,United States,A,Annual,D1B_I,Individuals using the internet for accessing social networking sites - last 3 m,PT_POP,Percentage of population,_Z,Not applicable,Y16T24,From 16 to 24 years,M,Male,_T,Total,_T,Total,_T,Total,2015,,72.419571,,D,Definition differs,,,,,0,Units,,,2,Two,M_Y16_24,Male aged 16-24
DATAFLOW,OECD.STI.DEP:DSD_ICT_HH_IND@DF_IND(1.1),ICT Access and Usage by Individuals,I,USA,United States,A,Annual,D1B_I,Individuals using the internet for accessing social networking sites - last 3 m,PT_POP,Percentage of population,_Z,Not applicable,Y16T24,From 16 to 24 years,M,Male,_T,Total,_T,Total,_T,Total,2017,,74.064824,,D,Definition differs,,,,,0,Units,,,2,Two,M_Y16_24,Male aged 16-24
DATAFLOW,OECD.STI.DEP:DSD_ICT_HH_IND@DF_IND(1.1),ICT Access and Usage by Individuals,I,USA,United States,A,Annual,D1B_I,Individuals using the internet for accessing social networking sites - last 3 m,PT_POP,Percentage of population,_Z,Not applicable,Y16T24,From 16 to 24 years,M,Male,_T,Total,_T,Total,_T,Total,2019,,73.12,,D,Definition differs,,,,,0,Units,,,2,Two,M_Y16_24,Male aged 16-24
DATAFLOW,OECD.STI.DEP:DSD_ICT_HH_IND@DF_IND(1.1),ICT Access and Usage by Individuals,I,USA,United States,A,Annual,D1B_I,Individuals using the internet for accessing social networking sites - last 3 m,PT_POP,Percentage of population,_Z,Not applicable,Y16T24,From 16 to 24 years,M,Male,_T,Total,_T,Total,_T,Total,2023,,76.15,,D,Definition differs,,,,,0,Units,,,2,Two,M_Y16_24,Male aged 16-24
DATAFLOW,OECD.STI.DEP:DSD_ICT_HH_IND@DF_IND(1.1),ICT Access and Usage by Individuals,I,KOR,Korea,A,Annual,D1B_I,Individuals using the internet for accessing social networking sites - last 3 m,PT_POP,Percentage of population,_Z,Not applicable,Y16T24,From 16 to 24 years,M,Male,_T,Total,_T,Total,_T,Total,2010,,97.25585992,,D,Definition differs,,,,,0,Units,,,2,Two,M_Y16_24,Male aged 16-24
DATAFLOW,OECD.STI.DEP:DSD_ICT_HH_IND@DF_IND(1.1),ICT Access and Usage by Individuals,I,KOR,Korea,A,Annual,D1B_I,Individuals using the internet for accessing social networking sites - last 3 m,PT_POP,Percentage of population,_Z,Not applicable,Y16T24,From 16 to 24 years,M,Male,_T,Total,_T,Total,_T,Total,2011,,97.15980271,,D,Definition differs,,,,,0,Units,,,2,Two,M_Y16_24,Male aged 16-24
DATAFLOW,OECD.STI.DEP:DSD_ICT_HH_IND@DF_IND(1.1),ICT Access and Usage by Individuals,I,KOR,Korea,A,Annual,D1B_I,Individuals using the internet for accessing social networking sites - last 3 m,PT_POP,Percentage of population,_Z,Not applicable,Y16T24,From 16 to 24 years,M,Male,_T,Total,_T,Total,_T,Total,2012,,97.11886756,,D,Definition differs,,,,,0,Units,,,2,Two,M_Y16_24,Male aged 16-24
DATAFLOW,OECD.STI.DEP:DSD_ICT_HH_IND@DF_IND(1.1),ICT Access and Usage by Individuals,I,KOR,Korea,A,Annual,D1B_I,Individuals using the internet for accessing social networking sites - last 3 m,PT_POP,Percentage of population,_Z,Not applicable,Y16T24,From 16 to 24 years,M,Male,_T,Total,_T,Total,_T,Total,2013,,82.46848879,,D,Definition differs,,,,,0,Units,,,2,Two,M_Y16_24,Male aged 16-24
DATAFLOW,OECD.STI.DEP:DSD_ICT_HH_IND@DF_IND(1.1),ICT Access and Usage by Individuals,I,KOR,Korea,A,Annual,D1B_I,Individuals using the internet for accessing social networking sites - last 3 m,PT_POP,Percentage of population,_Z,Not applicable,Y16T24,From 16 to 24 years,M,Male,_T,Total,_T,Total,_T,Total,2014,,85.96854402,,D,Definition differs,,,,,0,Units,,,2,Two,M_Y16_24,Male aged 16-24
DATAFLOW,OECD.STI.DEP:DSD_ICT_HH_IND@DF_IND(1.1),ICT Access and Usage by Individuals,I,KOR,Korea,A,Annual,D1B_I,Individuals using the internet for accessing social networking sites - last 3 m,PT_POP,Percentage of population,_Z,Not applicable,Y16T24,From 16 to 24 years,M,Male,_T,Total,_T,Total,_T,Total,2015,,87.17020918,,D,Definition differs,,,,,0,Units,,,2,Two,M_Y16_24,Male aged 16-24
DATAFLOW,OECD.STI.DEP:DSD_ICT_HH_IND@DF_IND(1.1),ICT Access and Usage by Individuals,I,KOR,Korea,A,Annual,D1B_I,Individuals using the internet for accessing social networking sites - last 3 m,PT_POP,Percentage of population,_Z,Not applicable,Y16T24,From 16 to 24 years,M,Male,_T,Total,_T,Total,_T,Total,2016,,86.45061085,,D,Definition differs,,,,,0,Units,,,2,Two,M_Y16_24,Male aged 16-24
DATAFLOW,OECD.STI.DEP:DSD_ICT_HH_IND@DF_IND(1.1),ICT Access and Usage by Individuals,I,KOR,Korea,A,Annual,D1B_I,Individuals using the internet for accessing social networking sites - last 3 m,PT_POP,Percentage of population,_Z,Not applicable,Y16T24,From 16 to 24 years,M,Male,_T,Total,_T,Total,_T,Total,2017,,90.54649691,,D,Definition differs,,,,,0,Units,,,2,Two,M_Y16_24,Male aged 16-24
DATAFLOW,OECD.STI.DEP:DSD_ICT_HH_IND@DF_IND(1.1),ICT Access and Usage by Individuals,I,KOR,Korea,A,Annual,D1B_I,Individuals using the internet for accessing social networking sites - last 3 m,PT_POP,Percentage of population,_Z,Not applicable,Y16T24,From 16 to 24 years,M,Male,_T,Total,_T,Total,_T,Total,2018,,87.90841616,,D,Definition differs,,,,,0,Units,,,2,Two,M_Y16_24,Male aged 16-24
DATAFLOW,OECD.STI.DEP:DSD_ICT_HH_IND@DF_IND(1.1),ICT Access and Usage by Individuals,I,KOR,Korea,A,Annual,D1B_I,Individuals using the internet for accessing social networking sites - last 3 m,PT_POP,Percentage of population,_Z,Not applicable,Y16T24,From 16 to 24 years,M,Male,_T,Total,_T,Total,_T,Total,2019,,82.91903612,,D,Definition differs,,,,,0,Units,,,2,Two,M_Y16_24,Male aged 16-24
DATAFLOW,OECD.STI.DEP:DSD_ICT_HH_IND@DF_IND(1.1),ICT Access and Usage by Individuals,I,KOR,Korea,A,Annual,D1B_I,Individuals using the internet for accessing social networking sites - last 3 m,PT_POP,Percentage of population,_Z,Not applicable,Y16T24,From 16 to 24 years,M,Male,_T,Total,_T,Total,_T,Total,2020,,85.6176484,,D,Definition differs,,,,,0,Units,,,2,Two,M_Y16_24,Male aged 16-24
DATAFLOW,OECD.STI.DEP:DSD_ICT_HH_IND@DF_IND(1.1),ICT Access and Usage by Individuals,I,USA,United States,A,Annual,D1B_I,Individuals using the internet for accessing social networking sites - last 3 m,PT_POP,Percentage of population,_Z,Not applicable,Y16T24,From 16 to 24 years,M,Male,_T,Total,_T,Total,_T,Total,2021,,73.26,,D,Definition differs,,,,,0,Units,,,2,Two,M_Y16_24,Male aged 16-24
DATAFLOW,OECD.STI.DEP:DSD_ICT_HH_IND@DF_IND(1.1),ICT Access and Usage by Individuals,I,USA,United States,A,Annual,D1B_I,Individuals using the internet for accessing social networking sites - last 3 m,PT_POP,Percentage of population,_Z,Not applicable,Y_GE75,75 years or over,_T,Total,_T,Total,_T,Total,_T,Total,2015,,16.147577,,D,Definition differs,,,,,0,Units,,,2,Two,Y75_MAX,Individuals aged 75 and over
DATAFLOW,OECD.STI.DEP:DSD_ICT_HH_IND@DF_IND(1.1),ICT Access and Usage by Individuals,I,USA,United States,A,Annual,D1B_I,Individuals using the internet for accessing social networking sites - last 3 m,PT_POP,Percentage of population,_Z,Not applicable,Y_GE75,75 years or over,_T,Total,_T,Total,_T,Total,_T,Total,2017,,23.401792,,D,Definition differs,,,,,0,Units,,,2,Two,Y75_MAX,Individuals aged 75 and over
DATAFLOW,OECD.STI.DEP:DSD_ICT_HH_IND@DF_IND(1.1),ICT Access and Usage by Individuals,I,USA,United States,A,Annual,D1B_I,Individuals using the internet for accessing social networking sites - last 3 m,PT_POP,Percentage of population,_Z,Not applicable,Y_GE75,75 years or over,_T,Total,_T,Total,_T,Total,_T,Total,2019,,26.88,,D,Definition differs,,,,,0,Units,,,2,Two,Y75_MAX,Individuals aged 75 and over
DATAFLOW,OECD.STI.DEP:DSD_ICT_HH_IND@DF_IND(1.1),ICT Access and Usage by Individuals,I,USA,United States,A,Annual,D1B_I,Individuals using the internet for accessing social networking sites - last 3 m,PT_POP,Percentage of population,_Z,Not applicable,Y_GE75,75 years or over,_T,Total,_T,Total,_T,Total,_T,Total,2021,,30.6,,D,Definition differs,,,,,0,Units,,,2,Two,Y75_MAX,Individuals aged 75 and over
DATAFLOW,OECD.STI.DEP:DSD_ICT_HH_IND@DF_IND(1.1),ICT Access and Usage by Individuals,I,USA,United States,A,Annual,D1B_I,Individuals using the internet for accessing social networking sites - last 3 m,PT_POP,Percentage of population,_Z,Not applicable,Y_GE75,75 years or over,_T,Total,_T,Total,_T,Total,_T,Total,2023,,34.78,,D,Definition differs,,,,,0,Units,,,2,Two,Y75_MAX,Individuals aged 75 and over
DATAFLOW,OECD.STI.DEP:DSD_ICT_HH_IND@DF_IND(1.1),ICT Access and Usage by Individuals,I,KOR,Korea,A,Annual,D1B_I,Individuals using the internet for accessing social networking sites - last 3 m,PT_POP,Percentage of population,_Z,Not applicable,Y_GE75,75 years or over,_T,Total,_T,Total,_T,Total,_T,Total,2010,,0.361360864,,D,Definition differs,,,,,0,Units,,,2,Two,Y75_MAX,Individuals aged 75 and over
DATAFLOW,OECD.STI.DEP:DSD_ICT_HH_IND@DF_IND(1.1),ICT Access and Usage by Individuals,I,KOR,Korea,A,Annual,D1B_I,Individuals using the internet for accessing social networking sites - last 3 m,PT_POP,Percentage of population,_Z,Not applicable,Y_GE75,75 years or over,_T,Total,_T,Total,_T,Total,_T,Total,2011,,1.043399737,,D,Definition differs,,,,,0,Units,,,2,Two,Y75_MAX,Individuals aged 75 and over
DATAFLOW,OECD.STI.DEP:DSD_ICT_HH_IND@DF_IND(1.1),ICT Access and Usage by Individuals,I,KOR,Korea,A,Annual,D1B_I,Individuals using the internet for accessing social networking sites - last 3 m,PT_POP,Percentage of population,_Z,Not applicable,Y_GE75,75 years or over,_T,Total,_T,Total,_T,Total,_T,Total,2012,,1.384646547,,D,Definition differs,,,,,0,Units,,,2,Two,Y75_MAX,Individuals aged 75 and over
DATAFLOW,OECD.STI.DEP:DSD_ICT_HH_IND@DF_IND(1.1),ICT Access and Usage by Individuals,I,KOR,Korea,A,Annual,D1B_I,Individuals using the internet for accessing social networking sites - last 3 m,PT_POP,Percentage of population,_Z,Not applicable,Y_GE75,75 years or over,_T,Total,_T,Total,_T,Total,_T,Total,2013,,0.623639743,,D,Definition differs,,,,,0,Units,,,2,Two,Y75_MAX,Individuals aged 75 and over
DATAFLOW,OECD.STI.DEP:DSD_ICT_HH_IND@DF_IND(1.1),ICT Access and Usage by Individuals,I,KOR,Korea,A,Annual,D1B_I,Individuals using the internet for accessing social networking sites - last 3 m,PT_POP,Percentage of population,_Z,Not applicable,Y_GE75,75 years or over,_T,Total,_T,Total,_T,Total,_T,Total,2014,,0.597212003,,D,Definition differs,,,,,0,Units,,,2,Two,Y75_MAX,Individuals aged 75 and over
DATAFLOW,OECD.STI.DEP:DSD_ICT_HH_IND@DF_IND(1.1),ICT Access and Usage by Individuals,I,KOR,Korea,A,Annual,D1B_I,Individuals using the internet for accessing social networking sites - last 3 m,PT_POP,Percentage of population,_Z,Not applicable,Y_GE75,75 years or over,_T,Total,_T,Total,_T,Total,_T,Total,2015,,1.071054705,,D,Definition differs,,,,,0,Units,,,2,Two,Y75_MAX,Individuals aged 75 and over
DATAFLOW,OECD.STI.DEP:DSD_ICT_HH_IND@DF_IND(1.1),ICT Access and Usage by Individuals,I,KOR,Korea,A,Annual,D1B_I,Individuals using the internet for accessing social networking sites - last 3 m,PT_POP,Percentage of population,_Z,Not applicable,Y_GE75,75 years or over,_T,Total,_T,Total,_T,Total,_T,Total,2016,,0.804818137,,D,Definition differs,,,,,0,Units,,,2,Two,Y75_MAX,Individuals aged 75 and over
DATAFLOW,OECD.STI.DEP:DSD_ICT_HH_IND@DF_IND(1.1),ICT Access and Usage by Individuals,I,KOR,Korea,A,Annual,D1B_I,Individuals using the internet for accessing social networking sites - last 3 m,PT_POP,Percentage of population,_Z,Not applicable,Y_GE75,75 years or over,_T,Total,_T,Total,_T,Total,_T,Total,2017,,1.110958652,,D,Definition differs,,,,,0,Units,,,2,Two,Y75_MAX,Individuals aged 75 and over
DATAFLOW,OECD.STI.DEP:DSD_ICT_HH_IND@DF_IND(1.1),ICT Access and Usage by Individuals,I,KOR,Korea,A,Annual,D1B_I,Individuals using the internet for accessing social networking sites - last 3 m,PT_POP,Percentage of population,_Z,Not applicable,Y_GE75,75 years or over,_T,Total,_T,Total,_T,Total,_T,Total,2018,,1.849951123,,D,Definition differs,,,,,0,Units,,,2,Two,Y75_MAX,Individuals aged 75 and over
DATAFLOW,OECD.STI.DEP:DSD_ICT_HH_IND@DF_IND(1.1),ICT Access and Usage by Individuals,I,KOR,Korea,A,Annual,D1B_I,Individuals using the internet for accessing social networking sites - last 3 m,PT_POP,Percentage of population,_Z,Not applicable,Y_GE75,75 years or over,_T,Total,_T,Total,_T,Total,_T,Total,2019,,7.216700197,,D,Definition differs,,,,,0,Units,,,2,Two,Y75_MAX,Individuals aged 75 and over
DATAFLOW,OECD.STI.DEP:DSD_ICT_HH_IND@DF_IND(1.1),ICT Access and Usage by Individuals,I,KOR,Korea,A,Annual,D1B_I,Individuals using the internet for accessing social networking sites - last 3 m,PT_POP,Percentage of population,_Z,Not applicable,Y_GE75,75 years or over,_T,Total,_T,Total,_T,Total,_T,Total,2020,,4.568461184,,D,Definition differs,,,,,0,Units,,,2,Two,Y75_MAX,Individuals aged 75 and over
DATAFLOW,OECD.STI.DEP:DSD_ICT_HH_IND@DF_IND(1.1),ICT Access and Usage by Individuals,I,USA,United States,A,Annual,D1B_I,Individuals using the internet for accessing social networking sites - last 3 m,PT_POP,Percentage of population,_Z,Not applicable,Y55T74,From 55 to 74 years,_T,Total,LO,Low level of educational attainment,_T,Total,_T,Total,2015,,15.472205,,D,Definition differs,,,,,0,Units,,,2,Two,Y55_74LO,Individuals aged 55-74 with no or a low level of educational attainment
DATAFLOW,OECD.STI.DEP:DSD_ICT_HH_IND@DF_IND(1.1),ICT Access and Usage by Individuals,I,USA,United States,A,Annual,D1B_I,Individuals using the internet for accessing social networking sites - last 3 m,PT_POP,Percentage of population,_Z,Not applicable,Y55T74,From 55 to 74 years,_T,Total,LO,Low level of educational attainment,_T,Total,_T,Total,2017,,22.578798,,D,Definition differs,,,,,0,Units,,,2,Two,Y55_74LO,Individuals aged 55-74 with no or a low level of educational attainment
DATAFLOW,OECD.STI.DEP:DSD_ICT_HH_IND@DF_IND(1.1),ICT Access and Usage by Individuals,I,USA,United States,A,Annual,D1B_I,Individuals using the internet for accessing social networking sites - last 3 m,PT_POP,Percentage of population,_Z,Not applicable,Y55T74,From 55 to 74 years,_T,Total,LO,Low level of educational attainment,_T,Total,_T,Total,2019,,27.18,,D,Definition differs,,,,,0,Units,,,2,Two,Y55_74LO,Individuals aged 55-74 with no or a low level of educational attainment
DATAFLOW,OECD.STI.DEP:DSD_ICT_HH_IND@DF_IND(1.1),ICT Access and Usage by Individuals,I,USA,United States,A,Annual,D1B_I,Individuals using the internet for accessing social networking sites - last 3 m,PT_POP,Percentage of population,_Z,Not applicable,Y55T74,From 55 to 74 years,_T,Total,LO,Low level of educational attainment,_T,Total,_T,Total,2023,,37.62,,D,Definition differs,,,,,0,Units,,,2,Two,Y55_74LO,Individuals aged 55-74 with no or a low level of educational attainment
DATAFLOW,OECD.STI.DEP:DSD_ICT_HH_IND@DF_IND(1.1),ICT Access and Usage by Individuals,I,USA,United States,A,Annual,D1B_I,Individuals using the internet for accessing social networking sites - last 3 m,PT_POP,Percentage of population,_Z,Not applicable,Y55T74,From 55 to 74 years,_T,Total,LO,Low level of educational attainment,_T,Total,_T,Total,2021,,31.4,,D,Definition differs,,,,,0,Units,,,2,Two,Y55_74LO,Individuals aged 55-74 with no or a low level of educational attainment
DATAFLOW,OECD.STI.DEP:DSD_ICT_HH_IND@DF_IND(1.1),ICT Access and Usage by Individuals,I,KOR,Korea,A,Annual,D1B_I,Individuals using the internet for accessing social networking sites - last 3 m,PT_POP,Percentage of population,_Z,Not applicable,Y55T74,From 55 to 74 years,_T,Total,LO,Low level of educational attainment,_T,Total,_T,Total,2010,,2.731753589,,D,Definition differs,,,,,0,Units,,,2,Two,Y55_74LO,Individuals aged 55-74 with no or a low level of educational attainment
DATAFLOW,OECD.STI.DEP:DSD_ICT_HH_IND@DF_IND(1.1),ICT Access and Usage by Individuals,I,KOR,Korea,A,Annual,D1B_I,Individuals using the internet for accessing social networking sites - last 3 m,PT_POP,Percentage of population,_Z,Not applicable,Y55T74,From 55 to 74 years,_T,Total,LO,Low level of educational attainment,_T,Total,_T,Total,2011,,3.32278039,,D,Definition differs,,,,,0,Units,,,2,Two,Y55_74LO,Individuals aged 55-74 with no or a low level of educational attainment
DATAFLOW,OECD.STI.DEP:DSD_ICT_HH_IND@DF_IND(1.1),ICT Access and Usage by Individuals,I,KOR,Korea,A,Annual,D1B_I,Individuals using the internet for accessing social networking sites - last 3 m,PT_POP,Percentage of population,_Z,Not applicable,Y55T74,From 55 to 74 years,_T,Total,LO,Low level of educational attainment,_T,Total,_T,Total,2012,,4.405444299,,D,Definition differs,,,,,0,Units,,,2,Two,Y55_74LO,Individuals aged 55-74 with no or a low level of educational attainment
DATAFLOW,OECD.STI.DEP:DSD_ICT_HH_IND@DF_IND(1.1),ICT Access and Usage by Individuals,I,KOR,Korea,A,Annual,D1B_I,Individuals using the internet for accessing social networking sites - last 3 m,PT_POP,Percentage of population,_Z,Not applicable,Y55T74,From 55 to 74 years,_T,Total,LO,Low level of educational attainment,_T,Total,_T,Total,2013,,1.890630017,,D,Definition differs,,,,,0,Units,,,2,Two,Y55_74LO,Individuals aged 55-74 with no or a low level of educational attainment
DATAFLOW,OECD.STI.DEP:DSD_ICT_HH_IND@DF_IND(1.1),ICT Access and Usage by Individuals,I,KOR,Korea,A,Annual,D1B_I,Individuals using the internet for accessing social networking sites - last 3 m,PT_POP,Percentage of population,_Z,Not applicable,Y55T74,From 55 to 74 years,_T,Total,LO,Low level of educational attainment,_T,Total,_T,Total,2014,,3.894665741,,D,Definition differs,,,,,0,Units,,,2,Two,Y55_74LO,Individuals aged 55-74 with no or a low level of educational attainment
DATAFLOW,OECD.STI.DEP:DSD_ICT_HH_IND@DF_IND(1.1),ICT Access and Usage by Individuals,I,KOR,Korea,A,Annual,D1B_I,Individuals using the internet for accessing social networking sites - last 3 m,PT_POP,Percentage of population,_Z,Not applicable,Y55T74,From 55 to 74 years,_T,Total,LO,Low level of educational attainment,_T,Total,_T,Total,2015,,8.27577557,,D,Definition differs,,,,,0,Units,,,2,Two,Y55_74LO,Individuals aged 55-74 with no or a low level of educational attainment
DATAFLOW,OECD.STI.DEP:DSD_ICT_HH_IND@DF_IND(1.1),ICT Access and Usage by Individuals,I,KOR,Korea,A,Annual,D1B_I,Individuals using the internet for accessing social networking sites - last 3 m,PT_POP,Percentage of population,_Z,Not applicable,Y55T74,From 55 to 74 years,_T,Total,LO,Low level of educational attainment,_T,Total,_T,Total,2016,,13.76597834,,D,Definition differs,,,,,0,Units,,,2,Two,Y55_74LO,Individuals aged 55-74 with no or a low level of educational attainment
DATAFLOW,OECD.STI.DEP:DSD_ICT_HH_IND@DF_IND(1.1),ICT Access and Usage by Individuals,I,KOR,Korea,A,Annual,D1B_I,Individuals using the internet for accessing social networking sites - last 3 m,PT_POP,Percentage of population,_Z,Not applicable,Y55T74,From 55 to 74 years,_T,Total,LO,Low level of educational attainment,_T,Total,_T,Total,2017,,17.87336639,,D,Definition differs,,,,,0,Units,,,2,Two,Y55_74LO,Individuals aged 55-74 with no or a low level of educational attainment
DATAFLOW,OECD.STI.DEP:DSD_ICT_HH_IND@DF_IND(1.1),ICT Access and Usage by Individuals,I,KOR,Korea,A,Annual,D1B_I,Individuals using the internet for accessing social networking sites - last 3 m,PT_POP,Percentage of population,_Z,Not applicable,Y55T74,From 55 to 74 years,_T,Total,LO,Low level of educational attainment,_T,Total,_T,Total,2018,,20.15678575,,D,Definition differs,,,,,0,Units,,,2,Two,Y55_74LO,Individuals aged 55-74 with no or a low level of educational attainment
DATAFLOW,OECD.STI.DEP:DSD_ICT_HH_IND@DF_IND(1.1),ICT Access and Usage by Individuals,I,KOR,Korea,A,Annual,D1B_I,Individuals using the internet for accessing social networking sites - last 3 m,PT_POP,Percentage of population,_Z,Not applicable,Y55T74,From 55 to 74 years,_T,Total,LO,Low level of educational attainment,_T,Total,_T,Total,2019,,19.47391344,,D,Definition differs,,,,,0,Units,,,2,Two,Y55_74LO,Individuals aged 55-74 with no or a low level of educational attainment
DATAFLOW,OECD.STI.DEP:DSD_ICT_HH_IND@DF_IND(1.1),ICT Access and Usage by Individuals,I,KOR,Korea,A,Annual,D1B_I,Individuals using the internet for accessing social networking sites - last 3 m,PT_POP,Percentage of population,_Z,Not applicable,Y55T74,From 55 to 74 years,_T,Total,LO,Low level of educational attainment,_T,Total,_T,Total,2020,,20.26542768,,D,Definition differs,,,,,0,Units,,,2,Two,Y55_74LO,Individuals aged 55-74 with no or a low level of educational attainment
DATAFLOW,OECD.STI.DEP:DSD_ICT_HH_IND@DF_IND(1.1),ICT Access and Usage by Individuals,I,USA,United States,A,Annual,D1B_I,Individuals using the internet for accessing social networking sites - last 3 m,PT_POP,Percentage of population,_Z,Not applicable,Y55T74,From 55 to 74 years,_T,Total,_T,Total,_T,Total,_T,Total,2015,,37.34034,,D,Definition differs,,,,,0,Units,,,2,Two,Y55_74,Individuals aged 55-74
DATAFLOW,OECD.STI.DEP:DSD_ICT_HH_IND@DF_IND(1.1),ICT Access and Usage by Individuals,I,USA,United States,A,Annual,D1B_I,Individuals using the internet for accessing social networking sites - last 3 m,PT_POP,Percentage of population,_Z,Not applicable,Y55T74,From 55 to 74 years,_T,Total,_T,Total,_T,Total,_T,Total,2017,,44.77572,,D,Definition differs,,,,,0,Units,,,2,Two,Y55_74,Individuals aged 55-74
DATAFLOW,OECD.STI.DEP:DSD_ICT_HH_IND@DF_IND(1.1),ICT Access and Usage by Individuals,I,USA,United States,A,Annual,D1B_I,Individuals using the internet for accessing social networking sites - last 3 m,PT_POP,Percentage of population,_Z,Not applicable,Y55T74,From 55 to 74 years,_T,Total,_T,Total,_T,Total,_T,Total,2019,,47.13,,D,Definition differs,,,,,0,Units,,,2,Two,Y55_74,Individuals aged 55-74
DATAFLOW,OECD.STI.DEP:DSD_ICT_HH_IND@DF_IND(1.1),ICT Access and Usage by Individuals,I,USA,United States,A,Annual,D1B_I,Individuals using the internet for accessing social networking sites - last 3 m,PT_POP,Percentage of population,_Z,Not applicable,Y55T74,From 55 to 74 years,_T,Total,_T,Total,_T,Total,_T,Total,2023,,55.11,,D,Definition differs,,,,,0,Units,,,2,Two,Y55_74,Individuals aged 55-74
DATAFLOW,OECD.STI.DEP:DSD_ICT_HH_IND@DF_IND(1.1),ICT Access and Usage by Individuals,I,KOR,Korea,A,Annual,D1B_I,Individuals using the internet for accessing social networking sites - last 3 m,PT_POP,Percentage of population,_Z,Not applicable,Y55T74,From 55 to 74 years,_T,Total,_T,Total,_T,Total,_T,Total,2010,,8.242588817,,D,Definition differs,,,,,0,Units,,,2,Two,Y55_74,Individuals aged 55-74
DATAFLOW,OECD.STI.DEP:DSD_ICT_HH_IND@DF_IND(1.1),ICT Access and Usage by Individuals,I,KOR,Korea,A,Annual,D1B_I,Individuals using the internet for accessing social networking sites - last 3 m,PT_POP,Percentage of population,_Z,Not applicable,Y55T74,From 55 to 74 years,_T,Total,_T,Total,_T,Total,_T,Total,2011,,8.973259529,,D,Definition differs,,,,,0,Units,,,2,Two,Y55_74,Individuals aged 55-74
DATAFLOW,OECD.STI.DEP:DSD_ICT_HH_IND@DF_IND(1.1),ICT Access and Usage by Individuals,I,KOR,Korea,A,Annual,D1B_I,Individuals using the internet for accessing social networking sites - last 3 m,PT_POP,Percentage of population,_Z,Not applicable,Y55T74,From 55 to 74 years,_T,Total,_T,Total,_T,Total,_T,Total,2012,,10.61216023,,D,Definition differs,,,,,0,Units,,,2,Two,Y55_74,Individuals aged 55-74
DATAFLOW,OECD.STI.DEP:DSD_ICT_HH_IND@DF_IND(1.1),ICT Access and Usage by Individuals,I,KOR,Korea,A,Annual,D1B_I,Individuals using the internet for accessing social networking sites - last 3 m,PT_POP,Percentage of population,_Z,Not applicable,Y55T74,From 55 to 74 years,_T,Total,_T,Total,_T,Total,_T,Total,2013,,7.441412125,,D,Definition differs,,,,,0,Units,,,2,Two,Y55_74,Individuals aged 55-74
DATAFLOW,OECD.STI.DEP:DSD_ICT_HH_IND@DF_IND(1.1),ICT Access and Usage by Individuals,I,KOR,Korea,A,Annual,D1B_I,Individuals using the internet for accessing social networking sites - last 3 m,PT_POP,Percentage of population,_Z,Not applicable,Y55T74,From 55 to 74 years,_T,Total,_T,Total,_T,Total,_T,Total,2014,,13.52419373,,D,Definition differs,,,,,0,Units,,,2,Two,Y55_74,Individuals aged 55-74
DATAFLOW,OECD.STI.DEP:DSD_ICT_HH_IND@DF_IND(1.1),ICT Access and Usage by Individuals,I,KOR,Korea,A,Annual,D1B_I,Individuals using the internet for accessing social networking sites - last 3 m,PT_POP,Percentage of population,_Z,Not applicable,Y55T74,From 55 to 74 years,_T,Total,_T,Total,_T,Total,_T,Total,2015,,21.92075655,,D,Definition differs,,,,,0,Units,,,2,Two,Y55_74,Individuals aged 55-74
DATAFLOW,OECD.STI.DEP:DSD_ICT_HH_IND@DF_IND(1.1),ICT Access and Usage by Individuals,I,KOR,Korea,A,Annual,D1B_I,Individuals using the internet for accessing social networking sites - last 3 m,PT_POP,Percentage of population,_Z,Not applicable,Y55T74,From 55 to 74 years,_T,Total,_T,Total,_T,Total,_T,Total,2016,,26.98113288,,D,Definition differs,,,,,0,Units,,,2,Two,Y55_74,Individuals aged 55-74
DATAFLOW,OECD.STI.DEP:DSD_ICT_HH_IND@DF_IND(1.1),ICT Access and Usage by Individuals,I,KOR,Korea,A,Annual,D1B_I,Individuals using the internet for accessing social networking sites - last 3 m,PT_POP,Percentage of population,_Z,Not applicable,Y55T74,From 55 to 74 years,_T,Total,_T,Total,_T,Total,_T,Total,2017,,31.89021188,,D,Definition differs,,,,,0,Units,,,2,Two,Y55_74,Individuals aged 55-74
DATAFLOW,OECD.STI.DEP:DSD_ICT_HH_IND@DF_IND(1.1),ICT Access and Usage by Individuals,I,KOR,Korea,A,Annual,D1B_I,Individuals using the internet for accessing social networking sites - last 3 m,PT_POP,Percentage of population,_Z,Not applicable,Y55T74,From 55 to 74 years,_T,Total,_T,Total,_T,Total,_T,Total,2018,,33.32090461,,D,Definition differs,,,,,0,Units,,,2,Two,Y55_74,Individuals aged 55-74
DATAFLOW,OECD.STI.DEP:DSD_ICT_HH_IND@DF_IND(1.1),ICT Access and Usage by Individuals,I,KOR,Korea,A,Annual,D1B_I,Individuals using the internet for accessing social networking sites - last 3 m,PT_POP,Percentage of population,_Z,Not applicable,Y55T74,From 55 to 74 years,_T,Total,_T,Total,_T,Total,_T,Total,2019,,37.94803083,,D,Definition differs,,,,,0,Units,,,2,Two,Y55_74,Individuals aged 55-74
DATAFLOW,OECD.STI.DEP:DSD_ICT_HH_IND@DF_IND(1.1),ICT Access and Usage by Individuals,I,KOR,Korea,A,Annual,D1B_I,Individuals using the internet for accessing social networking sites - last 3 m,PT_POP,Percentage of population,_Z,Not applicable,Y55T74,From 55 to 74 years,_T,Total,_T,Total,_T,Total,_T,Total,2020,,38.49129195,,D,Definition differs,,,,,0,Units,,,2,Two,Y55_74,Individuals aged 55-74
DATAFLOW,OECD.STI.DEP:DSD_ICT_HH_IND@DF_IND(1.1),ICT Access and Usage by Individuals,I,USA,United States,A,Annual,D1B_I,Individuals using the internet for accessing social networking sites - last 3 m,PT_POP,Percentage of population,_Z,Not applicable,Y55T74,From 55 to 74 years,_T,Total,_T,Total,_T,Total,_T,Total,2021,,49.54,,D,Definition differs,,,,,0,Units,,,2,Two,Y55_74,Individuals aged 55-74
DATAFLOW,OECD.STI.DEP:DSD_ICT_HH_IND@DF_IND(1.1),ICT Access and Usage by Individuals,I,USA,United States,A,Annual,D1B_I,Individuals using the internet for accessing social networking sites - last 3 m,PT_POP,Percentage of population,_Z,Not applicable,Y55T74,From 55 to 74 years,_T,Total,HI,High level of educational attainment,_T,Total,_T,Total,2015,,46.773636,,D,Definition differs,,,,,0,Units,,,2,Two,Y55_74HI,Individuals aged 55-74 with a high level of educational attainment
DATAFLOW,OECD.STI.DEP:DSD_ICT_HH_IND@DF_IND(1.1),ICT Access and Usage by Individuals,I,USA,United States,A,Annual,D1B_I,Individuals using the internet for accessing social networking sites - last 3 m,PT_POP,Percentage of population,_Z,Not applicable,Y55T74,From 55 to 74 years,_T,Total,HI,High level of educational attainment,_T,Total,_T,Total,2017,,53.128712,,D,Definition differs,,,,,0,Units,,,2,Two,Y55_74HI,Individuals aged 55-74 with a high level of educational attainment
DATAFLOW,OECD.STI.DEP:DSD_ICT_HH_IND@DF_IND(1.1),ICT Access and Usage by Individuals,I,USA,United States,A,Annual,D1B_I,Individuals using the internet for accessing social networking sites - last 3 m,PT_POP,Percentage of population,_Z,Not applicable,Y55T74,From 55 to 74 years,_T,Total,HI,High level of educational attainment,_T,Total,_T,Total,2019,,54.78,,D,Definition differs,,,,,0,Units,,,2,Two,Y55_74HI,Individuals aged 55-74 with a high level of educational attainment
DATAFLOW,OECD.STI.DEP:DSD_ICT_HH_IND@DF_IND(1.1),ICT Access and Usage by Individuals,I,USA,United States,A,Annual,D1B_I,Individuals using the internet for accessing social networking sites - last 3 m,PT_POP,Percentage of population,_Z,Not applicable,Y55T74,From 55 to 74 years,_T,Total,HI,High level of educational attainment,_T,Total,_T,Total,2023,,61.32,,D,Definition differs,,,,,0,Units,,,2,Two,Y55_74HI,Individuals aged 55-74 with a high level of educational attainment
DATAFLOW,OECD.STI.DEP:DSD_ICT_HH_IND@DF_IND(1.1),ICT Access and Usage by Individuals,I,KOR,Korea,A,Annual,D1B_I,Individuals using the internet for accessing social networking sites - last 3 m,PT_POP,Percentage of population,_Z,Not applicable,Y55T74,From 55 to 74 years,_T,Total,HI,High level of educational attainment,_T,Total,_T,Total,2010,,34.74744254,,D,Definition differs,,,,,0,Units,,,2,Two,Y55_74HI,Individuals aged 55-74 with a high level of educational attainment
DATAFLOW,OECD.STI.DEP:DSD_ICT_HH_IND@DF_IND(1.1),ICT Access and Usage by Individuals,I,KOR,Korea,A,Annual,D1B_I,Individuals using the internet for accessing social networking sites - last 3 m,PT_POP,Percentage of population,_Z,Not applicable,Y55T74,From 55 to 74 years,_T,Total,HI,High level of educational attainment,_T,Total,_T,Total,2011,,35.23219045,,D,Definition differs,,,,,0,Units,,,2,Two,Y55_74HI,Individuals aged 55-74 with a high level of educational attainment
DATAFLOW,OECD.STI.DEP:DSD_ICT_HH_IND@DF_IND(1.1),ICT Access and Usage by Individuals,I,KOR,Korea,A,Annual,D1B_I,Individuals using the internet for accessing social networking sites - last 3 m,PT_POP,Percentage of population,_Z,Not applicable,Y55T74,From 55 to 74 years,_T,Total,HI,High level of educational attainment,_T,Total,_T,Total,2012,,37.33503437,,D,Definition differs,,,,,0,Units,,,2,Two,Y55_74HI,Individuals aged 55-74 with a high level of educational attainment
DATAFLOW,OECD.STI.DEP:DSD_ICT_HH_IND@DF_IND(1.1),ICT Access and Usage by Individuals,I,KOR,Korea,A,Annual,D1B_I,Individuals using the internet for accessing social networking sites - last 3 m,PT_POP,Percentage of population,_Z,Not applicable,Y55T74,From 55 to 74 years,_T,Total,HI,High level of educational attainment,_T,Total,_T,Total,2013,,32.86826201,,D,Definition differs,,,,,0,Units,,,2,Two,Y55_74HI,Individuals aged 55-74 with a high level of educational attainment
DATAFLOW,OECD.STI.DEP:DSD_ICT_HH_IND@DF_IND(1.1),ICT Access and Usage by Individuals,I,KOR,Korea,A,Annual,D1B_I,Individuals using the internet for accessing social networking sites - last 3 m,PT_POP,Percentage of population,_Z,Not applicable,Y55T74,From 55 to 74 years,_T,Total,HI,High level of educational attainment,_T,Total,_T,Total,2014,,43.49787754,,D,Definition differs,,,,,0,Units,,,2,Two,Y55_74HI,Individuals aged 55-74 with a high level of educational attainment
DATAFLOW,OECD.STI.DEP:DSD_ICT_HH_IND@DF_IND(1.1),ICT Access and Usage by Individuals,I,KOR,Korea,A,Annual,D1B_I,Individuals using the internet for accessing social networking sites - last 3 m,PT_POP,Percentage of population,_Z,Not applicable,Y55T74,From 55 to 74 years,_T,Total,HI,High level of educational attainment,_T,Total,_T,Total,2015,,51.35440255,,D,Definition differs,,,,,0,Units,,,2,Two,Y55_74HI,Individuals aged 55-74 with a high level of educational attainment
DATAFLOW,OECD.STI.DEP:DSD_ICT_HH_IND@DF_IND(1.1),ICT Access and Usage by Individuals,I,KOR,Korea,A,Annual,D1B_I,Individuals using the internet for accessing social networking sites - last 3 m,PT_POP,Percentage of population,_Z,Not applicable,Y55T74,From 55 to 74 years,_T,Total,HI,High level of educational attainment,_T,Total,_T,Total,2016,,52.32903576,,D,Definition differs,,,,,0,Units,,,2,Two,Y55_74HI,Individuals aged 55-74 with a high level of educational attainment
DATAFLOW,OECD.STI.DEP:DSD_ICT_HH_IND@DF_IND(1.1),ICT Access and Usage by Individuals,I,KOR,Korea,A,Annual,D1B_I,Individuals using the internet for accessing social networking sites - last 3 m,PT_POP,Percentage of population,_Z,Not applicable,Y55T74,From 55 to 74 years,_T,Total,HI,High level of educational attainment,_T,Total,_T,Total,2017,,53.15831948,,D,Definition differs,,,,,0,Units,,,2,Two,Y55_74HI,Individuals aged 55-74 with a high level of educational attainment
DATAFLOW,OECD.STI.DEP:DSD_ICT_HH_IND@DF_IND(1.1),ICT Access and Usage by Individuals,I,KOR,Korea,A,Annual,D1B_I,Individuals using the internet for accessing social networking sites - last 3 m,PT_POP,Percentage of population,_Z,Not applicable,Y55T74,From 55 to 74 years,_T,Total,HI,High level of educational attainment,_T,Total,_T,Total,2018,,48.30058622,,D,Definition differs,,,,,0,Units,,,2,Two,Y55_74HI,Individuals aged 55-74 with a high level of educational attainment
DATAFLOW,OECD.STI.DEP:DSD_ICT_HH_IND@DF_IND(1.1),ICT Access and Usage by Individuals,I,KOR,Korea,A,Annual,D1B_I,Individuals using the internet for accessing social networking sites - last 3 m,PT_POP,Percentage of population,_Z,Not applicable,Y55T74,From 55 to 74 years,_T,Total,HI,High level of educational attainment,_T,Total,_T,Total,2019,,62.24137822,,D,Definition differs,,,,,0,Units,,,2,Two,Y55_74HI,Individuals aged 55-74 with a high level of educational attainment
DATAFLOW,OECD.STI.DEP:DSD_ICT_HH_IND@DF_IND(1.1),ICT Access and Usage by Individuals,I,KOR,Korea,A,Annual,D1B_I,Individuals using the internet for accessing social networking sites - last 3 m,PT_POP,Percentage of population,_Z,Not applicable,Y55T74,From 55 to 74 years,_T,Total,HI,High level of educational attainment,_T,Total,_T,Total,2020,,57.42946681,,D,Definition differs,,,,,0,Units,,,2,Two,Y55_74HI,Individuals aged 55-74 with a high level of educational attainment
DATAFLOW,OECD.STI.DEP:DSD_ICT_HH_IND@DF_IND(1.1),ICT Access and Usage by Individuals,I,USA,United States,A,Annual,D1B_I,Individuals using the internet for accessing social networking sites - last 3 m,PT_POP,Percentage of population,_Z,Not applicable,Y55T74,From 55 to 74 years,_T,Total,HI,High level of educational attainment,_T,Total,_T,Total,2021,,55.29,,D,Definition differs,,,,,0,Units,,,2,Two,Y55_74HI,Individuals aged 55-74 with a high level of educational attainment
DATAFLOW,OECD.STI.DEP:DSD_ICT_HH_IND@DF_IND(1.1),ICT Access and Usage by Individuals,I,USA,United States,A,Annual,D1B_I,Individuals using the internet for accessing social networking sites - last 3 m,PT_POP,Percentage of population,_Z,Not applicable,Y55T74,From 55 to 74 years,_T,Total,ME,Middle level of educational attainment,_T,Total,_T,Total,2015,,34.192917,,D,Definition differs,,,,,0,Units,,,2,Two,Y55_74ME,Individuals aged 55-74 with a middle level of educational attainment
DATAFLOW,OECD.STI.DEP:DSD_ICT_HH_IND@DF_IND(1.1),ICT Access and Usage by Individuals,I,USA,United States,A,Annual,D1B_I,Individuals using the internet for accessing social networking sites - last 3 m,PT_POP,Percentage of population,_Z,Not applicable,Y55T74,From 55 to 74 years,_T,Total,ME,Middle level of educational attainment,_T,Total,_T,Total,2017,,42.276572,,D,Definition differs,,,,,0,Units,,,2,Two,Y55_74ME,Individuals aged 55-74 with a middle level of educational attainment
DATAFLOW,OECD.STI.DEP:DSD_ICT_HH_IND@DF_IND(1.1),ICT Access and Usage by Individuals,I,USA,United States,A,Annual,D1B_I,Individuals using the internet for accessing social networking sites - last 3 m,PT_POP,Percentage of population,_Z,Not applicable,Y55T74,From 55 to 74 years,_T,Total,ME,Middle level of educational attainment,_T,Total,_T,Total,2019,,44.03,,D,Definition differs,,,,,0,Units,,,2,Two,Y55_74ME,Individuals aged 55-74 with a middle level of educational attainment
DATAFLOW,OECD.STI.DEP:DSD_ICT_HH_IND@DF_IND(1.1),ICT Access and Usage by Individuals,I,USA,United States,A,Annual,D1B_I,Individuals using the internet for accessing social networking sites - last 3 m,PT_POP,Percentage of population,_Z,Not applicable,Y55T74,From 55 to 74 years,_T,Total,ME,Middle level of educational attainment,_T,Total,_T,Total,2023,,52.14,,D,Definition differs,,,,,0,Units,,,2,Two,Y55_74ME,Individuals aged 55-74 with a middle level of educational attainment
DATAFLOW,OECD.STI.DEP:DSD_ICT_HH_IND@DF_IND(1.1),ICT Access and Usage by Individuals,I,KOR,Korea,A,Annual,D1B_I,Individuals using the internet for accessing social networking sites - last 3 m,PT_POP,Percentage of population,_Z,Not applicable,Y55T74,From 55 to 74 years,_T,Total,ME,Middle level of educational attainment,_T,Total,_T,Total,2010,,16.66704062,,D,Definition differs,,,,,0,Units,,,2,Two,Y55_74ME,Individuals aged 55-74 with a middle level of educational attainment
DATAFLOW,OECD.STI.DEP:DSD_ICT_HH_IND@DF_IND(1.1),ICT Access and Usage by Individuals,I,KOR,Korea,A,Annual,D1B_I,Individuals using the internet for accessing social networking sites - last 3 m,PT_POP,Percentage of population,_Z,Not applicable,Y55T74,From 55 to 74 years,_T,Total,ME,Middle level of educational attainment,_T,Total,_T,Total,2011,,17.69404151,,D,Definition differs,,,,,0,Units,,,2,Two,Y55_74ME,Individuals aged 55-74 with a middle level of educational attainment
DATAFLOW,OECD.STI.DEP:DSD_ICT_HH_IND@DF_IND(1.1),ICT Access and Usage by Individuals,I,KOR,Korea,A,Annual,D1B_I,Individuals using the internet for accessing social networking sites - last 3 m,PT_POP,Percentage of population,_Z,Not applicable,Y55T74,From 55 to 74 years,_T,Total,ME,Middle level of educational attainment,_T,Total,_T,Total,2012,,19.90027913,,D,Definition differs,,,,,0,Units,,,2,Two,Y55_74ME,Individuals aged 55-74 with a middle level of educational attainment
DATAFLOW,OECD.STI.DEP:DSD_ICT_HH_IND@DF_IND(1.1),ICT Access and Usage by Individuals,I,KOR,Korea,A,Annual,D1B_I,Individuals using the internet for accessing social networking sites - last 3 m,PT_POP,Percentage of population,_Z,Not applicable,Y55T74,From 55 to 74 years,_T,Total,ME,Middle level of educational attainment,_T,Total,_T,Total,2013,,12.55007765,,D,Definition differs,,,,,0,Units,,,2,Two,Y55_74ME,Individuals aged 55-74 with a middle level of educational attainment
DATAFLOW,OECD.STI.DEP:DSD_ICT_HH_IND@DF_IND(1.1),ICT Access and Usage by Individuals,I,KOR,Korea,A,Annual,D1B_I,Individuals using the internet for accessing social networking sites - last 3 m,PT_POP,Percentage of population,_Z,Not applicable,Y55T74,From 55 to 74 years,_T,Total,ME,Middle level of educational attainment,_T,Total,_T,Total,2014,,21.42313037,,D,Definition differs,,,,,0,Units,,,2,Two,Y55_74ME,Individuals aged 55-74 with a middle level of educational attainment
DATAFLOW,OECD.STI.DEP:DSD_ICT_HH_IND@DF_IND(1.1),ICT Access and Usage by Individuals,I,KOR,Korea,A,Annual,D1B_I,Individuals using the internet for accessing social networking sites - last 3 m,PT_POP,Percentage of population,_Z,Not applicable,Y55T74,From 55 to 74 years,_T,Total,ME,Middle level of educational attainment,_T,Total,_T,Total,2015,,32.95686586,,D,Definition differs,,,,,0,Units,,,2,Two,Y55_74ME,Individuals aged 55-74 with a middle level of educational attainment
DATAFLOW,OECD.STI.DEP:DSD_ICT_HH_IND@DF_IND(1.1),ICT Access and Usage by Individuals,I,KOR,Korea,A,Annual,D1B_I,Individuals using the internet for accessing social networking sites - last 3 m,PT_POP,Percentage of population,_Z,Not applicable,Y55T74,From 55 to 74 years,_T,Total,ME,Middle level of educational attainment,_T,Total,_T,Total,2016,,35.95838816,,D,Definition differs,,,,,0,Units,,,2,Two,Y55_74ME,Individuals aged 55-74 with a middle level of educational attainment
DATAFLOW,OECD.STI.DEP:DSD_ICT_HH_IND@DF_IND(1.1),ICT Access and Usage by Individuals,I,KOR,Korea,A,Annual,D1B_I,Individuals using the internet for accessing social networking sites - last 3 m,PT_POP,Percentage of population,_Z,Not applicable,Y55T74,From 55 to 74 years,_T,Total,ME,Middle level of educational attainment,_T,Total,_T,Total,2017,,38.84179694,,D,Definition differs,,,,,0,Units,,,2,Two,Y55_74ME,Individuals aged 55-74 with a middle level of educational attainment
DATAFLOW,OECD.STI.DEP:DSD_ICT_HH_IND@DF_IND(1.1),ICT Access and Usage by Individuals,I,KOR,Korea,A,Annual,D1B_I,Individuals using the internet for accessing social networking sites - last 3 m,PT_POP,Percentage of population,_Z,Not applicable,Y55T74,From 55 to 74 years,_T,Total,ME,Middle level of educational attainment,_T,Total,_T,Total,2018,,39.80573169,,D,Definition differs,,,,,0,Units,,,2,Two,Y55_74ME,Individuals aged 55-74 with a middle level of educational attainment
DATAFLOW,OECD.STI.DEP:DSD_ICT_HH_IND@DF_IND(1.1),ICT Access and Usage by Individuals,I,KOR,Korea,A,Annual,D1B_I,Individuals using the internet for accessing social networking sites - last 3 m,PT_POP,Percentage of population,_Z,Not applicable,Y55T74,From 55 to 74 years,_T,Total,ME,Middle level of educational attainment,_T,Total,_T,Total,2019,,44.52674247,,D,Definition differs,,,,,0,Units,,,2,Two,Y55_74ME,Individuals aged 55-74 with a middle level of educational attainment
DATAFLOW,OECD.STI.DEP:DSD_ICT_HH_IND@DF_IND(1.1),ICT Access and Usage by Individuals,I,KOR,Korea,A,Annual,D1B_I,Individuals using the internet for accessing social networking sites - last 3 m,PT_POP,Percentage of population,_Z,Not applicable,Y55T74,From 55 to 74 years,_T,Total,ME,Middle level of educational attainment,_T,Total,_T,Total,2020,,43.92447859,,D,Definition differs,,,,,0,Units,,,2,Two,Y55_74ME,Individuals aged 55-74 with a middle level of educational attainment
DATAFLOW,OECD.STI.DEP:DSD_ICT_HH_IND@DF_IND(1.1),ICT Access and Usage by Individuals,I,USA,United States,A,Annual,D1B_I,Individuals using the internet for accessing social networking sites - last 3 m,PT_POP,Percentage of population,_Z,Not applicable,Y55T74,From 55 to 74 years,_T,Total,ME,Middle level of educational attainment,_T,Total,_T,Total,2021,,47.42,,D,Definition differs,,,,,0,Units,,,2,Two,Y55_74ME,Individuals aged 55-74 with a middle level of educational attainment
DATAFLOW,OECD.STI.DEP:DSD_ICT_HH_IND@DF_IND(1.1),ICT Access and Usage by Individuals,I,USA,United States,A,Annual,D1B_I,Individuals using the internet for accessing social networking sites - last 3 m,PT_POP,Percentage of population,_Z,Not applicable,Y25T54,From 25 to 54 years,_T,Total,ME,Middle level of educational attainment,_T,Total,_T,Total,2015,,57.23984,,D,Definition differs,,,,,0,Units,,,2,Two,Y25_54ME,Individuals aged 25-54 with a middle level of educational attainment
DATAFLOW,OECD.STI.DEP:DSD_ICT_HH_IND@DF_IND(1.1),ICT Access and Usage by Individuals,I,USA,United States,A,Annual,D1B_I,Individuals using the internet for accessing social networking sites - last 3 m,PT_POP,Percentage of population,_Z,Not applicable,Y25T54,From 25 to 54 years,_T,Total,ME,Middle level of educational attainment,_T,Total,_T,Total,2017,,63.31643,,D,Definition differs,,,,,0,Units,,,2,Two,Y25_54ME,Individuals aged 25-54 with a middle level of educational attainment
DATAFLOW,OECD.STI.DEP:DSD_ICT_HH_IND@DF_IND(1.1),ICT Access and Usage by Individuals,I,USA,United States,A,Annual,D1B_I,Individuals using the internet for accessing social networking sites - last 3 m,PT_POP,Percentage of population,_Z,Not applicable,Y25T54,From 25 to 54 years,_T,Total,ME,Middle level of educational attainment,_T,Total,_T,Total,2019,,64.32,,D,Definition differs,,,,,0,Units,,,2,Two,Y25_54ME,Individuals aged 25-54 with a middle level of educational attainment
DATAFLOW,OECD.STI.DEP:DSD_ICT_HH_IND@DF_IND(1.1),ICT Access and Usage by Individuals,I,USA,United States,A,Annual,D1B_I,Individuals using the internet for accessing social networking sites - last 3 m,PT_POP,Percentage of population,_Z,Not applicable,Y25T54,From 25 to 54 years,_T,Total,ME,Middle level of educational attainment,_T,Total,_T,Total,2023,,69,,D,Definition differs,,,,,0,Units,,,2,Two,Y25_54ME,Individuals aged 25-54 with a middle level of educational attainment
DATAFLOW,OECD.STI.DEP:DSD_ICT_HH_IND@DF_IND(1.1),ICT Access and Usage by Individuals,I,KOR,Korea,A,Annual,D1B_I,Individuals using the internet for accessing social networking sites - last 3 m,PT_POP,Percentage of population,_Z,Not applicable,Y25T54,From 25 to 54 years,_T,Total,ME,Middle level of educational attainment,_T,Total,_T,Total,2010,,47.52514918,,D,Definition differs,,,,,0,Units,,,2,Two,Y25_54ME,Individuals aged 25-54 with a middle level of educational attainment
DATAFLOW,OECD.STI.DEP:DSD_ICT_HH_IND@DF_IND(1.1),ICT Access and Usage by Individuals,I,KOR,Korea,A,Annual,D1B_I,Individuals using the internet for accessing social networking sites - last 3 m,PT_POP,Percentage of population,_Z,Not applicable,Y25T54,From 25 to 54 years,_T,Total,ME,Middle level of educational attainment,_T,Total,_T,Total,2011,,47.87107617,,D,Definition differs,,,,,0,Units,,,2,Two,Y25_54ME,Individuals aged 25-54 with a middle level of educational attainment
DATAFLOW,OECD.STI.DEP:DSD_ICT_HH_IND@DF_IND(1.1),ICT Access and Usage by Individuals,I,KOR,Korea,A,Annual,D1B_I,Individuals using the internet for accessing social networking sites - last 3 m,PT_POP,Percentage of population,_Z,Not applicable,Y25T54,From 25 to 54 years,_T,Total,ME,Middle level of educational attainment,_T,Total,_T,Total,2012,,49.53122498,,D,Definition differs,,,,,0,Units,,,2,Two,Y25_54ME,Individuals aged 25-54 with a middle level of educational attainment
DATAFLOW,OECD.STI.DEP:DSD_ICT_HH_IND@DF_IND(1.1),ICT Access and Usage by Individuals,I,KOR,Korea,A,Annual,D1B_I,Individuals using the internet for accessing social networking sites - last 3 m,PT_POP,Percentage of population,_Z,Not applicable,Y25T54,From 25 to 54 years,_T,Total,ME,Middle level of educational attainment,_T,Total,_T,Total,2013,,45.89202537,,D,Definition differs,,,,,0,Units,,,2,Two,Y25_54ME,Individuals aged 25-54 with a middle level of educational attainment
DATAFLOW,OECD.STI.DEP:DSD_ICT_HH_IND@DF_IND(1.1),ICT Access and Usage by Individuals,I,KOR,Korea,A,Annual,D1B_I,Individuals using the internet for accessing social networking sites - last 3 m,PT_POP,Percentage of population,_Z,Not applicable,Y25T54,From 25 to 54 years,_T,Total,ME,Middle level of educational attainment,_T,Total,_T,Total,2014,,53.26819004,,D,Definition differs,,,,,0,Units,,,2,Two,Y25_54ME,Individuals aged 25-54 with a middle level of educational attainment
DATAFLOW,OECD.STI.DEP:DSD_ICT_HH_IND@DF_IND(1.1),ICT Access and Usage by Individuals,I,KOR,Korea,A,Annual,D1B_I,Individuals using the internet for accessing social networking sites - last 3 m,PT_POP,Percentage of population,_Z,Not applicable,Y25T54,From 25 to 54 years,_T,Total,ME,Middle level of educational attainment,_T,Total,_T,Total,2015,,61.66863941,,D,Definition differs,,,,,0,Units,,,2,Two,Y25_54ME,Individuals aged 25-54 with a middle level of educational attainment
DATAFLOW,OECD.STI.DEP:DSD_ICT_HH_IND@DF_IND(1.1),ICT Access and Usage by Individuals,I,KOR,Korea,A,Annual,D1B_I,Individuals using the internet for accessing social networking sites - last 3 m,PT_POP,Percentage of population,_Z,Not applicable,Y25T54,From 25 to 54 years,_T,Total,ME,Middle level of educational attainment,_T,Total,_T,Total,2016,,67.37672751,,D,Definition differs,,,,,0,Units,,,2,Two,Y25_54ME,Individuals aged 25-54 with a middle level of educational attainment
DATAFLOW,OECD.STI.DEP:DSD_ICT_HH_IND@DF_IND(1.1),ICT Access and Usage by Individuals,I,KOR,Korea,A,Annual,D1B_I,Individuals using the internet for accessing social networking sites - last 3 m,PT_POP,Percentage of population,_Z,Not applicable,Y25T54,From 25 to 54 years,_T,Total,ME,Middle level of educational attainment,_T,Total,_T,Total,2017,,73.82313246,,D,Definition differs,,,,,0,Units,,,2,Two,Y25_54ME,Individuals aged 25-54 with a middle level of educational attainment
DATAFLOW,OECD.STI.DEP:DSD_ICT_HH_IND@DF_IND(1.1),ICT Access and Usage by Individuals,I,KOR,Korea,A,Annual,D1B_I,Individuals using the internet for accessing social networking sites - last 3 m,PT_POP,Percentage of population,_Z,Not applicable,Y25T54,From 25 to 54 years,_T,Total,ME,Middle level of educational attainment,_T,Total,_T,Total,2018,,69.08588345,,D,Definition differs,,,,,0,Units,,,2,Two,Y25_54ME,Individuals aged 25-54 with a middle level of educational attainment
DATAFLOW,OECD.STI.DEP:DSD_ICT_HH_IND@DF_IND(1.1),ICT Access and Usage by Individuals,I,KOR,Korea,A,Annual,D1B_I,Individuals using the internet for accessing social networking sites - last 3 m,PT_POP,Percentage of population,_Z,Not applicable,Y25T54,From 25 to 54 years,_T,Total,ME,Middle level of educational attainment,_T,Total,_T,Total,2019,,63.10471171,,D,Definition differs,,,,,0,Units,,,2,Two,Y25_54ME,Individuals aged 25-54 with a middle level of educational attainment
DATAFLOW,OECD.STI.DEP:DSD_ICT_HH_IND@DF_IND(1.1),ICT Access and Usage by Individuals,I,KOR,Korea,A,Annual,D1B_I,Individuals using the internet for accessing social networking sites - last 3 m,PT_POP,Percentage of population,_Z,Not applicable,Y25T54,From 25 to 54 years,_T,Total,ME,Middle level of educational attainment,_T,Total,_T,Total,2020,,68.50789258,,D,Definition differs,,,,,0,Units,,,2,Two,Y25_54ME,Individuals aged 25-54 with a middle level of educational attainment
DATAFLOW,OECD.STI.DEP:DSD_ICT_HH_IND@DF_IND(1.1),ICT Access and Usage by Individuals,I,USA,United States,A,Annual,D1B_I,Individuals using the internet for accessing social networking sites - last 3 m,PT_POP,Percentage of population,_Z,Not applicable,Y25T54,From 25 to 54 years,_T,Total,ME,Middle level of educational attainment,_T,Total,_T,Total,2021,,65.17,,D,Definition differs,,,,,0,Units,,,2,Two,Y25_54ME,Individuals aged 25-54 with a middle level of educational attainment
DATAFLOW,OECD.STI.DEP:DSD_ICT_HH_IND@DF_IND(1.1),ICT Access and Usage by Individuals,I,USA,United States,A,Annual,D1B_I,Individuals using the internet for accessing social networking sites - last 3 m,PT_POP,Percentage of population,_Z,Not applicable,Y25T54,From 25 to 54 years,_T,Total,HI,High level of educational attainment,_T,Total,_T,Total,2015,,70.863,,D,Definition differs,,,,,0,Units,,,2,Two,Y25_54HI,Individuals aged 25-54 with a high level of educational attainment
DATAFLOW,OECD.STI.DEP:DSD_ICT_HH_IND@DF_IND(1.1),ICT Access and Usage by Individuals,I,USA,United States,A,Annual,D1B_I,Individuals using the internet for accessing social networking sites - last 3 m,PT_POP,Percentage of population,_Z,Not applicable,Y25T54,From 25 to 54 years,_T,Total,HI,High level of educational attainment,_T,Total,_T,Total,2017,,75.643,,D,Definition differs,,,,,0,Units,,,2,Two,Y25_54HI,Individuals aged 25-54 with a high level of educational attainment
DATAFLOW,OECD.STI.DEP:DSD_ICT_HH_IND@DF_IND(1.1),ICT Access and Usage by Individuals,I,USA,United States,A,Annual,D1B_I,Individuals using the internet for accessing social networking sites - last 3 m,PT_POP,Percentage of population,_Z,Not applicable,Y25T54,From 25 to 54 years,_T,Total,HI,High level of educational attainment,_T,Total,_T,Total,2019,,74.06,,D,Definition differs,,,,,0,Units,,,2,Two,Y25_54HI,Individuals aged 25-54 with a high level of educational attainment
DATAFLOW,OECD.STI.DEP:DSD_ICT_HH_IND@DF_IND(1.1),ICT Access and Usage by Individuals,I,USA,United States,A,Annual,D1B_I,Individuals using the internet for accessing social networking sites - last 3 m,PT_POP,Percentage of population,_Z,Not applicable,Y25T54,From 25 to 54 years,_T,Total,HI,High level of educational attainment,_T,Total,_T,Total,2023,,76.64,,D,Definition differs,,,,,0,Units,,,2,Two,Y25_54HI,Individuals aged 25-54 with a high level of educational attainment
DATAFLOW,OECD.STI.DEP:DSD_ICT_HH_IND@DF_IND(1.1),ICT Access and Usage by Individuals,I,KOR,Korea,A,Annual,D1B_I,Individuals using the internet for accessing social networking sites - last 3 m,PT_POP,Percentage of population,_Z,Not applicable,Y25T54,From 25 to 54 years,_T,Total,HI,High level of educational attainment,_T,Total,_T,Total,2010,,75.81660391,,D,Definition differs,,,,,0,Units,,,2,Two,Y25_54HI,Individuals aged 25-54 with a high level of educational attainment
DATAFLOW,OECD.STI.DEP:DSD_ICT_HH_IND@DF_IND(1.1),ICT Access and Usage by Individuals,I,KOR,Korea,A,Annual,D1B_I,Individuals using the internet for accessing social networking sites - last 3 m,PT_POP,Percentage of population,_Z,Not applicable,Y25T54,From 25 to 54 years,_T,Total,HI,High level of educational attainment,_T,Total,_T,Total,2011,,76.33722608,,D,Definition differs,,,,,0,Units,,,2,Two,Y25_54HI,Individuals aged 25-54 with a high level of educational attainment
DATAFLOW,OECD.STI.DEP:DSD_ICT_HH_IND@DF_IND(1.1),ICT Access and Usage by Individuals,I,KOR,Korea,A,Annual,D1B_I,Individuals using the internet for accessing social networking sites - last 3 m,PT_POP,Percentage of population,_Z,Not applicable,Y25T54,From 25 to 54 years,_T,Total,HI,High level of educational attainment,_T,Total,_T,Total,2012,,77.2732998,,D,Definition differs,,,,,0,Units,,,2,Two,Y25_54HI,Individuals aged 25-54 with a high level of educational attainment
DATAFLOW,OECD.STI.DEP:DSD_ICT_HH_IND@DF_IND(1.1),ICT Access and Usage by Individuals,I,KOR,Korea,A,Annual,D1B_I,Individuals using the internet for accessing social networking sites - last 3 m,PT_POP,Percentage of population,_Z,Not applicable,Y25T54,From 25 to 54 years,_T,Total,HI,High level of educational attainment,_T,Total,_T,Total,2013,,72.09552221,,D,Definition differs,,,,,0,Units,,,2,Two,Y25_54HI,Individuals aged 25-54 with a high level of educational attainment
DATAFLOW,OECD.STI.DEP:DSD_ICT_HH_IND@DF_IND(1.1),ICT Access and Usage by Individuals,I,KOR,Korea,A,Annual,D1B_I,Individuals using the internet for accessing social networking sites - last 3 m,PT_POP,Percentage of population,_Z,Not applicable,Y25T54,From 25 to 54 years,_T,Total,HI,High level of educational attainment,_T,Total,_T,Total,2014,,76.23574612,,D,Definition differs,,,,,0,Units,,,2,Two,Y25_54HI,Individuals aged 25-54 with a high level of educational attainment
DATAFLOW,OECD.STI.DEP:DSD_ICT_HH_IND@DF_IND(1.1),ICT Access and Usage by Individuals,I,KOR,Korea,A,Annual,D1B_I,Individuals using the internet for accessing social networking sites - last 3 m,PT_POP,Percentage of population,_Z,Not applicable,Y25T54,From 25 to 54 years,_T,Total,HI,High level of educational attainment,_T,Total,_T,Total,2015,,80.47058789,,D,Definition differs,,,,,0,Units,,,2,Two,Y25_54HI,Individuals aged 25-54 with a high level of educational attainment
DATAFLOW,OECD.STI.DEP:DSD_ICT_HH_IND@DF_IND(1.1),ICT Access and Usage by Individuals,I,KOR,Korea,A,Annual,D1B_I,Individuals using the internet for accessing social networking sites - last 3 m,PT_POP,Percentage of population,_Z,Not applicable,Y25T54,From 25 to 54 years,_T,Total,HI,High level of educational attainment,_T,Total,_T,Total,2016,,81.17577381,,D,Definition differs,,,,,0,Units,,,2,Two,Y25_54HI,Individuals aged 25-54 with a high level of educational attainment
DATAFLOW,OECD.STI.DEP:DSD_ICT_HH_IND@DF_IND(1.1),ICT Access and Usage by Individuals,I,KOR,Korea,A,Annual,D1B_I,Individuals using the internet for accessing social networking sites - last 3 m,PT_POP,Percentage of population,_Z,Not applicable,Y25T54,From 25 to 54 years,_T,Total,HI,High level of educational attainment,_T,Total,_T,Total,2017,,84.03832733,,D,Definition differs,,,,,0,Units,,,2,Two,Y25_54HI,Individuals aged 25-54 with a high level of educational attainment
DATAFLOW,OECD.STI.DEP:DSD_ICT_HH_IND@DF_IND(1.1),ICT Access and Usage by Individuals,I,KOR,Korea,A,Annual,D1B_I,Individuals using the internet for accessing social networking sites - last 3 m,PT_POP,Percentage of population,_Z,Not applicable,Y25T54,From 25 to 54 years,_T,Total,HI,High level of educational attainment,_T,Total,_T,Total,2018,,81.71336948,,D,Definition differs,,,,,0,Units,,,2,Two,Y25_54HI,Individuals aged 25-54 with a high level of educational attainment
DATAFLOW,OECD.STI.DEP:DSD_ICT_HH_IND@DF_IND(1.1),ICT Access and Usage by Individuals,I,KOR,Korea,A,Annual,D1B_I,Individuals using the internet for accessing social networking sites - last 3 m,PT_POP,Percentage of population,_Z,Not applicable,Y25T54,From 25 to 54 years,_T,Total,HI,High level of educational attainment,_T,Total,_T,Total,2019,,78.36151734,,D,Definition differs,,,,,0,Units,,,2,Two,Y25_54HI,Individuals aged 25-54 with a high level of educational attainment
DATAFLOW,OECD.STI.DEP:DSD_ICT_HH_IND@DF_IND(1.1),ICT Access and Usage by Individuals,I,KOR,Korea,A,Annual,D1B_I,Individuals using the internet for accessing social networking sites - last 3 m,PT_POP,Percentage of population,_Z,Not applicable,Y25T54,From 25 to 54 years,_T,Total,HI,High level of educational attainment,_T,Total,_T,Total,2020,,81.24724159,,D,Definition differs,,,,,0,Units,,,2,Two,Y25_54HI,Individuals aged 25-54 with a high level of educational attainment
DATAFLOW,OECD.STI.DEP:DSD_ICT_HH_IND@DF_IND(1.1),ICT Access and Usage by Individuals,I,USA,United States,A,Annual,D1B_I,Individuals using the internet for accessing social networking sites - last 3 m,PT_POP,Percentage of population,_Z,Not applicable,Y25T54,From 25 to 54 years,_T,Total,HI,High level of educational attainment,_T,Total,_T,Total,2021,,74.36,,D,Definition differs,,,,,0,Units,,,2,Two,Y25_54HI,Individuals aged 25-54 with a high level of educational attainment
DATAFLOW,OECD.STI.DEP:DSD_ICT_HH_IND@DF_IND(1.1),ICT Access and Usage by Individuals,I,USA,United States,A,Annual,D1B_I,Individuals using the internet for accessing social networking sites - last 3 m,PT_POP,Percentage of population,_Z,Not applicable,Y25T54,From 25 to 54 years,_T,Total,_T,Total,_T,Total,_T,Total,2015,,61.54884,,D,Definition differs,,,,,0,Units,,,2,Two,Y25_54,Individuals aged 25-54
DATAFLOW,OECD.STI.DEP:DSD_ICT_HH_IND@DF_IND(1.1),ICT Access and Usage by Individuals,I,USA,United States,A,Annual,D1B_I,Individuals using the internet for accessing social networking sites - last 3 m,PT_POP,Percentage of population,_Z,Not applicable,Y25T54,From 25 to 54 years,_T,Total,_T,Total,_T,Total,_T,Total,2017,,67.67649,,D,Definition differs,,,,,0,Units,,,2,Two,Y25_54,Individuals aged 25-54
DATAFLOW,OECD.STI.DEP:DSD_ICT_HH_IND@DF_IND(1.1),ICT Access and Usage by Individuals,I,USA,United States,A,Annual,D1B_I,Individuals using the internet for accessing social networking sites - last 3 m,PT_POP,Percentage of population,_Z,Not applicable,Y25T54,From 25 to 54 years,_T,Total,_T,Total,_T,Total,_T,Total,2019,,68.04,,D,Definition differs,,,,,0,Units,,,2,Two,Y25_54,Individuals aged 25-54
DATAFLOW,OECD.STI.DEP:DSD_ICT_HH_IND@DF_IND(1.1),ICT Access and Usage by Individuals,I,USA,United States,A,Annual,D1B_I,Individuals using the internet for accessing social networking sites - last 3 m,PT_POP,Percentage of population,_Z,Not applicable,Y25T54,From 25 to 54 years,_T,Total,_T,Total,_T,Total,_T,Total,2023,,72.36,,D,Definition differs,,,,,0,Units,,,2,Two,Y25_54,Individuals aged 25-54
DATAFLOW,OECD.STI.DEP:DSD_ICT_HH_IND@DF_IND(1.1),ICT Access and Usage by Individuals,I,KOR,Korea,A,Annual,D1B_I,Individuals using the internet for accessing social networking sites - last 3 m,PT_POP,Percentage of population,_Z,Not applicable,Y25T54,From 25 to 54 years,_T,Total,_T,Total,_T,Total,_T,Total,2010,,57.41700309,,D,Definition differs,,,,,0,Units,,,2,Two,Y25_54,Individuals aged 25-54
DATAFLOW,OECD.STI.DEP:DSD_ICT_HH_IND@DF_IND(1.1),ICT Access and Usage by Individuals,I,KOR,Korea,A,Annual,D1B_I,Individuals using the internet for accessing social networking sites - last 3 m,PT_POP,Percentage of population,_Z,Not applicable,Y25T54,From 25 to 54 years,_T,Total,_T,Total,_T,Total,_T,Total,2011,,57.78260413,,D,Definition differs,,,,,0,Units,,,2,Two,Y25_54,Individuals aged 25-54
DATAFLOW,OECD.STI.DEP:DSD_ICT_HH_IND@DF_IND(1.1),ICT Access and Usage by Individuals,I,KOR,Korea,A,Annual,D1B_I,Individuals using the internet for accessing social networking sites - last 3 m,PT_POP,Percentage of population,_Z,Not applicable,Y25T54,From 25 to 54 years,_T,Total,_T,Total,_T,Total,_T,Total,2012,,59.16419368,,D,Definition differs,,,,,0,Units,,,2,Two,Y25_54,Individuals aged 25-54
DATAFLOW,OECD.STI.DEP:DSD_ICT_HH_IND@DF_IND(1.1),ICT Access and Usage by Individuals,I,KOR,Korea,A,Annual,D1B_I,Individuals using the internet for accessing social networking sites - last 3 m,PT_POP,Percentage of population,_Z,Not applicable,Y25T54,From 25 to 54 years,_T,Total,_T,Total,_T,Total,_T,Total,2013,,57.51946241,,D,Definition differs,,,,,0,Units,,,2,Two,Y25_54,Individuals aged 25-54
DATAFLOW,OECD.STI.DEP:DSD_ICT_HH_IND@DF_IND(1.1),ICT Access and Usage by Individuals,I,KOR,Korea,A,Annual,D1B_I,Individuals using the internet for accessing social networking sites - last 3 m,PT_POP,Percentage of population,_Z,Not applicable,Y25T54,From 25 to 54 years,_T,Total,_T,Total,_T,Total,_T,Total,2014,,64.51697466,,D,Definition differs,,,,,0,Units,,,2,Two,Y25_54,Individuals aged 25-54
DATAFLOW,OECD.STI.DEP:DSD_ICT_HH_IND@DF_IND(1.1),ICT Access and Usage by Individuals,I,KOR,Korea,A,Annual,D1B_I,Individuals using the internet for accessing social networking sites - last 3 m,PT_POP,Percentage of population,_Z,Not applicable,Y25T54,From 25 to 54 years,_T,Total,_T,Total,_T,Total,_T,Total,2015,,71.10693709,,D,Definition differs,,,,,0,Units,,,2,Two,Y25_54,Individuals aged 25-54
DATAFLOW,OECD.STI.DEP:DSD_ICT_HH_IND@DF_IND(1.1),ICT Access and Usage by Individuals,I,KOR,Korea,A,Annual,D1B_I,Individuals using the internet for accessing social networking sites - last 3 m,PT_POP,Percentage of population,_Z,Not applicable,Y25T54,From 25 to 54 years,_T,Total,_T,Total,_T,Total,_T,Total,2016,,74.46851555,,D,Definition differs,,,,,0,Units,,,2,Two,Y25_54,Individuals aged 25-54
DATAFLOW,OECD.STI.DEP:DSD_ICT_HH_IND@DF_IND(1.1),ICT Access and Usage by Individuals,I,KOR,Korea,A,Annual,D1B_I,Individuals using the internet for accessing social networking sites - last 3 m,PT_POP,Percentage of population,_Z,Not applicable,Y25T54,From 25 to 54 years,_T,Total,_T,Total,_T,Total,_T,Total,2017,,80.00032937,,D,Definition differs,,,,,0,Units,,,2,Two,Y25_54,Individuals aged 25-54
DATAFLOW,OECD.STI.DEP:DSD_ICT_HH_IND@DF_IND(1.1),ICT Access and Usage by Individuals,I,KOR,Korea,A,Annual,D1B_I,Individuals using the internet for accessing social networking sites - last 3 m,PT_POP,Percentage of population,_Z,Not applicable,Y25T54,From 25 to 54 years,_T,Total,_T,Total,_T,Total,_T,Total,2018,,77.19963366,,D,Definition differs,,,,,0,Units,,,2,Two,Y25_54,Individuals aged 25-54
DATAFLOW,OECD.STI.DEP:DSD_ICT_HH_IND@DF_IND(1.1),ICT Access and Usage by Individuals,I,KOR,Korea,A,Annual,D1B_I,Individuals using the internet for accessing social networking sites - last 3 m,PT_POP,Percentage of population,_Z,Not applicable,Y25T54,From 25 to 54 years,_T,Total,_T,Total,_T,Total,_T,Total,2019,,73.87776221,,D,Definition differs,,,,,0,Units,,,2,Two,Y25_54,Individuals aged 25-54
DATAFLOW,OECD.STI.DEP:DSD_ICT_HH_IND@DF_IND(1.1),ICT Access and Usage by Individuals,I,KOR,Korea,A,Annual,D1B_I,Individuals using the internet for accessing social networking sites - last 3 m,PT_POP,Percentage of population,_Z,Not applicable,Y25T54,From 25 to 54 years,_T,Total,_T,Total,_T,Total,_T,Total,2020,,77.56677209,,D,Definition differs,,,,,0,Units,,,2,Two,Y25_54,Individuals aged 25-54
DATAFLOW,OECD.STI.DEP:DSD_ICT_HH_IND@DF_IND(1.1),ICT Access and Usage by Individuals,I,USA,United States,A,Annual,D1B_I,Individuals using the internet for accessing social networking sites - last 3 m,PT_POP,Percentage of population,_Z,Not applicable,Y25T54,From 25 to 54 years,_T,Total,_T,Total,_T,Total,_T,Total,2021,,69.14,,D,Definition differs,,,,,0,Units,,,2,Two,Y25_54,Individuals aged 25-54
DATAFLOW,OECD.STI.DEP:DSD_ICT_HH_IND@DF_IND(1.1),ICT Access and Usage by Individuals,I,USA,United States,A,Annual,D1B_I,Individuals using the internet for accessing social networking sites - last 3 m,PT_POP,Percentage of population,_Z,Not applicable,Y25T54,From 25 to 54 years,_T,Total,LO,Low level of educational attainment,_T,Total,_T,Total,2015,,36.29145,,D,Definition differs,,,,,0,Units,,,2,Two,Y25_54LO,Individuals aged 25-54 with no or a low level of educational attainment
DATAFLOW,OECD.STI.DEP:DSD_ICT_HH_IND@DF_IND(1.1),ICT Access and Usage by Individuals,I,USA,United States,A,Annual,D1B_I,Individuals using the internet for accessing social networking sites - last 3 m,PT_POP,Percentage of population,_Z,Not applicable,Y25T54,From 25 to 54 years,_T,Total,LO,Low level of educational attainment,_T,Total,_T,Total,2017,,45.179046,,D,Definition differs,,,,,0,Units,,,2,Two,Y25_54LO,Individuals aged 25-54 with no or a low level of educational attainment
DATAFLOW,OECD.STI.DEP:DSD_ICT_HH_IND@DF_IND(1.1),ICT Access and Usage by Individuals,I,USA,United States,A,Annual,D1B_I,Individuals using the internet for accessing social networking sites - last 3 m,PT_POP,Percentage of population,_Z,Not applicable,Y25T54,From 25 to 54 years,_T,Total,LO,Low level of educational attainment,_T,Total,_T,Total,2019,,49.11,,D,Definition differs,,,,,0,Units,,,2,Two,Y25_54LO,Individuals aged 25-54 with no or a low level of educational attainment
DATAFLOW,OECD.STI.DEP:DSD_ICT_HH_IND@DF_IND(1.1),ICT Access and Usage by Individuals,I,USA,United States,A,Annual,D1B_I,Individuals using the internet for accessing social networking sites - last 3 m,PT_POP,Percentage of population,_Z,Not applicable,Y25T54,From 25 to 54 years,_T,Total,LO,Low level of educational attainment,_T,Total,_T,Total,2023,,58.61,,D,Definition differs,,,,,0,Units,,,2,Two,Y25_54LO,Individuals aged 25-54 with no or a low level of educational attainment
DATAFLOW,OECD.STI.DEP:DSD_ICT_HH_IND@DF_IND(1.1),ICT Access and Usage by Individuals,I,KOR,Korea,A,Annual,D1B_I,Individuals using the internet for accessing social networking sites - last 3 m,PT_POP,Percentage of population,_Z,Not applicable,Y25T54,From 25 to 54 years,_T,Total,LO,Low level of educational attainment,_T,Total,_T,Total,2010,,14.66865387,,D,Definition differs,,,,,0,Units,,,2,Two,Y25_54LO,Individuals aged 25-54 with no or a low level of educational attainment
DATAFLOW,OECD.STI.DEP:DSD_ICT_HH_IND@DF_IND(1.1),ICT Access and Usage by Individuals,I,KOR,Korea,A,Annual,D1B_I,Individuals using the internet for accessing social networking sites - last 3 m,PT_POP,Percentage of population,_Z,Not applicable,Y25T54,From 25 to 54 years,_T,Total,LO,Low level of educational attainment,_T,Total,_T,Total,2011,,15.40748876,,D,Definition differs,,,,,0,Units,,,2,Two,Y25_54LO,Individuals aged 25-54 with no or a low level of educational attainment
DATAFLOW,OECD.STI.DEP:DSD_ICT_HH_IND@DF_IND(1.1),ICT Access and Usage by Individuals,I,KOR,Korea,A,Annual,D1B_I,Individuals using the internet for accessing social networking sites - last 3 m,PT_POP,Percentage of population,_Z,Not applicable,Y25T54,From 25 to 54 years,_T,Total,LO,Low level of educational attainment,_T,Total,_T,Total,2012,,17.03605542,,D,Definition differs,,,,,0,Units,,,2,Two,Y25_54LO,Individuals aged 25-54 with no or a low level of educational attainment
DATAFLOW,OECD.STI.DEP:DSD_ICT_HH_IND@DF_IND(1.1),ICT Access and Usage by Individuals,I,KOR,Korea,A,Annual,D1B_I,Individuals using the internet for accessing social networking sites - last 3 m,PT_POP,Percentage of population,_Z,Not applicable,Y25T54,From 25 to 54 years,_T,Total,LO,Low level of educational attainment,_T,Total,_T,Total,2013,,13.39475415,,D,Definition differs,,,,,0,Units,,,2,Two,Y25_54LO,Individuals aged 25-54 with no or a low level of educational attainment
DATAFLOW,OECD.STI.DEP:DSD_ICT_HH_IND@DF_IND(1.1),ICT Access and Usage by Individuals,I,KOR,Korea,A,Annual,D1B_I,Individuals using the internet for accessing social networking sites - last 3 m,PT_POP,Percentage of population,_Z,Not applicable,Y25T54,From 25 to 54 years,_T,Total,LO,Low level of educational attainment,_T,Total,_T,Total,2014,,18.80453191,,D,Definition differs,,,,,0,Units,,,2,Two,Y25_54LO,Individuals aged 25-54 with no or a low level of educational attainment
DATAFLOW,OECD.STI.DEP:DSD_ICT_HH_IND@DF_IND(1.1),ICT Access and Usage by Individuals,I,KOR,Korea,A,Annual,D1B_I,Individuals using the internet for accessing social networking sites - last 3 m,PT_POP,Percentage of population,_Z,Not applicable,Y25T54,From 25 to 54 years,_T,Total,LO,Low level of educational attainment,_T,Total,_T,Total,2015,,29.24759035,,D,Definition differs,,,,,0,Units,,,2,Two,Y25_54LO,Individuals aged 25-54 with no or a low level of educational attainment
DATAFLOW,OECD.STI.DEP:DSD_ICT_HH_IND@DF_IND(1.1),ICT Access and Usage by Individuals,I,KOR,Korea,A,Annual,D1B_I,Individuals using the internet for accessing social networking sites - last 3 m,PT_POP,Percentage of population,_Z,Not applicable,Y25T54,From 25 to 54 years,_T,Total,LO,Low level of educational attainment,_T,Total,_T,Total,2016,,42.40423792,,D,Definition differs,,,,,0,Units,,,2,Two,Y25_54LO,Individuals aged 25-54 with no or a low level of educational attainment
DATAFLOW,OECD.STI.DEP:DSD_ICT_HH_IND@DF_IND(1.1),ICT Access and Usage by Individuals,I,KOR,Korea,A,Annual,D1B_I,Individuals using the internet for accessing social networking sites - last 3 m,PT_POP,Percentage of population,_Z,Not applicable,Y25T54,From 25 to 54 years,_T,Total,LO,Low level of educational attainment,_T,Total,_T,Total,2017,,53.03296078,,D,Definition differs,,,,,0,Units,,,2,Two,Y25_54LO,Individuals aged 25-54 with no or a low level of educational attainment
DATAFLOW,OECD.STI.DEP:DSD_ICT_HH_IND@DF_IND(1.1),ICT Access and Usage by Individuals,I,KOR,Korea,A,Annual,D1B_I,Individuals using the internet for accessing social networking sites - last 3 m,PT_POP,Percentage of population,_Z,Not applicable,Y25T54,From 25 to 54 years,_T,Total,LO,Low level of educational attainment,_T,Total,_T,Total,2018,,60.72109397,,D,Definition differs,,,,,0,Units,,,2,Two,Y25_54LO,Individuals aged 25-54 with no or a low level of educational attainment
DATAFLOW,OECD.STI.DEP:DSD_ICT_HH_IND@DF_IND(1.1),ICT Access and Usage by Individuals,I,KOR,Korea,A,Annual,D1B_I,Individuals using the internet for accessing social networking sites - last 3 m,PT_POP,Percentage of population,_Z,Not applicable,Y25T54,From 25 to 54 years,_T,Total,LO,Low level of educational attainment,_T,Total,_T,Total,2019,,53.14433236,,D,Definition differs,,,,,0,Units,,,2,Two,Y25_54LO,Individuals aged 25-54 with no or a low level of educational attainment
DATAFLOW,OECD.STI.DEP:DSD_ICT_HH_IND@DF_IND(1.1),ICT Access and Usage by Individuals,I,KOR,Korea,A,Annual,D1B_I,Individuals using the internet for accessing social networking sites - last 3 m,PT_POP,Percentage of population,_Z,Not applicable,Y25T54,From 25 to 54 years,_T,Total,LO,Low level of educational attainment,_T,Total,_T,Total,2020,,56.5779892,,D,Definition differs,,,,,0,Units,,,2,Two,Y25_54LO,Individuals aged 25-54 with no or a low level of educational attainment
DATAFLOW,OECD.STI.DEP:DSD_ICT_HH_IND@DF_IND(1.1),ICT Access and Usage by Individuals,I,USA,United States,A,Annual,D1B_I,Individuals using the internet for accessing social networking sites - last 3 m,PT_POP,Percentage of population,_Z,Not applicable,Y25T54,From 25 to 54 years,_T,Total,LO,Low level of educational attainment,_T,Total,_T,Total,2021,,53.8,,D,Definition differs,,,,,0,Units,,,2,Two,Y25_54LO,Individuals aged 25-54 with no or a low level of educational attainment
DATAFLOW,OECD.STI.DEP:DSD_ICT_HH_IND@DF_IND(1.1),ICT Access and Usage by Individuals,I,USA,United States,A,Annual,D1B_I,Individuals using the internet for accessing social networking sites - last 3 m,PT_POP,Percentage of population,_Z,Not applicable,Y16T24,From 16 to 24 years,_T,Total,ME,Middle level of educational attainment,_T,Total,_T,Total,2015,,76.271468,,D,Definition differs,,,,,0,Units,,,2,Two,Y16_24ME,Individuals aged 16-24 with a middle level of educational attainment
DATAFLOW,OECD.STI.DEP:DSD_ICT_HH_IND@DF_IND(1.1),ICT Access and Usage by Individuals,I,USA,United States,A,Annual,D1B_I,Individuals using the internet for accessing social networking sites - last 3 m,PT_POP,Percentage of population,_Z,Not applicable,Y16T24,From 16 to 24 years,_T,Total,ME,Middle level of educational attainment,_T,Total,_T,Total,2017,,76.815345,,D,Definition differs,,,,,0,Units,,,2,Two,Y16_24ME,Individuals aged 16-24 with a middle level of educational attainment
DATAFLOW,OECD.STI.DEP:DSD_ICT_HH_IND@DF_IND(1.1),ICT Access and Usage by Individuals,I,USA,United States,A,Annual,D1B_I,Individuals using the internet for accessing social networking sites - last 3 m,PT_POP,Percentage of population,_Z,Not applicable,Y16T24,From 16 to 24 years,_T,Total,ME,Middle level of educational attainment,_T,Total,_T,Total,2019,,76.14,,D,Definition differs,,,,,0,Units,,,2,Two,Y16_24ME,Individuals aged 16-24 with a middle level of educational attainment
DATAFLOW,OECD.STI.DEP:DSD_ICT_HH_IND@DF_IND(1.1),ICT Access and Usage by Individuals,I,USA,United States,A,Annual,D1B_I,Individuals using the internet for accessing social networking sites - last 3 m,PT_POP,Percentage of population,_Z,Not applicable,Y16T24,From 16 to 24 years,_T,Total,ME,Middle level of educational attainment,_T,Total,_T,Total,2023,,79.42,,D,Definition differs,,,,,0,Units,,,2,Two,Y16_24ME,Individuals aged 16-24 with a middle level of educational attainment
DATAFLOW,OECD.STI.DEP:DSD_ICT_HH_IND@DF_IND(1.1),ICT Access and Usage by Individuals,I,KOR,Korea,A,Annual,D1B_I,Individuals using the internet for accessing social networking sites - last 3 m,PT_POP,Percentage of population,_Z,Not applicable,Y16T24,From 16 to 24 years,_T,Total,ME,Middle level of educational attainment,_T,Total,_T,Total,2010,,96.73029861,,D,Definition differs,,,,,0,Units,,,2,Two,Y16_24ME,Individuals aged 16-24 with a middle level of educational attainment
DATAFLOW,OECD.STI.DEP:DSD_ICT_HH_IND@DF_IND(1.1),ICT Access and Usage by Individuals,I,KOR,Korea,A,Annual,D1B_I,Individuals using the internet for accessing social networking sites - last 3 m,PT_POP,Percentage of population,_Z,Not applicable,Y16T24,From 16 to 24 years,_T,Total,ME,Middle level of educational attainment,_T,Total,_T,Total,2011,,96.81540246,,D,Definition differs,,,,,0,Units,,,2,Two,Y16_24ME,Individuals aged 16-24 with a middle level of educational attainment
DATAFLOW,OECD.STI.DEP:DSD_ICT_HH_IND@DF_IND(1.1),ICT Access and Usage by Individuals,I,KOR,Korea,A,Annual,D1B_I,Individuals using the internet for accessing social networking sites - last 3 m,PT_POP,Percentage of population,_Z,Not applicable,Y16T24,From 16 to 24 years,_T,Total,ME,Middle level of educational attainment,_T,Total,_T,Total,2012,,96.77607734,,D,Definition differs,,,,,0,Units,,,2,Two,Y16_24ME,Individuals aged 16-24 with a middle level of educational attainment
DATAFLOW,OECD.STI.DEP:DSD_ICT_HH_IND@DF_IND(1.1),ICT Access and Usage by Individuals,I,KOR,Korea,A,Annual,D1B_I,Individuals using the internet for accessing social networking sites - last 3 m,PT_POP,Percentage of population,_Z,Not applicable,Y16T24,From 16 to 24 years,_T,Total,ME,Middle level of educational attainment,_T,Total,_T,Total,2013,,86.88495405,,D,Definition differs,,,,,0,Units,,,2,Two,Y16_24ME,Individuals aged 16-24 with a middle level of educational attainment
DATAFLOW,OECD.STI.DEP:DSD_ICT_HH_IND@DF_IND(1.1),ICT Access and Usage by Individuals,I,KOR,Korea,A,Annual,D1B_I,Individuals using the internet for accessing social networking sites - last 3 m,PT_POP,Percentage of population,_Z,Not applicable,Y16T24,From 16 to 24 years,_T,Total,ME,Middle level of educational attainment,_T,Total,_T,Total,2014,,89.44094194,,D,Definition differs,,,,,0,Units,,,2,Two,Y16_24ME,Individuals aged 16-24 with a middle level of educational attainment
DATAFLOW,OECD.STI.DEP:DSD_ICT_HH_IND@DF_IND(1.1),ICT Access and Usage by Individuals,I,KOR,Korea,A,Annual,D1B_I,Individuals using the internet for accessing social networking sites - last 3 m,PT_POP,Percentage of population,_Z,Not applicable,Y16T24,From 16 to 24 years,_T,Total,ME,Middle level of educational attainment,_T,Total,_T,Total,2015,,90.48567113,,D,Definition differs,,,,,0,Units,,,2,Two,Y16_24ME,Individuals aged 16-24 with a middle level of educational attainment
DATAFLOW,OECD.STI.DEP:DSD_ICT_HH_IND@DF_IND(1.1),ICT Access and Usage by Individuals,I,KOR,Korea,A,Annual,D1B_I,Individuals using the internet for accessing social networking sites - last 3 m,PT_POP,Percentage of population,_Z,Not applicable,Y16T24,From 16 to 24 years,_T,Total,ME,Middle level of educational attainment,_T,Total,_T,Total,2016,,92.55315837,,D,Definition differs,,,,,0,Units,,,2,Two,Y16_24ME,Individuals aged 16-24 with a middle level of educational attainment
DATAFLOW,OECD.STI.DEP:DSD_ICT_HH_IND@DF_IND(1.1),ICT Access and Usage by Individuals,I,KOR,Korea,A,Annual,D1B_I,Individuals using the internet for accessing social networking sites - last 3 m,PT_POP,Percentage of population,_Z,Not applicable,Y16T24,From 16 to 24 years,_T,Total,ME,Middle level of educational attainment,_T,Total,_T,Total,2017,,93.76337595,,D,Definition differs,,,,,0,Units,,,2,Two,Y16_24ME,Individuals aged 16-24 with a middle level of educational attainment
DATAFLOW,OECD.STI.DEP:DSD_ICT_HH_IND@DF_IND(1.1),ICT Access and Usage by Individuals,I,KOR,Korea,A,Annual,D1B_I,Individuals using the internet for accessing social networking sites - last 3 m,PT_POP,Percentage of population,_Z,Not applicable,Y16T24,From 16 to 24 years,_T,Total,ME,Middle level of educational attainment,_T,Total,_T,Total,2018,,91.32745674,,D,Definition differs,,,,,0,Units,,,2,Two,Y16_24ME,Individuals aged 16-24 with a middle level of educational attainment
DATAFLOW,OECD.STI.DEP:DSD_ICT_HH_IND@DF_IND(1.1),ICT Access and Usage by Individuals,I,KOR,Korea,A,Annual,D1B_I,Individuals using the internet for accessing social networking sites - last 3 m,PT_POP,Percentage of population,_Z,Not applicable,Y16T24,From 16 to 24 years,_T,Total,ME,Middle level of educational attainment,_T,Total,_T,Total,2019,,88.03565554,,D,Definition differs,,,,,0,Units,,,2,Two,Y16_24ME,Individuals aged 16-24 with a middle level of educational attainment
DATAFLOW,OECD.STI.DEP:DSD_ICT_HH_IND@DF_IND(1.1),ICT Access and Usage by Individuals,I,KOR,Korea,A,Annual,D1B_I,Individuals using the internet for accessing social networking sites - last 3 m,PT_POP,Percentage of population,_Z,Not applicable,Y16T24,From 16 to 24 years,_T,Total,ME,Middle level of educational attainment,_T,Total,_T,Total,2020,,90.63662975,,D,Definition differs,,,,,0,Units,,,2,Two,Y16_24ME,Individuals aged 16-24 with a middle level of educational attainment
DATAFLOW,OECD.STI.DEP:DSD_ICT_HH_IND@DF_IND(1.1),ICT Access and Usage by Individuals,I,USA,United States,A,Annual,D1B_I,Individuals using the internet for accessing social networking sites - last 3 m,PT_POP,Percentage of population,_Z,Not applicable,Y16T24,From 16 to 24 years,_T,Total,ME,Middle level of educational attainment,_T,Total,_T,Total,2021,,77.11,,D,Definition differs,,,,,0,Units,,,2,Two,Y16_24ME,Individuals aged 16-24 with a middle level of educational attainment
DATAFLOW,OECD.STI.DEP:DSD_ICT_HH_IND@DF_IND(1.1),ICT Access and Usage by Individuals,I,USA,United States,A,Annual,D1B_I,Individuals using the internet for accessing social networking sites - last 3 m,PT_POP,Percentage of population,_Z,Not applicable,Y16T24,From 16 to 24 years,_T,Total,LO,Low level of educational attainment,_T,Total,_T,Total,2021,,71.18,,D,Definition differs,,,,,0,Units,,,2,Two,Y16_24LO,Individuals aged 16-24 with no or a low level of educational attainment
DATAFLOW,OECD.STI.DEP:DSD_ICT_HH_IND@DF_IND(1.1),ICT Access and Usage by Individuals,I,USA,United States,A,Annual,D1B_I,Individuals using the internet for accessing social networking sites - last 3 m,PT_POP,Percentage of population,_Z,Not applicable,Y16T24,From 16 to 24 years,_T,Total,LO,Low level of educational attainment,_T,Total,_T,Total,2015,,65.788125,,D,Definition differs,,,,,0,Units,,,2,Two,Y16_24LO,Individuals aged 16-24 with no or a low level of educational attainment
DATAFLOW,OECD.STI.DEP:DSD_ICT_HH_IND@DF_IND(1.1),ICT Access and Usage by Individuals,I,USA,United States,A,Annual,D1B_I,Individuals using the internet for accessing social networking sites - last 3 m,PT_POP,Percentage of population,_Z,Not applicable,Y16T24,From 16 to 24 years,_T,Total,LO,Low level of educational attainment,_T,Total,_T,Total,2017,,70.240986,,D,Definition differs,,,,,0,Units,,,2,Two,Y16_24LO,Individuals aged 16-24 with no or a low level of educational attainment
DATAFLOW,OECD.STI.DEP:DSD_ICT_HH_IND@DF_IND(1.1),ICT Access and Usage by Individuals,I,USA,United States,A,Annual,D1B_I,Individuals using the internet for accessing social networking sites - last 3 m,PT_POP,Percentage of population,_Z,Not applicable,Y16T24,From 16 to 24 years,_T,Total,LO,Low level of educational attainment,_T,Total,_T,Total,2019,,68.75,,D,Definition differs,,,,,0,Units,,,2,Two,Y16_24LO,Individuals aged 16-24 with no or a low level of educational attainment
DATAFLOW,OECD.STI.DEP:DSD_ICT_HH_IND@DF_IND(1.1),ICT Access and Usage by Individuals,I,USA,United States,A,Annual,D1B_I,Individuals using the internet for accessing social networking sites - last 3 m,PT_POP,Percentage of population,_Z,Not applicable,Y16T24,From 16 to 24 years,_T,Total,LO,Low level of educational attainment,_T,Total,_T,Total,2023,,72.29,,D,Definition differs,,,,,0,Units,,,2,Two,Y16_24LO,Individuals aged 16-24 with no or a low level of educational attainment
DATAFLOW,OECD.STI.DEP:DSD_ICT_HH_IND@DF_IND(1.1),ICT Access and Usage by Individuals,I,KOR,Korea,A,Annual,D1B_I,Individuals using the internet for accessing social networking sites - last 3 m,PT_POP,Percentage of population,_Z,Not applicable,Y16T24,From 16 to 24 years,_T,Total,LO,Low level of educational attainment,_T,Total,_T,Total,2010,,99.02733682,,D,Definition differs,,,,,0,Units,,,2,Two,Y16_24LO,Individuals aged 16-24 with no or a low level of educational attainment
DATAFLOW,OECD.STI.DEP:DSD_ICT_HH_IND@DF_IND(1.1),ICT Access and Usage by Individuals,I,KOR,Korea,A,Annual,D1B_I,Individuals using the internet for accessing social networking sites - last 3 m,PT_POP,Percentage of population,_Z,Not applicable,Y16T24,From 16 to 24 years,_T,Total,LO,Low level of educational attainment,_T,Total,_T,Total,2011,,98.84093057,,D,Definition differs,,,,,0,Units,,,2,Two,Y16_24LO,Individuals aged 16-24 with no or a low level of educational attainment
DATAFLOW,OECD.STI.DEP:DSD_ICT_HH_IND@DF_IND(1.1),ICT Access and Usage by Individuals,I,KOR,Korea,A,Annual,D1B_I,Individuals using the internet for accessing social networking sites - last 3 m,PT_POP,Percentage of population,_Z,Not applicable,Y16T24,From 16 to 24 years,_T,Total,LO,Low level of educational attainment,_T,Total,_T,Total,2012,,98.86268072,,D,Definition differs,,,,,0,Units,,,2,Two,Y16_24LO,Individuals aged 16-24 with no or a low level of educational attainment
DATAFLOW,OECD.STI.DEP:DSD_ICT_HH_IND@DF_IND(1.1),ICT Access and Usage by Individuals,I,KOR,Korea,A,Annual,D1B_I,Individuals using the internet for accessing social networking sites - last 3 m,PT_POP,Percentage of population,_Z,Not applicable,Y16T24,From 16 to 24 years,_T,Total,LO,Low level of educational attainment,_T,Total,_T,Total,2013,,73.90435292,,D,Definition differs,,,,,0,Units,,,2,Two,Y16_24LO,Individuals aged 16-24 with no or a low level of educational attainment
DATAFLOW,OECD.STI.DEP:DSD_ICT_HH_IND@DF_IND(1.1),ICT Access and Usage by Individuals,I,KOR,Korea,A,Annual,D1B_I,Individuals using the internet for accessing social networking sites - last 3 m,PT_POP,Percentage of population,_Z,Not applicable,Y16T24,From 16 to 24 years,_T,Total,LO,Low level of educational attainment,_T,Total,_T,Total,2014,,77.34847682,,D,Definition differs,,,,,0,Units,,,2,Two,Y16_24LO,Individuals aged 16-24 with no or a low level of educational attainment
DATAFLOW,OECD.STI.DEP:DSD_ICT_HH_IND@DF_IND(1.1),ICT Access and Usage by Individuals,I,KOR,Korea,A,Annual,D1B_I,Individuals using the internet for accessing social networking sites - last 3 m,PT_POP,Percentage of population,_Z,Not applicable,Y16T24,From 16 to 24 years,_T,Total,LO,Low level of educational attainment,_T,Total,_T,Total,2015,,79.43841154,,D,Definition differs,,,,,0,Units,,,2,Two,Y16_24LO,Individuals aged 16-24 with no or a low level of educational attainment
DATAFLOW,OECD.STI.DEP:DSD_ICT_HH_IND@DF_IND(1.1),ICT Access and Usage by Individuals,I,KOR,Korea,A,Annual,D1B_I,Individuals using the internet for accessing social networking sites - last 3 m,PT_POP,Percentage of population,_Z,Not applicable,Y16T24,From 16 to 24 years,_T,Total,LO,Low level of educational attainment,_T,Total,_T,Total,2016,,77.15628314,,D,Definition differs,,,,,0,Units,,,2,Two,Y16_24LO,Individuals aged 16-24 with no or a low level of educational attainment
DATAFLOW,OECD.STI.DEP:DSD_ICT_HH_IND@DF_IND(1.1),ICT Access and Usage by Individuals,I,KOR,Korea,A,Annual,D1B_I,Individuals using the internet for accessing social networking sites - last 3 m,PT_POP,Percentage of population,_Z,Not applicable,Y16T24,From 16 to 24 years,_T,Total,LO,Low level of educational attainment,_T,Total,_T,Total,2017,,85.89272622,,D,Definition differs,,,,,0,Units,,,2,Two,Y16_24LO,Individuals aged 16-24 with no or a low level of educational attainment
DATAFLOW,OECD.STI.DEP:DSD_ICT_HH_IND@DF_IND(1.1),ICT Access and Usage by Individuals,I,KOR,Korea,A,Annual,D1B_I,Individuals using the internet for accessing social networking sites - last 3 m,PT_POP,Percentage of population,_Z,Not applicable,Y16T24,From 16 to 24 years,_T,Total,LO,Low level of educational attainment,_T,Total,_T,Total,2018,,82.58305706,,D,Definition differs,,,,,0,Units,,,2,Two,Y16_24LO,Individuals aged 16-24 with no or a low level of educational attainment
DATAFLOW,OECD.STI.DEP:DSD_ICT_HH_IND@DF_IND(1.1),ICT Access and Usage by Individuals,I,KOR,Korea,A,Annual,D1B_I,Individuals using the internet for accessing social networking sites - last 3 m,PT_POP,Percentage of population,_Z,Not applicable,Y16T24,From 16 to 24 years,_T,Total,LO,Low level of educational attainment,_T,Total,_T,Total,2019,,77.76985917,,D,Definition differs,,,,,0,Units,,,2,Two,Y16_24LO,Individuals aged 16-24 with no or a low level of educational attainment
DATAFLOW,OECD.STI.DEP:DSD_ICT_HH_IND@DF_IND(1.1),ICT Access and Usage by Individuals,I,KOR,Korea,A,Annual,D1B_I,Individuals using the internet for accessing social networking sites - last 3 m,PT_POP,Percentage of population,_Z,Not applicable,Y16T24,From 16 to 24 years,_T,Total,LO,Low level of educational attainment,_T,Total,_T,Total,2020,,80.8614094,,D,Definition differs,,,,,0,Units,,,2,Two,Y16_24LO,Individuals aged 16-24 with no or a low level of educational attainment
DATAFLOW,OECD.STI.DEP:DSD_ICT_HH_IND@DF_IND(1.1),ICT Access and Usage by Individuals,I,USA,United States,A,Annual,D1B_I,Individuals using the internet for accessing social networking sites - last 3 m,PT_POP,Percentage of population,_Z,Not applicable,Y16T24,From 16 to 24 years,_T,Total,_T,Total,_T,Total,_T,Total,2015,,75.009508,,D,Definition differs,,,,,0,Units,,,2,Two,Y16_24,Individuals aged 16-24
DATAFLOW,OECD.STI.DEP:DSD_ICT_HH_IND@DF_IND(1.1),ICT Access and Usage by Individuals,I,USA,United States,A,Annual,D1B_I,Individuals using the internet for accessing social networking sites - last 3 m,PT_POP,Percentage of population,_Z,Not applicable,Y16T24,From 16 to 24 years,_T,Total,_T,Total,_T,Total,_T,Total,2017,,75.83877,,D,Definition differs,,,,,0,Units,,,2,Two,Y16_24,Individuals aged 16-24
DATAFLOW,OECD.STI.DEP:DSD_ICT_HH_IND@DF_IND(1.1),ICT Access and Usage by Individuals,I,USA,United States,A,Annual,D1B_I,Individuals using the internet for accessing social networking sites - last 3 m,PT_POP,Percentage of population,_Z,Not applicable,Y16T24,From 16 to 24 years,_T,Total,_T,Total,_T,Total,_T,Total,2019,,75.24,,D,Definition differs,,,,,0,Units,,,2,Two,Y16_24,Individuals aged 16-24
DATAFLOW,OECD.STI.DEP:DSD_ICT_HH_IND@DF_IND(1.1),ICT Access and Usage by Individuals,I,USA,United States,A,Annual,D1B_I,Individuals using the internet for accessing social networking sites - last 3 m,PT_POP,Percentage of population,_Z,Not applicable,Y16T24,From 16 to 24 years,_T,Total,_T,Total,_T,Total,_T,Total,2023,,77.83,,D,Definition differs,,,,,0,Units,,,2,Two,Y16_24,Individuals aged 16-24
DATAFLOW,OECD.STI.DEP:DSD_ICT_HH_IND@DF_IND(1.1),ICT Access and Usage by Individuals,I,KOR,Korea,A,Annual,D1B_I,Individuals using the internet for accessing social networking sites - last 3 m,PT_POP,Percentage of population,_Z,Not applicable,Y16T24,From 16 to 24 years,_T,Total,_T,Total,_T,Total,_T,Total,2010,,97.14470645,,D,Definition differs,,,,,0,Units,,,2,Two,Y16_24,Individuals aged 16-24
DATAFLOW,OECD.STI.DEP:DSD_ICT_HH_IND@DF_IND(1.1),ICT Access and Usage by Individuals,I,KOR,Korea,A,Annual,D1B_I,Individuals using the internet for accessing social networking sites - last 3 m,PT_POP,Percentage of population,_Z,Not applicable,Y16T24,From 16 to 24 years,_T,Total,_T,Total,_T,Total,_T,Total,2011,,97.15922922,,D,Definition differs,,,,,0,Units,,,2,Two,Y16_24,Individuals aged 16-24
DATAFLOW,OECD.STI.DEP:DSD_ICT_HH_IND@DF_IND(1.1),ICT Access and Usage by Individuals,I,KOR,Korea,A,Annual,D1B_I,Individuals using the internet for accessing social networking sites - last 3 m,PT_POP,Percentage of population,_Z,Not applicable,Y16T24,From 16 to 24 years,_T,Total,_T,Total,_T,Total,_T,Total,2012,,97.13512467,,D,Definition differs,,,,,0,Units,,,2,Two,Y16_24,Individuals aged 16-24
DATAFLOW,OECD.STI.DEP:DSD_ICT_HH_IND@DF_IND(1.1),ICT Access and Usage by Individuals,I,KOR,Korea,A,Annual,D1B_I,Individuals using the internet for accessing social networking sites - last 3 m,PT_POP,Percentage of population,_Z,Not applicable,Y16T24,From 16 to 24 years,_T,Total,_T,Total,_T,Total,_T,Total,2013,,83.48680033,,D,Definition differs,,,,,0,Units,,,2,Two,Y16_24,Individuals aged 16-24
DATAFLOW,OECD.STI.DEP:DSD_ICT_HH_IND@DF_IND(1.1),ICT Access and Usage by Individuals,I,KOR,Korea,A,Annual,D1B_I,Individuals using the internet for accessing social networking sites - last 3 m,PT_POP,Percentage of population,_Z,Not applicable,Y16T24,From 16 to 24 years,_T,Total,_T,Total,_T,Total,_T,Total,2014,,86.0876441,,D,Definition differs,,,,,0,Units,,,2,Two,Y16_24,Individuals aged 16-24
DATAFLOW,OECD.STI.DEP:DSD_ICT_HH_IND@DF_IND(1.1),ICT Access and Usage by Individuals,I,KOR,Korea,A,Annual,D1B_I,Individuals using the internet for accessing social networking sites - last 3 m,PT_POP,Percentage of population,_Z,Not applicable,Y16T24,From 16 to 24 years,_T,Total,_T,Total,_T,Total,_T,Total,2015,,87.51398823,,D,Definition differs,,,,,0,Units,,,2,Two,Y16_24,Individuals aged 16-24
DATAFLOW,OECD.STI.DEP:DSD_ICT_HH_IND@DF_IND(1.1),ICT Access and Usage by Individuals,I,KOR,Korea,A,Annual,D1B_I,Individuals using the internet for accessing social networking sites - last 3 m,PT_POP,Percentage of population,_Z,Not applicable,Y16T24,From 16 to 24 years,_T,Total,_T,Total,_T,Total,_T,Total,2016,,88.00513149,,D,Definition differs,,,,,0,Units,,,2,Two,Y16_24,Individuals aged 16-24
DATAFLOW,OECD.STI.DEP:DSD_ICT_HH_IND@DF_IND(1.1),ICT Access and Usage by Individuals,I,KOR,Korea,A,Annual,D1B_I,Individuals using the internet for accessing social networking sites - last 3 m,PT_POP,Percentage of population,_Z,Not applicable,Y16T24,From 16 to 24 years,_T,Total,_T,Total,_T,Total,_T,Total,2017,,91.551781,,D,Definition differs,,,,,0,Units,,,2,Two,Y16_24,Individuals aged 16-24
DATAFLOW,OECD.STI.DEP:DSD_ICT_HH_IND@DF_IND(1.1),ICT Access and Usage by Individuals,I,KOR,Korea,A,Annual,D1B_I,Individuals using the internet for accessing social networking sites - last 3 m,PT_POP,Percentage of population,_Z,Not applicable,Y16T24,From 16 to 24 years,_T,Total,_T,Total,_T,Total,_T,Total,2018,,88.97071695,,D,Definition differs,,,,,0,Units,,,2,Two,Y16_24,Individuals aged 16-24
DATAFLOW,OECD.STI.DEP:DSD_ICT_HH_IND@DF_IND(1.1),ICT Access and Usage by Individuals,I,KOR,Korea,A,Annual,D1B_I,Individuals using the internet for accessing social networking sites - last 3 m,PT_POP,Percentage of population,_Z,Not applicable,Y16T24,From 16 to 24 years,_T,Total,_T,Total,_T,Total,_T,Total,2019,,84.43598893,,D,Definition differs,,,,,0,Units,,,2,Two,Y16_24,Individuals aged 16-24
DATAFLOW,OECD.STI.DEP:DSD_ICT_HH_IND@DF_IND(1.1),ICT Access and Usage by Individuals,I,KOR,Korea,A,Annual,D1B_I,Individuals using the internet for accessing social networking sites - last 3 m,PT_POP,Percentage of population,_Z,Not applicable,Y16T24,From 16 to 24 years,_T,Total,_T,Total,_T,Total,_T,Total,2020,,87.81736517,,D,Definition differs,,,,,0,Units,,,2,Two,Y16_24,Individuals aged 16-24
DATAFLOW,OECD.STI.DEP:DSD_ICT_HH_IND@DF_IND(1.1),ICT Access and Usage by Individuals,I,USA,United States,A,Annual,D1B_I,Individuals using the internet for accessing social networking sites - last 3 m,PT_POP,Percentage of population,_Z,Not applicable,Y16T24,From 16 to 24 years,_T,Total,_T,Total,_T,Total,_T,Total,2021,,76.69,,D,Definition differs,,,,,0,Units,,,2,Two,Y16_24,Individuals aged 16-24
DATAFLOW,OECD.STI.DEP:DSD_ICT_HH_IND@DF_IND(1.1),ICT Access and Usage by Individuals,I,USA,United States,A,Annual,D1B_I,Individuals using the internet for accessing social networking sites - last 3 m,PT_POP,Percentage of population,_Z,Not applicable,Y16T24,From 16 to 24 years,_T,Total,HI,High level of educational attainment,_T,Total,_T,Total,2021,,83.57,,D,Definition differs,,,,,0,Units,,,2,Two,Y16_24HI,Individuals aged 16-24 with a high level of educational attainment
DATAFLOW,OECD.STI.DEP:DSD_ICT_HH_IND@DF_IND(1.1),ICT Access and Usage by Individuals,I,USA,United States,A,Annual,D1B_I,Individuals using the internet for accessing social networking sites - last 3 m,PT_POP,Percentage of population,_Z,Not applicable,Y16T24,From 16 to 24 years,_T,Total,HI,High level of educational attainment,_T,Total,_T,Total,2015,,85.109973,,D,Definition differs,,,,,0,Units,,,2,Two,Y16_24HI,Individuals aged 16-24 with a high level of educational attainment
DATAFLOW,OECD.STI.DEP:DSD_ICT_HH_IND@DF_IND(1.1),ICT Access and Usage by Individuals,I,USA,United States,A,Annual,D1B_I,Individuals using the internet for accessing social networking sites - last 3 m,PT_POP,Percentage of population,_Z,Not applicable,Y16T24,From 16 to 24 years,_T,Total,HI,High level of educational attainment,_T,Total,_T,Total,2017,,82.78144,,D,Definition differs,,,,,0,Units,,,2,Two,Y16_24HI,Individuals aged 16-24 with a high level of educational attainment
DATAFLOW,OECD.STI.DEP:DSD_ICT_HH_IND@DF_IND(1.1),ICT Access and Usage by Individuals,I,USA,United States,A,Annual,D1B_I,Individuals using the internet for accessing social networking sites - last 3 m,PT_POP,Percentage of population,_Z,Not applicable,Y16T24,From 16 to 24 years,_T,Total,HI,High level of educational attainment,_T,Total,_T,Total,2019,,82.72,,D,Definition differs,,,,,0,Units,,,2,Two,Y16_24HI,Individuals aged 16-24 with a high level of educational attainment
DATAFLOW,OECD.STI.DEP:DSD_ICT_HH_IND@DF_IND(1.1),ICT Access and Usage by Individuals,I,USA,United States,A,Annual,D1B_I,Individuals using the internet for accessing social networking sites - last 3 m,PT_POP,Percentage of population,_Z,Not applicable,Y16T24,From 16 to 24 years,_T,Total,HI,High level of educational attainment,_T,Total,_T,Total,2023,,81.37,,D,Definition differs,,,,,0,Units,,,2,Two,Y16_24HI,Individuals aged 16-24 with a high level of educational attainment
DATAFLOW,OECD.STI.DEP:DSD_ICT_HH_IND@DF_IND(1.1),ICT Access and Usage by Individuals,I,KOR,Korea,A,Annual,D1B_I,Individuals using the internet for accessing social networking sites - last 3 m,PT_POP,Percentage of population,_Z,Not applicable,Y16T24,From 16 to 24 years,_T,Total,HI,High level of educational attainment,_T,Total,_T,Total,2010,,94.21023916,,D,Definition differs,,,,,0,Units,,,2,Two,Y16_24HI,Individuals aged 16-24 with a high level of educational attainment
DATAFLOW,OECD.STI.DEP:DSD_ICT_HH_IND@DF_IND(1.1),ICT Access and Usage by Individuals,I,KOR,Korea,A,Annual,D1B_I,Individuals using the internet for accessing social networking sites - last 3 m,PT_POP,Percentage of population,_Z,Not applicable,Y16T24,From 16 to 24 years,_T,Total,HI,High level of educational attainment,_T,Total,_T,Total,2011,,94.30299795,,D,Definition differs,,,,,0,Units,,,2,Two,Y16_24HI,Individuals aged 16-24 with a high level of educational attainment
DATAFLOW,OECD.STI.DEP:DSD_ICT_HH_IND@DF_IND(1.1),ICT Access and Usage by Individuals,I,KOR,Korea,A,Annual,D1B_I,Individuals using the internet for accessing social networking sites - last 3 m,PT_POP,Percentage of population,_Z,Not applicable,Y16T24,From 16 to 24 years,_T,Total,HI,High level of educational attainment,_T,Total,_T,Total,2012,,94.52189337,,D,Definition differs,,,,,0,Units,,,2,Two,Y16_24HI,Individuals aged 16-24 with a high level of educational attainment
DATAFLOW,OECD.STI.DEP:DSD_ICT_HH_IND@DF_IND(1.1),ICT Access and Usage by Individuals,I,KOR,Korea,A,Annual,D1B_I,Individuals using the internet for accessing social networking sites - last 3 m,PT_POP,Percentage of population,_Z,Not applicable,Y16T24,From 16 to 24 years,_T,Total,HI,High level of educational attainment,_T,Total,_T,Total,2013,,91.51531389,,D,Definition differs,,,,,0,Units,,,2,Two,Y16_24HI,Individuals aged 16-24 with a high level of educational attainment
DATAFLOW,OECD.STI.DEP:DSD_ICT_HH_IND@DF_IND(1.1),ICT Access and Usage by Individuals,I,KOR,Korea,A,Annual,D1B_I,Individuals using the internet for accessing social networking sites - last 3 m,PT_POP,Percentage of population,_Z,Not applicable,Y16T24,From 16 to 24 years,_T,Total,HI,High level of educational attainment,_T,Total,_T,Total,2014,,90.87532877,,D,Definition differs,,,,,0,Units,,,2,Two,Y16_24HI,Individuals aged 16-24 with a high level of educational attainment
DATAFLOW,OECD.STI.DEP:DSD_ICT_HH_IND@DF_IND(1.1),ICT Access and Usage by Individuals,I,KOR,Korea,A,Annual,D1B_I,Individuals using the internet for accessing social networking sites - last 3 m,PT_POP,Percentage of population,_Z,Not applicable,Y16T24,From 16 to 24 years,_T,Total,HI,High level of educational attainment,_T,Total,_T,Total,2015,,90.64117876,,D,Definition differs,,,,,0,Units,,,2,Two,Y16_24HI,Individuals aged 16-24 with a high level of educational attainment
DATAFLOW,OECD.STI.DEP:DSD_ICT_HH_IND@DF_IND(1.1),ICT Access and Usage by Individuals,I,KOR,Korea,A,Annual,D1B_I,Individuals using the internet for accessing social networking sites - last 3 m,PT_POP,Percentage of population,_Z,Not applicable,Y16T24,From 16 to 24 years,_T,Total,HI,High level of educational attainment,_T,Total,_T,Total,2016,,90.87189966,,D,Definition differs,,,,,0,Units,,,2,Two,Y16_24HI,Individuals aged 16-24 with a high level of educational attainment
DATAFLOW,OECD.STI.DEP:DSD_ICT_HH_IND@DF_IND(1.1),ICT Access and Usage by Individuals,I,KOR,Korea,A,Annual,D1B_I,Individuals using the internet for accessing social networking sites - last 3 m,PT_POP,Percentage of population,_Z,Not applicable,Y16T24,From 16 to 24 years,_T,Total,HI,High level of educational attainment,_T,Total,_T,Total,2017,,92.93758807,,D,Definition differs,,,,,0,Units,,,2,Two,Y16_24HI,Individuals aged 16-24 with a high level of educational attainment
DATAFLOW,OECD.STI.DEP:DSD_ICT_HH_IND@DF_IND(1.1),ICT Access and Usage by Individuals,I,KOR,Korea,A,Annual,D1B_I,Individuals using the internet for accessing social networking sites - last 3 m,PT_POP,Percentage of population,_Z,Not applicable,Y16T24,From 16 to 24 years,_T,Total,HI,High level of educational attainment,_T,Total,_T,Total,2018,,93.66416888,,D,Definition differs,,,,,0,Units,,,2,Two,Y16_24HI,Individuals aged 16-24 with a high level of educational attainment
DATAFLOW,OECD.STI.DEP:DSD_ICT_HH_IND@DF_IND(1.1),ICT Access and Usage by Individuals,I,KOR,Korea,A,Annual,D1B_I,Individuals using the internet for accessing social networking sites - last 3 m,PT_POP,Percentage of population,_Z,Not applicable,Y16T24,From 16 to 24 years,_T,Total,HI,High level of educational attainment,_T,Total,_T,Total,2019,,88.1577387,,D,Definition differs,,,,,0,Units,,,2,Two,Y16_24HI,Individuals aged 16-24 with a high level of educational attainment
DATAFLOW,OECD.STI.DEP:DSD_ICT_HH_IND@DF_IND(1.1),ICT Access and Usage by Individuals,I,KOR,Korea,A,Annual,D1B_I,Individuals using the internet for accessing social networking sites - last 3 m,PT_POP,Percentage of population,_Z,Not applicable,Y16T24,From 16 to 24 years,_T,Total,HI,High level of educational attainment,_T,Total,_T,Total,2020,,89.91604628,,D,Definition differs,,,,,0,Units,,,2,Two,Y16_24HI,Individuals aged 16-24 with a high level of educational attainment
DATAFLOW,OECD.STI.DEP:DSD_ICT_HH_IND@DF_IND(1.1),ICT Access and Usage by Individuals,I,JPN,Japan,A,Annual,D1B_I,Individuals using the internet for accessing social networking sites - last 3 m,PT_POP,Percentage of population,_Z,Not applicable,Y16T74,From 16 to 74 years,F,Female,_T,Total,_T,Total,_T,Total,2022,,82.5,,D,Definition differs,,,,,0,Units,,,2,Two,F_Y16_74,Female aged 16-74
DATAFLOW,OECD.STI.DEP:DSD_ICT_HH_IND@DF_IND(1.1),ICT Access and Usage by Individuals,I,JPN,Japan,A,Annual,D1B_I,Individuals using the internet for accessing social networking sites - last 3 m,PT_POP,Percentage of population,_Z,Not applicable,Y16T74,From 16 to 74 years,M,Male,_T,Total,_T,Total,_T,Total,2022,,78.7,,D,Definition differs,,,,,0,Units,,,2,Two,M_Y16_74,Male aged 16-74
DATAFLOW,OECD.STI.DEP:DSD_ICT_HH_IND@DF_IND(1.1),ICT Access and Usage by Individuals,I,JPN,Japan,A,Annual,D1B_I,Individuals using the internet for accessing social networking sites - last 3 m,PT_POP,Percentage of population,_Z,Not applicable,Y16T74,From 16 to 74 years,_T,Total,_T,Total,_T,Total,_T,Total,2022,,80.6,,D,Definition differs,,,,,0,Units,,,2,Two,IND_TOTAL,All (individuals aged 16-74)
DATAFLOW,OECD.STI.DEP:DSD_ICT_HH_IND@DF_IND(1.1),ICT Access and Usage by Individuals,I,JPN,Japan,A,Annual,D1B_I,Individuals using the internet for accessing social networking sites - last 3 m,PT_POP,Percentage of population,_Z,Not applicable,Y16T74,From 16 to 74 years,_T,Total,_T,Total,_T,Total,_T,Total,2020,,74.9,,D,Definition differs,,,,,0,Units,,,2,Two,IND_TOTAL,All (individuals aged 16-74)
DATAFLOW,OECD.STI.DEP:DSD_ICT_HH_IND@DF_IND(1.1),ICT Access and Usage by Individuals,I,JPN,Japan,A,Annual,D1B_I,Individuals using the internet for accessing social networking sites - last 3 m,PT_POP,Percentage of population,_Z,Not applicable,Y16T74,From 16 to 74 years,F,Female,_T,Total,_T,Total,_T,Total,2023,,84.4,,D,Definition differs,,,,,0,Units,,,2,Two,F_Y16_74,Female aged 16-74
DATAFLOW,OECD.STI.DEP:DSD_ICT_HH_IND@DF_IND(1.1),ICT Access and Usage by Individuals,I,JPN,Japan,A,Annual,D1B_I,Individuals using the internet for accessing social networking sites - last 3 m,PT_POP,Percentage of population,_Z,Not applicable,Y16T74,From 16 to 74 years,F,Female,_T,Total,_T,Total,_T,Total,2024,,86,,D,Definition differs,,,,,0,Units,,,2,Two,F_Y16_74,Female aged 16-74
DATAFLOW,OECD.STI.DEP:DSD_ICT_HH_IND@DF_IND(1.1),ICT Access and Usage by Individuals,I,JPN,Japan,A,Annual,D1B_I,Individuals using the internet for accessing social networking sites - last 3 m,PT_POP,Percentage of population,_Z,Not applicable,Y16T74,From 16 to 74 years,M,Male,_T,Total,_T,Total,_T,Total,2023,,80.9,,D,Definition differs,,,,,0,Units,,,2,Two,M_Y16_74,Male aged 16-74
DATAFLOW,OECD.STI.DEP:DSD_ICT_HH_IND@DF_IND(1.1),ICT Access and Usage by Individuals,I,JPN,Japan,A,Annual,D1B_I,Individuals using the internet for accessing social networking sites - last 3 m,PT_POP,Percentage of population,_Z,Not applicable,Y16T74,From 16 to 74 years,M,Male,_T,Total,_T,Total,_T,Total,2024,,83.2,,D,Definition differs,,,,,0,Units,,,2,Two,M_Y16_74,Male aged 16-74
DATAFLOW,OECD.STI.DEP:DSD_ICT_HH_IND@DF_IND(1.1),ICT Access and Usage by Individuals,I,JPN,Japan,A,Annual,D1B_I,Individuals using the internet for accessing social networking sites - last 3 m,PT_POP,Percentage of population,_Z,Not applicable,Y16T74,From 16 to 74 years,_T,Total,_T,Total,_T,Total,_T,Total,2012,,39.8,,D,Definition differs,,,,,0,Units,,,2,Two,IND_TOTAL,All (individuals aged 16-74)
DATAFLOW,OECD.STI.DEP:DSD_ICT_HH_IND@DF_IND(1.1),ICT Access and Usage by Individuals,I,JPN,Japan,A,Annual,D1B_I,Individuals using the internet for accessing social networking sites - last 3 m,PT_POP,Percentage of population,_Z,Not applicable,Y16T74,From 16 to 74 years,_T,Total,_T,Total,_T,Total,_T,Total,2013,,45,,D,Definition differs,,,,,0,Units,,,2,Two,IND_TOTAL,All (individuals aged 16-74)
DATAFLOW,OECD.STI.DEP:DSD_ICT_HH_IND@DF_IND(1.1),ICT Access and Usage by Individuals,I,JPN,Japan,A,Annual,D1B_I,Individuals using the internet for accessing social networking sites - last 3 m,PT_POP,Percentage of population,_Z,Not applicable,Y16T74,From 16 to 74 years,_T,Total,_T,Total,_T,Total,_T,Total,2014,,47.1,,D,Definition differs,,,,,0,Units,,,2,Two,IND_TOTAL,All (individuals aged 16-74)
DATAFLOW,OECD.STI.DEP:DSD_ICT_HH_IND@DF_IND(1.1),ICT Access and Usage by Individuals,I,JPN,Japan,A,Annual,D1B_I,Individuals using the internet for accessing social networking sites - last 3 m,PT_POP,Percentage of population,_Z,Not applicable,Y16T74,From 16 to 74 years,_T,Total,_T,Total,_T,Total,_T,Total,2015,,50.1,,D,Definition differs,,,,,0,Units,,,2,Two,IND_TOTAL,All (individuals aged 16-74)
DATAFLOW,OECD.STI.DEP:DSD_ICT_HH_IND@DF_IND(1.1),ICT Access and Usage by Individuals,I,JPN,Japan,A,Annual,D1B_I,Individuals using the internet for accessing social networking sites - last 3 m,PT_POP,Percentage of population,_Z,Not applicable,Y16T74,From 16 to 74 years,_T,Total,_T,Total,_T,Total,_T,Total,2016,,53.1,,D,Definition differs,,,,,0,Units,,,2,Two,IND_TOTAL,All (individuals aged 16-74)
DATAFLOW,OECD.STI.DEP:DSD_ICT_HH_IND@DF_IND(1.1),ICT Access and Usage by Individuals,I,JPN,Japan,A,Annual,D1B_I,Individuals using the internet for accessing social networking sites - last 3 m,PT_POP,Percentage of population,_Z,Not applicable,Y16T74,From 16 to 74 years,_T,Total,_T,Total,_T,Total,_T,Total,2017,,55.8,,D,Definition differs,,,,,0,Units,,,2,Two,IND_TOTAL,All (individuals aged 16-74)
DATAFLOW,OECD.STI.DEP:DSD_ICT_HH_IND@DF_IND(1.1),ICT Access and Usage by Individuals,I,JPN,Japan,A,Annual,D1B_I,Individuals using the internet for accessing social networking sites - last 3 m,PT_POP,Percentage of population,_Z,Not applicable,Y16T74,From 16 to 74 years,_T,Total,_T,Total,_T,Total,_T,Total,2018,,60.7,,D,Definition differs,,,,,0,Units,,,2,Two,IND_TOTAL,All (individuals aged 16-74)
DATAFLOW,OECD.STI.DEP:DSD_ICT_HH_IND@DF_IND(1.1),ICT Access and Usage by Individuals,I,JPN,Japan,A,Annual,D1B_I,Individuals using the internet for accessing social networking sites - last 3 m,PT_POP,Percentage of population,_Z,Not applicable,Y16T74,From 16 to 74 years,_T,Total,_T,Total,_T,Total,_T,Total,2019,,66.2,,D,Definition differs,,,,,0,Units,,,2,Two,IND_TOTAL,All (individuals aged 16-74)
DATAFLOW,OECD.STI.DEP:DSD_ICT_HH_IND@DF_IND(1.1),ICT Access and Usage by Individuals,I,JPN,Japan,A,Annual,D1B_I,Individuals using the internet for accessing social networking sites - last 3 m,PT_POP,Percentage of population,_Z,Not applicable,Y16T74,From 16 to 74 years,_T,Total,_T,Total,_T,Total,_T,Total,2023,,82.7,,D,Definition differs,,,,,0,Units,,,2,Two,IND_TOTAL,All (individuals aged 16-74)
DATAFLOW,OECD.STI.DEP:DSD_ICT_HH_IND@DF_IND(1.1),ICT Access and Usage by Individuals,I,JPN,Japan,A,Annual,D1B_I,Individuals using the internet for accessing social networking sites - last 3 m,PT_POP,Percentage of population,_Z,Not applicable,Y16T74,From 16 to 74 years,_T,Total,_T,Total,_T,Total,_T,Total,2024,,84.6,,D,Definition differs,,,,,0,Units,,,2,Two,IND_TOTAL,All (individuals aged 16-74)
DATAFLOW,OECD.STI.DEP:DSD_ICT_HH_IND@DF_IND(1.1),ICT Access and Usage by Individuals,I,USA,United States,A,Annual,D1B_I,Individuals using the internet for accessing social networking sites - last 3 m,PT_POP,Percentage of population,_Z,Not applicable,Y16T74,From 16 to 74 years,F,Female,ME,Middle level of educational attainment,_T,Total,_T,Total,2023,,69.05,,D,Definition differs,,,,,0,Units,,,2,Two,F_ME,Female aged 16-74 with a middle level of educational attainment
DATAFLOW,OECD.STI.DEP:DSD_ICT_HH_IND@DF_IND(1.1),ICT Access and Usage by Individuals,I,USA,United States,A,Annual,D1B_I,Individuals using the internet for accessing social networking sites - last 3 m,PT_POP,Percentage of population,_Z,Not applicable,Y16T74,From 16 to 74 years,_T,Total,_T,Total,_T,Total,_T,Total,2023,,67.96,,D,Definition differs,,,,,0,Units,,,2,Two,IND_TOTAL,All (individuals aged 16-74)
DATAFLOW,OECD.STI.DEP:DSD_ICT_HH_IND@DF_IND(1.1),ICT Access and Usage by Individuals,I,USA,United States,A,Annual,D1B_I,Individuals using the internet for accessing social networking sites - last 3 m,PT_POP,Percentage of population,_Z,Not applicable,Y16T74,From 16 to 74 years,M,Male,ME,Middle level of educational attainment,_T,Total,_T,Total,2023,,62.9,,D,Definition differs,,,,,0,Units,,,2,Two,M_ME,Male aged 16-74 with a middle level of educational attainment
DATAFLOW,OECD.STI.DEP:DSD_ICT_HH_IND@DF_IND(1.1),ICT Access and Usage by Individuals,I,USA,United States,A,Annual,D1B_I,Individuals using the internet for accessing social networking sites - last 3 m,PT_POP,Percentage of population,_Z,Not applicable,Y16T74,From 16 to 74 years,M,Male,LO,Low level of educational attainment,_T,Total,_T,Total,2023,,57.31,,D,Definition differs,,,,,0,Units,,,2,Two,M_LO,Male aged 16-74 with no or a low level of educational attainment
DATAFLOW,OECD.STI.DEP:DSD_ICT_HH_IND@DF_IND(1.1),ICT Access and Usage by Individuals,I,USA,United States,A,Annual,D1B_I,Individuals using the internet for accessing social networking sites - last 3 m,PT_POP,Percentage of population,_Z,Not applicable,Y16T74,From 16 to 74 years,F,Female,LO,Low level of educational attainment,_T,Total,_T,Total,2023,,60.96,,D,Definition differs,,,,,0,Units,,,2,Two,F_LO,Female aged 16-74 with no or a low level of educational attainment
DATAFLOW,OECD.STI.DEP:DSD_ICT_HH_IND@DF_IND(1.1),ICT Access and Usage by Individuals,I,USA,United States,A,Annual,D1B_I,Individuals using the internet for accessing social networking sites - last 3 m,PT_POP,Percentage of population,_Z,Not applicable,Y16T74,From 16 to 74 years,F,Female,_T,Total,_T,Total,_T,Total,2023,,71.41,,D,Definition differs,,,,,0,Units,,,2,Two,F_Y16_74,Female aged 16-74
DATAFLOW,OECD.STI.DEP:DSD_ICT_HH_IND@DF_IND(1.1),ICT Access and Usage by Individuals,I,USA,United States,A,Annual,D1B_I,Individuals using the internet for accessing social networking sites - last 3 m,PT_POP,Percentage of population,_Z,Not applicable,Y16T74,From 16 to 74 years,F,Female,HI,High level of educational attainment,_T,Total,_T,Total,2023,,75.76,,D,Definition differs,,,,,0,Units,,,2,Two,F_HI,Female aged 16-74 with a high level of educational attainment
DATAFLOW,OECD.STI.DEP:DSD_ICT_HH_IND@DF_IND(1.1),ICT Access and Usage by Individuals,I,USA,United States,A,Annual,D1B_I,Individuals using the internet for accessing social networking sites - last 3 m,PT_POP,Percentage of population,_Z,Not applicable,Y16T74,From 16 to 74 years,_T,Total,HI,High level of educational attainment,_T,Total,_T,Total,2023,,72.18,,D,Definition differs,,,,,0,Units,,,2,Two,I_HI,Individuals aged 16-74 with a high level of educational attainment
DATAFLOW,OECD.STI.DEP:DSD_ICT_HH_IND@DF_IND(1.1),ICT Access and Usage by Individuals,I,USA,United States,A,Annual,D1B_I,Individuals using the internet for accessing social networking sites - last 3 m,PT_POP,Percentage of population,_Z,Not applicable,Y16T74,From 16 to 74 years,_T,Total,ME,Middle level of educational attainment,_T,Total,_T,Total,2023,,65.87,,D,Definition differs,,,,,0,Units,,,2,Two,I_ME,Individuals aged 16-74 with a middle level of educational attainment
DATAFLOW,OECD.STI.DEP:DSD_ICT_HH_IND@DF_IND(1.1),ICT Access and Usage by Individuals,I,USA,United States,A,Annual,D1B_I,Individuals using the internet for accessing social networking sites - last 3 m,PT_POP,Percentage of population,_Z,Not applicable,Y16T74,From 16 to 74 years,M,Male,_T,Total,_T,Total,_T,Total,2023,,64.46,,D,Definition differs,,,,,0,Units,,,2,Two,M_Y16_74,Male aged 16-74
DATAFLOW,OECD.STI.DEP:DSD_ICT_HH_IND@DF_IND(1.1),ICT Access and Usage by Individuals,I,USA,United States,A,Annual,D1B_I,Individuals using the internet for accessing social networking sites - last 3 m,PT_POP,Percentage of population,_Z,Not applicable,Y16T74,From 16 to 74 years,M,Male,HI,High level of educational attainment,_T,Total,_T,Total,2023,,68.17,,D,Definition differs,,,,,0,Units,,,2,Two,M_HI,Male aged 16-74 with a high high level of educational attainment
DATAFLOW,OECD.STI.DEP:DSD_ICT_HH_IND@DF_IND(1.1),ICT Access and Usage by Individuals,I,USA,United States,A,Annual,D1B_I,Individuals using the internet for accessing social networking sites - last 3 m,PT_POP,Percentage of population,_Z,Not applicable,Y16T74,From 16 to 74 years,_T,Total,LO,Low level of educational attainment,_T,Total,_T,Total,2023,,59.05,,D,Definition differs,,,,,0,Units,,,2,Two,I_LO,Individuals aged 16-74 with no or a low level of educational attainment
DATAFLOW,OECD.STI.DEP:DSD_ICT_HH_IND@DF_IND(1.1),ICT Access and Usage by Individuals,I,USA,United States,A,Annual,D1B_I,Individuals using the internet for accessing social networking sites - last 3 m,PT_POP,Percentage of population,_Z,Not applicable,Y16T74,From 16 to 74 years,M,Male,ME,Middle level of educational attainment,_T,Total,_T,Total,2015,,50.936844,,D,Definition differs,,,,,0,Units,,,2,Two,M_ME,Male aged 16-74 with a middle level of educational attainment
DATAFLOW,OECD.STI.DEP:DSD_ICT_HH_IND@DF_IND(1.1),ICT Access and Usage by Individuals,I,USA,United States,A,Annual,D1B_I,Individuals using the internet for accessing social networking sites - last 3 m,PT_POP,Percentage of population,_Z,Not applicable,Y16T74,From 16 to 74 years,M,Male,LO,Low level of educational attainment,_T,Total,_T,Total,2015,,38.99539,,D,Definition differs,,,,,0,Units,,,2,Two,M_LO,Male aged 16-74 with no or a low level of educational attainment
DATAFLOW,OECD.STI.DEP:DSD_ICT_HH_IND@DF_IND(1.1),ICT Access and Usage by Individuals,I,USA,United States,A,Annual,D1B_I,Individuals using the internet for accessing social networking sites - last 3 m,PT_POP,Percentage of population,_Z,Not applicable,Y16T74,From 16 to 74 years,M,Male,_T,Total,_T,Total,_T,Total,2015,,53.119038,,D,Definition differs,,,,,0,Units,,,2,Two,M_Y16_74,Male aged 16-74
DATAFLOW,OECD.STI.DEP:DSD_ICT_HH_IND@DF_IND(1.1),ICT Access and Usage by Individuals,I,USA,United States,A,Annual,D1B_I,Individuals using the internet for accessing social networking sites - last 3 m,PT_POP,Percentage of population,_Z,Not applicable,Y16T74,From 16 to 74 years,M,Male,HI,High level of educational attainment,_T,Total,_T,Total,2015,,61.179284,,D,Definition differs,,,,,0,Units,,,2,Two,M_HI,Male aged 16-74 with a high high level of educational attainment
DATAFLOW,OECD.STI.DEP:DSD_ICT_HH_IND@DF_IND(1.1),ICT Access and Usage by Individuals,I,USA,United States,A,Annual,D1B_I,Individuals using the internet for accessing social networking sites - last 3 m,PT_POP,Percentage of population,_Z,Not applicable,Y16T74,From 16 to 74 years,F,Female,ME,Middle level of educational attainment,_T,Total,_T,Total,2015,,57.707964,,D,Definition differs,,,,,0,Units,,,2,Two,F_ME,Female aged 16-74 with a middle level of educational attainment
DATAFLOW,OECD.STI.DEP:DSD_ICT_HH_IND@DF_IND(1.1),ICT Access and Usage by Individuals,I,USA,United States,A,Annual,D1B_I,Individuals using the internet for accessing social networking sites - last 3 m,PT_POP,Percentage of population,_Z,Not applicable,Y16T74,From 16 to 74 years,F,Female,LO,Low level of educational attainment,_T,Total,_T,Total,2015,,44.08222,,D,Definition differs,,,,,0,Units,,,2,Two,F_LO,Female aged 16-74 with no or a low level of educational attainment
DATAFLOW,OECD.STI.DEP:DSD_ICT_HH_IND@DF_IND(1.1),ICT Access and Usage by Individuals,I,USA,United States,A,Annual,D1B_I,Individuals using the internet for accessing social networking sites - last 3 m,PT_POP,Percentage of population,_Z,Not applicable,Y16T74,From 16 to 74 years,F,Female,_T,Total,_T,Total,_T,Total,2015,,60.270355,,D,Definition differs,,,,,0,Units,,,2,Two,F_Y16_74,Female aged 16-74
DATAFLOW,OECD.STI.DEP:DSD_ICT_HH_IND@DF_IND(1.1),ICT Access and Usage by Individuals,I,USA,United States,A,Annual,D1B_I,Individuals using the internet for accessing social networking sites - last 3 m,PT_POP,Percentage of population,_Z,Not applicable,Y16T74,From 16 to 74 years,F,Female,HI,High level of educational attainment,_T,Total,_T,Total,2015,,67.983966,,D,Definition differs,,,,,0,Units,,,2,Two,F_HI,Female aged 16-74 with a high level of educational attainment
DATAFLOW,OECD.STI.DEP:DSD_ICT_HH_IND@DF_IND(1.1),ICT Access and Usage by Individuals,I,USA,United States,A,Annual,D1B_I,Individuals using the internet for accessing social networking sites - last 3 m,PT_POP,Percentage of population,_Z,Not applicable,Y16T74,From 16 to 74 years,_T,Total,_T,Total,_T,Total,_T,Total,2015,,56.774724,,D,Definition differs,,,,,0,Units,,,2,Two,IND_TOTAL,All (individuals aged 16-74)
DATAFLOW,OECD.STI.DEP:DSD_ICT_HH_IND@DF_IND(1.1),ICT Access and Usage by Individuals,I,USA,United States,A,Annual,D1B_I,Individuals using the internet for accessing social networking sites - last 3 m,PT_POP,Percentage of population,_Z,Not applicable,Y16T74,From 16 to 74 years,_T,Total,HI,High level of educational attainment,_T,Total,_T,Total,2015,,64.77068,,D,Definition differs,,,,,0,Units,,,2,Two,I_HI,Individuals aged 16-74 with a high level of educational attainment
DATAFLOW,OECD.STI.DEP:DSD_ICT_HH_IND@DF_IND(1.1),ICT Access and Usage by Individuals,I,USA,United States,A,Annual,D1B_I,Individuals using the internet for accessing social networking sites - last 3 m,PT_POP,Percentage of population,_Z,Not applicable,Y16T74,From 16 to 74 years,_T,Total,ME,Middle level of educational attainment,_T,Total,_T,Total,2015,,54.378885,,D,Definition differs,,,,,0,Units,,,2,Two,I_ME,Individuals aged 16-74 with a middle level of educational attainment
DATAFLOW,OECD.STI.DEP:DSD_ICT_HH_IND@DF_IND(1.1),ICT Access and Usage by Individuals,I,USA,United States,A,Annual,D1B_I,Individuals using the internet for accessing social networking sites - last 3 m,PT_POP,Percentage of population,_Z,Not applicable,Y16T74,From 16 to 74 years,_T,Total,LO,Low level of educational attainment,_T,Total,_T,Total,2015,,41.41875,,D,Definition differs,,,,,0,Units,,,2,Two,I_LO,Individuals aged 16-74 with no or a low level of educational attainment
DATAFLOW,OECD.STI.DEP:DSD_ICT_HH_IND@DF_IND(1.1),ICT Access and Usage by Individuals,I,USA,United States,A,Annual,D1B_I,Individuals using the internet for accessing social networking sites - last 3 m,PT_POP,Percentage of population,_Z,Not applicable,Y16T74,From 16 to 74 years,F,Female,ME,Middle level of educational attainment,_T,Total,_T,Total,2019,,63.29,,D,Definition differs,,,,,0,Units,,,2,Two,F_ME,Female aged 16-74 with a middle level of educational attainment
DATAFLOW,OECD.STI.DEP:DSD_ICT_HH_IND@DF_IND(1.1),ICT Access and Usage by Individuals,I,USA,United States,A,Annual,D1B_I,Individuals using the internet for accessing social networking sites - last 3 m,PT_POP,Percentage of population,_Z,Not applicable,Y16T74,From 16 to 74 years,F,Female,LO,Low level of educational attainment,_T,Total,_T,Total,2019,,53.3,,D,Definition differs,,,,,0,Units,,,2,Two,F_LO,Female aged 16-74 with no or a low level of educational attainment
DATAFLOW,OECD.STI.DEP:DSD_ICT_HH_IND@DF_IND(1.1),ICT Access and Usage by Individuals,I,USA,United States,A,Annual,D1B_I,Individuals using the internet for accessing social networking sites - last 3 m,PT_POP,Percentage of population,_Z,Not applicable,Y16T74,From 16 to 74 years,F,Female,_T,Total,_T,Total,_T,Total,2019,,66.08,,D,Definition differs,,,,,0,Units,,,2,Two,F_Y16_74,Female aged 16-74
DATAFLOW,OECD.STI.DEP:DSD_ICT_HH_IND@DF_IND(1.1),ICT Access and Usage by Individuals,I,USA,United States,A,Annual,D1B_I,Individuals using the internet for accessing social networking sites - last 3 m,PT_POP,Percentage of population,_Z,Not applicable,Y16T74,From 16 to 74 years,F,Female,HI,High level of educational attainment,_T,Total,_T,Total,2019,,71.87,,D,Definition differs,,,,,0,Units,,,2,Two,F_HI,Female aged 16-74 with a high level of educational attainment
DATAFLOW,OECD.STI.DEP:DSD_ICT_HH_IND@DF_IND(1.1),ICT Access and Usage by Individuals,I,USA,United States,A,Annual,D1B_I,Individuals using the internet for accessing social networking sites - last 3 m,PT_POP,Percentage of population,_Z,Not applicable,Y16T74,From 16 to 74 years,M,Male,ME,Middle level of educational attainment,_T,Total,_T,Total,2019,,57.44,,D,Definition differs,,,,,0,Units,,,2,Two,M_ME,Male aged 16-74 with a middle level of educational attainment
DATAFLOW,OECD.STI.DEP:DSD_ICT_HH_IND@DF_IND(1.1),ICT Access and Usage by Individuals,I,USA,United States,A,Annual,D1B_I,Individuals using the internet for accessing social networking sites - last 3 m,PT_POP,Percentage of population,_Z,Not applicable,Y16T74,From 16 to 74 years,M,Male,LO,Low level of educational attainment,_T,Total,_T,Total,2019,,49.16,,D,Definition differs,,,,,0,Units,,,2,Two,M_LO,Male aged 16-74 with no or a low level of educational attainment
DATAFLOW,OECD.STI.DEP:DSD_ICT_HH_IND@DF_IND(1.1),ICT Access and Usage by Individuals,I,USA,United States,A,Annual,D1B_I,Individuals using the internet for accessing social networking sites - last 3 m,PT_POP,Percentage of population,_Z,Not applicable,Y16T74,From 16 to 74 years,M,Male,_T,Total,_T,Total,_T,Total,2019,,59.38,,D,Definition differs,,,,,0,Units,,,2,Two,M_Y16_74,Male aged 16-74
DATAFLOW,OECD.STI.DEP:DSD_ICT_HH_IND@DF_IND(1.1),ICT Access and Usage by Individuals,I,USA,United States,A,Annual,D1B_I,Individuals using the internet for accessing social networking sites - last 3 m,PT_POP,Percentage of population,_Z,Not applicable,Y16T74,From 16 to 74 years,M,Male,HI,High level of educational attainment,_T,Total,_T,Total,2019,,64.96,,D,Definition differs,,,,,0,Units,,,2,Two,M_HI,Male aged 16-74 with a high high level of educational attainment
DATAFLOW,OECD.STI.DEP:DSD_ICT_HH_IND@DF_IND(1.1),ICT Access and Usage by Individuals,I,USA,United States,A,Annual,D1B_I,Individuals using the internet for accessing social networking sites - last 3 m,PT_POP,Percentage of population,_Z,Not applicable,Y16T74,From 16 to 74 years,_T,Total,_T,Total,_T,Total,_T,Total,2019,,62.79,,D,Definition differs,,,,,0,Units,,,2,Two,IND_TOTAL,All (individuals aged 16-74)
DATAFLOW,OECD.STI.DEP:DSD_ICT_HH_IND@DF_IND(1.1),ICT Access and Usage by Individuals,I,USA,United States,A,Annual,D1B_I,Individuals using the internet for accessing social networking sites - last 3 m,PT_POP,Percentage of population,_Z,Not applicable,Y16T74,From 16 to 74 years,_T,Total,HI,High level of educational attainment,_T,Total,_T,Total,2019,,68.67,,D,Definition differs,,,,,0,Units,,,2,Two,I_HI,Individuals aged 16-74 with a high level of educational attainment
DATAFLOW,OECD.STI.DEP:DSD_ICT_HH_IND@DF_IND(1.1),ICT Access and Usage by Individuals,I,USA,United States,A,Annual,D1B_I,Individuals using the internet for accessing social networking sites - last 3 m,PT_POP,Percentage of population,_Z,Not applicable,Y16T74,From 16 to 74 years,_T,Total,ME,Middle level of educational attainment,_T,Total,_T,Total,2019,,60.32,,D,Definition differs,,,,,0,Units,,,2,Two,I_ME,Individuals aged 16-74 with a middle level of educational attainment
DATAFLOW,OECD.STI.DEP:DSD_ICT_HH_IND@DF_IND(1.1),ICT Access and Usage by Individuals,I,USA,United States,A,Annual,D1B_I,Individuals using the internet for accessing social networking sites - last 3 m,PT_POP,Percentage of population,_Z,Not applicable,Y16T74,From 16 to 74 years,_T,Total,LO,Low level of educational attainment,_T,Total,_T,Total,2019,,51.13,,D,Definition differs,,,,,0,Units,,,2,Two,I_LO,Individuals aged 16-74 with no or a low level of educational attainment
DATAFLOW,OECD.STI.DEP:DSD_ICT_HH_IND@DF_IND(1.1),ICT Access and Usage by Individuals,I,USA,United States,A,Annual,D1B_I,Individuals using the internet for accessing social networking sites - last 3 m,PT_POP,Percentage of population,_Z,Not applicable,Y16T74,From 16 to 74 years,M,Male,HI,High level of educational attainment,_T,Total,_T,Total,2017,,65.553556,,D,Definition differs,,,,,0,Units,,,2,Two,M_HI,Male aged 16-74 with a high high level of educational attainment
DATAFLOW,OECD.STI.DEP:DSD_ICT_HH_IND@DF_IND(1.1),ICT Access and Usage by Individuals,I,USA,United States,A,Annual,D1B_I,Individuals using the internet for accessing social networking sites - last 3 m,PT_POP,Percentage of population,_Z,Not applicable,Y16T74,From 16 to 74 years,M,Male,_T,Total,_T,Total,_T,Total,2017,,58.411836,,D,Definition differs,,,,,0,Units,,,2,Two,M_Y16_74,Male aged 16-74
DATAFLOW,OECD.STI.DEP:DSD_ICT_HH_IND@DF_IND(1.1),ICT Access and Usage by Individuals,I,USA,United States,A,Annual,D1B_I,Individuals using the internet for accessing social networking sites - last 3 m,PT_POP,Percentage of population,_Z,Not applicable,Y16T74,From 16 to 74 years,M,Male,LO,Low level of educational attainment,_T,Total,_T,Total,2017,,47.69898,,D,Definition differs,,,,,0,Units,,,2,Two,M_LO,Male aged 16-74 with no or a low level of educational attainment
DATAFLOW,OECD.STI.DEP:DSD_ICT_HH_IND@DF_IND(1.1),ICT Access and Usage by Individuals,I,USA,United States,A,Annual,D1B_I,Individuals using the internet for accessing social networking sites - last 3 m,PT_POP,Percentage of population,_Z,Not applicable,Y16T74,From 16 to 74 years,M,Male,ME,Middle level of educational attainment,_T,Total,_T,Total,2017,,55.699805,,D,Definition differs,,,,,0,Units,,,2,Two,M_ME,Male aged 16-74 with a middle level of educational attainment
DATAFLOW,OECD.STI.DEP:DSD_ICT_HH_IND@DF_IND(1.1),ICT Access and Usage by Individuals,I,USA,United States,A,Annual,D1B_I,Individuals using the internet for accessing social networking sites - last 3 m,PT_POP,Percentage of population,_Z,Not applicable,Y16T74,From 16 to 74 years,_T,Total,LO,Low level of educational attainment,_T,Total,_T,Total,2017,,49.263094,,D,Definition differs,,,,,0,Units,,,2,Two,I_LO,Individuals aged 16-74 with no or a low level of educational attainment
DATAFLOW,OECD.STI.DEP:DSD_ICT_HH_IND@DF_IND(1.1),ICT Access and Usage by Individuals,I,USA,United States,A,Annual,D1B_I,Individuals using the internet for accessing social networking sites - last 3 m,PT_POP,Percentage of population,_Z,Not applicable,Y16T74,From 16 to 74 years,_T,Total,ME,Middle level of educational attainment,_T,Total,_T,Total,2017,,59.375628,,D,Definition differs,,,,,0,Units,,,2,Two,I_ME,Individuals aged 16-74 with a middle level of educational attainment
DATAFLOW,OECD.STI.DEP:DSD_ICT_HH_IND@DF_IND(1.1),ICT Access and Usage by Individuals,I,USA,United States,A,Annual,D1B_I,Individuals using the internet for accessing social networking sites - last 3 m,PT_POP,Percentage of population,_Z,Not applicable,Y16T74,From 16 to 74 years,_T,Total,HI,High level of educational attainment,_T,Total,_T,Total,2017,,69.291711,,D,Definition differs,,,,,0,Units,,,2,Two,I_HI,Individuals aged 16-74 with a high level of educational attainment
DATAFLOW,OECD.STI.DEP:DSD_ICT_HH_IND@DF_IND(1.1),ICT Access and Usage by Individuals,I,USA,United States,A,Annual,D1B_I,Individuals using the internet for accessing social networking sites - last 3 m,PT_POP,Percentage of population,_Z,Not applicable,Y16T74,From 16 to 74 years,_T,Total,_T,Total,_T,Total,_T,Total,2017,,62.12415,,D,Definition differs,,,,,0,Units,,,2,Two,IND_TOTAL,All (individuals aged 16-74)
DATAFLOW,OECD.STI.DEP:DSD_ICT_HH_IND@DF_IND(1.1),ICT Access and Usage by Individuals,I,USA,United States,A,Annual,D1B_I,Individuals using the internet for accessing social networking sites - last 3 m,PT_POP,Percentage of population,_Z,Not applicable,Y16T74,From 16 to 74 years,F,Female,HI,High level of educational attainment,_T,Total,_T,Total,2017,,72.579682,,D,Definition differs,,,,,0,Units,,,2,Two,F_HI,Female aged 16-74 with a high level of educational attainment
DATAFLOW,OECD.STI.DEP:DSD_ICT_HH_IND@DF_IND(1.1),ICT Access and Usage by Individuals,I,USA,United States,A,Annual,D1B_I,Individuals using the internet for accessing social networking sites - last 3 m,PT_POP,Percentage of population,_Z,Not applicable,Y16T74,From 16 to 74 years,F,Female,_T,Total,_T,Total,_T,Total,2017,,65.68352,,D,Definition differs,,,,,0,Units,,,2,Two,F_Y16_74,Female aged 16-74
DATAFLOW,OECD.STI.DEP:DSD_ICT_HH_IND@DF_IND(1.1),ICT Access and Usage by Individuals,I,USA,United States,A,Annual,D1B_I,Individuals using the internet for accessing social networking sites - last 3 m,PT_POP,Percentage of population,_Z,Not applicable,Y16T74,From 16 to 74 years,F,Female,LO,Low level of educational attainment,_T,Total,_T,Total,2017,,50.875305,,D,Definition differs,,,,,0,Units,,,2,Two,F_LO,Female aged 16-74 with no or a low level of educational attainment
DATAFLOW,OECD.STI.DEP:DSD_ICT_HH_IND@DF_IND(1.1),ICT Access and Usage by Individuals,I,USA,United States,A,Annual,D1B_I,Individuals using the internet for accessing social networking sites - last 3 m,PT_POP,Percentage of population,_Z,Not applicable,Y16T74,From 16 to 74 years,F,Female,ME,Middle level of educational attainment,_T,Total,_T,Total,2017,,63.11786,,D,Definition differs,,,,,0,Units,,,2,Two,F_ME,Female aged 16-74 with a middle level of educational attainment
DATAFLOW,OECD.STI.DEP:DSD_ICT_HH_IND@DF_IND(1.1),ICT Access and Usage by Individuals,I,KOR,Korea,A,Annual,D1B_I,Individuals using the internet for accessing social networking sites - last 3 m,PT_POP,Percentage of population,_Z,Not applicable,Y16T74,From 16 to 74 years,M,Male,ME,Middle level of educational attainment,_T,Total,_T,Total,2010,,55.38723388,,D,Definition differs,,,,,0,Units,,,2,Two,M_ME,Male aged 16-74 with a middle level of educational attainment
DATAFLOW,OECD.STI.DEP:DSD_ICT_HH_IND@DF_IND(1.1),ICT Access and Usage by Individuals,I,KOR,Korea,A,Annual,D1B_I,Individuals using the internet for accessing social networking sites - last 3 m,PT_POP,Percentage of population,_Z,Not applicable,Y16T74,From 16 to 74 years,M,Male,ME,Middle level of educational attainment,_T,Total,_T,Total,2011,,55.79772472,,D,Definition differs,,,,,0,Units,,,2,Two,M_ME,Male aged 16-74 with a middle level of educational attainment
DATAFLOW,OECD.STI.DEP:DSD_ICT_HH_IND@DF_IND(1.1),ICT Access and Usage by Individuals,I,KOR,Korea,A,Annual,D1B_I,Individuals using the internet for accessing social networking sites - last 3 m,PT_POP,Percentage of population,_Z,Not applicable,Y16T74,From 16 to 74 years,M,Male,ME,Middle level of educational attainment,_T,Total,_T,Total,2012,,56.95509576,,D,Definition differs,,,,,0,Units,,,2,Two,M_ME,Male aged 16-74 with a middle level of educational attainment
DATAFLOW,OECD.STI.DEP:DSD_ICT_HH_IND@DF_IND(1.1),ICT Access and Usage by Individuals,I,KOR,Korea,A,Annual,D1B_I,Individuals using the internet for accessing social networking sites - last 3 m,PT_POP,Percentage of population,_Z,Not applicable,Y16T74,From 16 to 74 years,M,Male,ME,Middle level of educational attainment,_T,Total,_T,Total,2013,,47.18904592,,D,Definition differs,,,,,0,Units,,,2,Two,M_ME,Male aged 16-74 with a middle level of educational attainment
DATAFLOW,OECD.STI.DEP:DSD_ICT_HH_IND@DF_IND(1.1),ICT Access and Usage by Individuals,I,KOR,Korea,A,Annual,D1B_I,Individuals using the internet for accessing social networking sites - last 3 m,PT_POP,Percentage of population,_Z,Not applicable,Y16T74,From 16 to 74 years,M,Male,ME,Middle level of educational attainment,_T,Total,_T,Total,2014,,53.30879647,,D,Definition differs,,,,,0,Units,,,2,Two,M_ME,Male aged 16-74 with a middle level of educational attainment
DATAFLOW,OECD.STI.DEP:DSD_ICT_HH_IND@DF_IND(1.1),ICT Access and Usage by Individuals,I,KOR,Korea,A,Annual,D1B_I,Individuals using the internet for accessing social networking sites - last 3 m,PT_POP,Percentage of population,_Z,Not applicable,Y16T74,From 16 to 74 years,M,Male,ME,Middle level of educational attainment,_T,Total,_T,Total,2015,,59.60010094,,D,Definition differs,,,,,0,Units,,,2,Two,M_ME,Male aged 16-74 with a middle level of educational attainment
DATAFLOW,OECD.STI.DEP:DSD_ICT_HH_IND@DF_IND(1.1),ICT Access and Usage by Individuals,I,KOR,Korea,A,Annual,D1B_I,Individuals using the internet for accessing social networking sites - last 3 m,PT_POP,Percentage of population,_Z,Not applicable,Y16T74,From 16 to 74 years,M,Male,ME,Middle level of educational attainment,_T,Total,_T,Total,2016,,62.50654875,,D,Definition differs,,,,,0,Units,,,2,Two,M_ME,Male aged 16-74 with a middle level of educational attainment
DATAFLOW,OECD.STI.DEP:DSD_ICT_HH_IND@DF_IND(1.1),ICT Access and Usage by Individuals,I,KOR,Korea,A,Annual,D1B_I,Individuals using the internet for accessing social networking sites - last 3 m,PT_POP,Percentage of population,_Z,Not applicable,Y16T74,From 16 to 74 years,M,Male,ME,Middle level of educational attainment,_T,Total,_T,Total,2017,,64.63627304,,D,Definition differs,,,,,0,Units,,,2,Two,M_ME,Male aged 16-74 with a middle level of educational attainment
DATAFLOW,OECD.STI.DEP:DSD_ICT_HH_IND@DF_IND(1.1),ICT Access and Usage by Individuals,I,KOR,Korea,A,Annual,D1B_I,Individuals using the internet for accessing social networking sites - last 3 m,PT_POP,Percentage of population,_Z,Not applicable,Y16T74,From 16 to 74 years,M,Male,ME,Middle level of educational attainment,_T,Total,_T,Total,2018,,61.58681681,,D,Definition differs,,,,,0,Units,,,2,Two,M_ME,Male aged 16-74 with a middle level of educational attainment
DATAFLOW,OECD.STI.DEP:DSD_ICT_HH_IND@DF_IND(1.1),ICT Access and Usage by Individuals,I,KOR,Korea,A,Annual,D1B_I,Individuals using the internet for accessing social networking sites - last 3 m,PT_POP,Percentage of population,_Z,Not applicable,Y16T74,From 16 to 74 years,M,Male,ME,Middle level of educational attainment,_T,Total,_T,Total,2019,,53.60075471,,D,Definition differs,,,,,0,Units,,,2,Two,M_ME,Male aged 16-74 with a middle level of educational attainment
DATAFLOW,OECD.STI.DEP:DSD_ICT_HH_IND@DF_IND(1.1),ICT Access and Usage by Individuals,I,KOR,Korea,A,Annual,D1B_I,Individuals using the internet for accessing social networking sites - last 3 m,PT_POP,Percentage of population,_Z,Not applicable,Y16T74,From 16 to 74 years,M,Male,ME,Middle level of educational attainment,_T,Total,_T,Total,2020,,59.77597288,,D,Definition differs,,,,,0,Units,,,2,Two,M_ME,Male aged 16-74 with a middle level of educational attainment
DATAFLOW,OECD.STI.DEP:DSD_ICT_HH_IND@DF_IND(1.1),ICT Access and Usage by Individuals,I,KOR,Korea,A,Annual,D1B_I,Individuals using the internet for accessing social networking sites - last 3 m,PT_POP,Percentage of population,_Z,Not applicable,Y16T74,From 16 to 74 years,M,Male,_T,Total,_T,Total,_T,Total,2010,,57.13702097,,D,Definition differs,,,,,0,Units,,,2,Two,M_Y16_74,Male aged 16-74
DATAFLOW,OECD.STI.DEP:DSD_ICT_HH_IND@DF_IND(1.1),ICT Access and Usage by Individuals,I,KOR,Korea,A,Annual,D1B_I,Individuals using the internet for accessing social networking sites - last 3 m,PT_POP,Percentage of population,_Z,Not applicable,Y16T74,From 16 to 74 years,M,Male,_T,Total,_T,Total,_T,Total,2011,,57.25076664,,D,Definition differs,,,,,0,Units,,,2,Two,M_Y16_74,Male aged 16-74
DATAFLOW,OECD.STI.DEP:DSD_ICT_HH_IND@DF_IND(1.1),ICT Access and Usage by Individuals,I,KOR,Korea,A,Annual,D1B_I,Individuals using the internet for accessing social networking sites - last 3 m,PT_POP,Percentage of population,_Z,Not applicable,Y16T74,From 16 to 74 years,M,Male,_T,Total,_T,Total,_T,Total,2012,,58.03491265,,D,Definition differs,,,,,0,Units,,,2,Two,M_Y16_74,Male aged 16-74
DATAFLOW,OECD.STI.DEP:DSD_ICT_HH_IND@DF_IND(1.1),ICT Access and Usage by Individuals,I,KOR,Korea,A,Annual,D1B_I,Individuals using the internet for accessing social networking sites - last 3 m,PT_POP,Percentage of population,_Z,Not applicable,Y16T74,From 16 to 74 years,M,Male,_T,Total,_T,Total,_T,Total,2013,,50.75724215,,D,Definition differs,,,,,0,Units,,,2,Two,M_Y16_74,Male aged 16-74
DATAFLOW,OECD.STI.DEP:DSD_ICT_HH_IND@DF_IND(1.1),ICT Access and Usage by Individuals,I,KOR,Korea,A,Annual,D1B_I,Individuals using the internet for accessing social networking sites - last 3 m,PT_POP,Percentage of population,_Z,Not applicable,Y16T74,From 16 to 74 years,M,Male,_T,Total,_T,Total,_T,Total,2014,,56.90485837,,D,Definition differs,,,,,0,Units,,,2,Two,M_Y16_74,Male aged 16-74
DATAFLOW,OECD.STI.DEP:DSD_ICT_HH_IND@DF_IND(1.1),ICT Access and Usage by Individuals,I,KOR,Korea,A,Annual,D1B_I,Individuals using the internet for accessing social networking sites - last 3 m,PT_POP,Percentage of population,_Z,Not applicable,Y16T74,From 16 to 74 years,M,Male,_T,Total,_T,Total,_T,Total,2015,,62.27326492,,D,Definition differs,,,,,0,Units,,,2,Two,M_Y16_74,Male aged 16-74
DATAFLOW,OECD.STI.DEP:DSD_ICT_HH_IND@DF_IND(1.1),ICT Access and Usage by Individuals,I,KOR,Korea,A,Annual,D1B_I,Individuals using the internet for accessing social networking sites - last 3 m,PT_POP,Percentage of population,_Z,Not applicable,Y16T74,From 16 to 74 years,M,Male,_T,Total,_T,Total,_T,Total,2016,,64.82857589,,D,Definition differs,,,,,0,Units,,,2,Two,M_Y16_74,Male aged 16-74
DATAFLOW,OECD.STI.DEP:DSD_ICT_HH_IND@DF_IND(1.1),ICT Access and Usage by Individuals,I,KOR,Korea,A,Annual,D1B_I,Individuals using the internet for accessing social networking sites - last 3 m,PT_POP,Percentage of population,_Z,Not applicable,Y16T74,From 16 to 74 years,M,Male,_T,Total,_T,Total,_T,Total,2017,,68.72483715,,D,Definition differs,,,,,0,Units,,,2,Two,M_Y16_74,Male aged 16-74
DATAFLOW,OECD.STI.DEP:DSD_ICT_HH_IND@DF_IND(1.1),ICT Access and Usage by Individuals,I,KOR,Korea,A,Annual,D1B_I,Individuals using the internet for accessing social networking sites - last 3 m,PT_POP,Percentage of population,_Z,Not applicable,Y16T74,From 16 to 74 years,M,Male,_T,Total,_T,Total,_T,Total,2018,,66.33964682,,D,Definition differs,,,,,0,Units,,,2,Two,M_Y16_74,Male aged 16-74
DATAFLOW,OECD.STI.DEP:DSD_ICT_HH_IND@DF_IND(1.1),ICT Access and Usage by Individuals,I,KOR,Korea,A,Annual,D1B_I,Individuals using the internet for accessing social networking sites - last 3 m,PT_POP,Percentage of population,_Z,Not applicable,Y16T74,From 16 to 74 years,M,Male,_T,Total,_T,Total,_T,Total,2019,,64.30981879,,D,Definition differs,,,,,0,Units,,,2,Two,M_Y16_74,Male aged 16-74
DATAFLOW,OECD.STI.DEP:DSD_ICT_HH_IND@DF_IND(1.1),ICT Access and Usage by Individuals,I,KOR,Korea,A,Annual,D1B_I,Individuals using the internet for accessing social networking sites - last 3 m,PT_POP,Percentage of population,_Z,Not applicable,Y16T74,From 16 to 74 years,M,Male,_T,Total,_T,Total,_T,Total,2020,,66.23189054,,D,Definition differs,,,,,0,Units,,,2,Two,M_Y16_74,Male aged 16-74
DATAFLOW,OECD.STI.DEP:DSD_ICT_HH_IND@DF_IND(1.1),ICT Access and Usage by Individuals,I,KOR,Korea,A,Annual,D1B_I,Individuals using the internet for accessing social networking sites - last 3 m,PT_POP,Percentage of population,_Z,Not applicable,Y16T74,From 16 to 74 years,M,Male,LO,Low level of educational attainment,_T,Total,_T,Total,2010,,29.65038603,,D,Definition differs,,,,,0,Units,,,2,Two,M_LO,Male aged 16-74 with no or a low level of educational attainment
DATAFLOW,OECD.STI.DEP:DSD_ICT_HH_IND@DF_IND(1.1),ICT Access and Usage by Individuals,I,KOR,Korea,A,Annual,D1B_I,Individuals using the internet for accessing social networking sites - last 3 m,PT_POP,Percentage of population,_Z,Not applicable,Y16T74,From 16 to 74 years,M,Male,LO,Low level of educational attainment,_T,Total,_T,Total,2011,,29.32339928,,D,Definition differs,,,,,0,Units,,,2,Two,M_LO,Male aged 16-74 with no or a low level of educational attainment
DATAFLOW,OECD.STI.DEP:DSD_ICT_HH_IND@DF_IND(1.1),ICT Access and Usage by Individuals,I,KOR,Korea,A,Annual,D1B_I,Individuals using the internet for accessing social networking sites - last 3 m,PT_POP,Percentage of population,_Z,Not applicable,Y16T74,From 16 to 74 years,M,Male,LO,Low level of educational attainment,_T,Total,_T,Total,2012,,29.75918344,,D,Definition differs,,,,,0,Units,,,2,Two,M_LO,Male aged 16-74 with no or a low level of educational attainment
DATAFLOW,OECD.STI.DEP:DSD_ICT_HH_IND@DF_IND(1.1),ICT Access and Usage by Individuals,I,KOR,Korea,A,Annual,D1B_I,Individuals using the internet for accessing social networking sites - last 3 m,PT_POP,Percentage of population,_Z,Not applicable,Y16T74,From 16 to 74 years,M,Male,LO,Low level of educational attainment,_T,Total,_T,Total,2013,,22.7203844,,D,Definition differs,,,,,0,Units,,,2,Two,M_LO,Male aged 16-74 with no or a low level of educational attainment
DATAFLOW,OECD.STI.DEP:DSD_ICT_HH_IND@DF_IND(1.1),ICT Access and Usage by Individuals,I,KOR,Korea,A,Annual,D1B_I,Individuals using the internet for accessing social networking sites - last 3 m,PT_POP,Percentage of population,_Z,Not applicable,Y16T74,From 16 to 74 years,M,Male,LO,Low level of educational attainment,_T,Total,_T,Total,2014,,25.80836679,,D,Definition differs,,,,,0,Units,,,2,Two,M_LO,Male aged 16-74 with no or a low level of educational attainment
DATAFLOW,OECD.STI.DEP:DSD_ICT_HH_IND@DF_IND(1.1),ICT Access and Usage by Individuals,I,KOR,Korea,A,Annual,D1B_I,Individuals using the internet for accessing social networking sites - last 3 m,PT_POP,Percentage of population,_Z,Not applicable,Y16T74,From 16 to 74 years,M,Male,LO,Low level of educational attainment,_T,Total,_T,Total,2015,,30.31861448,,D,Definition differs,,,,,0,Units,,,2,Two,M_LO,Male aged 16-74 with no or a low level of educational attainment
DATAFLOW,OECD.STI.DEP:DSD_ICT_HH_IND@DF_IND(1.1),ICT Access and Usage by Individuals,I,KOR,Korea,A,Annual,D1B_I,Individuals using the internet for accessing social networking sites - last 3 m,PT_POP,Percentage of population,_Z,Not applicable,Y16T74,From 16 to 74 years,M,Male,LO,Low level of educational attainment,_T,Total,_T,Total,2016,,35.26282146,,D,Definition differs,,,,,0,Units,,,2,Two,M_LO,Male aged 16-74 with no or a low level of educational attainment
DATAFLOW,OECD.STI.DEP:DSD_ICT_HH_IND@DF_IND(1.1),ICT Access and Usage by Individuals,I,KOR,Korea,A,Annual,D1B_I,Individuals using the internet for accessing social networking sites - last 3 m,PT_POP,Percentage of population,_Z,Not applicable,Y16T74,From 16 to 74 years,M,Male,LO,Low level of educational attainment,_T,Total,_T,Total,2017,,39.58071803,,D,Definition differs,,,,,0,Units,,,2,Two,M_LO,Male aged 16-74 with no or a low level of educational attainment
DATAFLOW,OECD.STI.DEP:DSD_ICT_HH_IND@DF_IND(1.1),ICT Access and Usage by Individuals,I,KOR,Korea,A,Annual,D1B_I,Individuals using the internet for accessing social networking sites - last 3 m,PT_POP,Percentage of population,_Z,Not applicable,Y16T74,From 16 to 74 years,M,Male,LO,Low level of educational attainment,_T,Total,_T,Total,2018,,42.14284415,,D,Definition differs,,,,,0,Units,,,2,Two,M_LO,Male aged 16-74 with no or a low level of educational attainment
DATAFLOW,OECD.STI.DEP:DSD_ICT_HH_IND@DF_IND(1.1),ICT Access and Usage by Individuals,I,KOR,Korea,A,Annual,D1B_I,Individuals using the internet for accessing social networking sites - last 3 m,PT_POP,Percentage of population,_Z,Not applicable,Y16T74,From 16 to 74 years,M,Male,LO,Low level of educational attainment,_T,Total,_T,Total,2019,,42.58167571,,D,Definition differs,,,,,0,Units,,,2,Two,M_LO,Male aged 16-74 with no or a low level of educational attainment
DATAFLOW,OECD.STI.DEP:DSD_ICT_HH_IND@DF_IND(1.1),ICT Access and Usage by Individuals,I,KOR,Korea,A,Annual,D1B_I,Individuals using the internet for accessing social networking sites - last 3 m,PT_POP,Percentage of population,_Z,Not applicable,Y16T74,From 16 to 74 years,M,Male,LO,Low level of educational attainment,_T,Total,_T,Total,2020,,40.03301319,,D,Definition differs,,,,,0,Units,,,2,Two,M_LO,Male aged 16-74 with no or a low level of educational attainment
DATAFLOW,OECD.STI.DEP:DSD_ICT_HH_IND@DF_IND(1.1),ICT Access and Usage by Individuals,I,KOR,Korea,A,Annual,D1B_I,Individuals using the internet for accessing social networking sites - last 3 m,PT_POP,Percentage of population,_Z,Not applicable,Y16T74,From 16 to 74 years,M,Male,HI,High level of educational attainment,_T,Total,_T,Total,2010,,74.05617449,,D,Definition differs,,,,,0,Units,,,2,Two,M_HI,Male aged 16-74 with a high high level of educational attainment
DATAFLOW,OECD.STI.DEP:DSD_ICT_HH_IND@DF_IND(1.1),ICT Access and Usage by Individuals,I,KOR,Korea,A,Annual,D1B_I,Individuals using the internet for accessing social networking sites - last 3 m,PT_POP,Percentage of population,_Z,Not applicable,Y16T74,From 16 to 74 years,M,Male,HI,High level of educational attainment,_T,Total,_T,Total,2011,,74.54066147,,D,Definition differs,,,,,0,Units,,,2,Two,M_HI,Male aged 16-74 with a high high level of educational attainment
DATAFLOW,OECD.STI.DEP:DSD_ICT_HH_IND@DF_IND(1.1),ICT Access and Usage by Individuals,I,KOR,Korea,A,Annual,D1B_I,Individuals using the internet for accessing social networking sites - last 3 m,PT_POP,Percentage of population,_Z,Not applicable,Y16T74,From 16 to 74 years,M,Male,HI,High level of educational attainment,_T,Total,_T,Total,2012,,75.28845025,,D,Definition differs,,,,,0,Units,,,2,Two,M_HI,Male aged 16-74 with a high high level of educational attainment
DATAFLOW,OECD.STI.DEP:DSD_ICT_HH_IND@DF_IND(1.1),ICT Access and Usage by Individuals,I,KOR,Korea,A,Annual,D1B_I,Individuals using the internet for accessing social networking sites - last 3 m,PT_POP,Percentage of population,_Z,Not applicable,Y16T74,From 16 to 74 years,M,Male,HI,High level of educational attainment,_T,Total,_T,Total,2013,,67.76542625,,D,Definition differs,,,,,0,Units,,,2,Two,M_HI,Male aged 16-74 with a high high level of educational attainment
DATAFLOW,OECD.STI.DEP:DSD_ICT_HH_IND@DF_IND(1.1),ICT Access and Usage by Individuals,I,KOR,Korea,A,Annual,D1B_I,Individuals using the internet for accessing social networking sites - last 3 m,PT_POP,Percentage of population,_Z,Not applicable,Y16T74,From 16 to 74 years,M,Male,HI,High level of educational attainment,_T,Total,_T,Total,2014,,72.84446504,,D,Definition differs,,,,,0,Units,,,2,Two,M_HI,Male aged 16-74 with a high high level of educational attainment
DATAFLOW,OECD.STI.DEP:DSD_ICT_HH_IND@DF_IND(1.1),ICT Access and Usage by Individuals,I,KOR,Korea,A,Annual,D1B_I,Individuals using the internet for accessing social networking sites - last 3 m,PT_POP,Percentage of population,_Z,Not applicable,Y16T74,From 16 to 74 years,M,Male,HI,High level of educational attainment,_T,Total,_T,Total,2015,,76.92091388,,D,Definition differs,,,,,0,Units,,,2,Two,M_HI,Male aged 16-74 with a high high level of educational attainment
DATAFLOW,OECD.STI.DEP:DSD_ICT_HH_IND@DF_IND(1.1),ICT Access and Usage by Individuals,I,KOR,Korea,A,Annual,D1B_I,Individuals using the internet for accessing social networking sites - last 3 m,PT_POP,Percentage of population,_Z,Not applicable,Y16T74,From 16 to 74 years,M,Male,HI,High level of educational attainment,_T,Total,_T,Total,2016,,77.53874274,,D,Definition differs,,,,,0,Units,,,2,Two,M_HI,Male aged 16-74 with a high high level of educational attainment
DATAFLOW,OECD.STI.DEP:DSD_ICT_HH_IND@DF_IND(1.1),ICT Access and Usage by Individuals,I,KOR,Korea,A,Annual,D1B_I,Individuals using the internet for accessing social networking sites - last 3 m,PT_POP,Percentage of population,_Z,Not applicable,Y16T74,From 16 to 74 years,M,Male,HI,High level of educational attainment,_T,Total,_T,Total,2017,,80.51837737,,D,Definition differs,,,,,0,Units,,,2,Two,M_HI,Male aged 16-74 with a high high level of educational attainment
DATAFLOW,OECD.STI.DEP:DSD_ICT_HH_IND@DF_IND(1.1),ICT Access and Usage by Individuals,I,KOR,Korea,A,Annual,D1B_I,Individuals using the internet for accessing social networking sites - last 3 m,PT_POP,Percentage of population,_Z,Not applicable,Y16T74,From 16 to 74 years,M,Male,HI,High level of educational attainment,_T,Total,_T,Total,2018,,76.86180385,,D,Definition differs,,,,,0,Units,,,2,Two,M_HI,Male aged 16-74 with a high high level of educational attainment
DATAFLOW,OECD.STI.DEP:DSD_ICT_HH_IND@DF_IND(1.1),ICT Access and Usage by Individuals,I,KOR,Korea,A,Annual,D1B_I,Individuals using the internet for accessing social networking sites - last 3 m,PT_POP,Percentage of population,_Z,Not applicable,Y16T74,From 16 to 74 years,M,Male,HI,High level of educational attainment,_T,Total,_T,Total,2019,,75.39463121,,D,Definition differs,,,,,0,Units,,,2,Two,M_HI,Male aged 16-74 with a high high level of educational attainment
DATAFLOW,OECD.STI.DEP:DSD_ICT_HH_IND@DF_IND(1.1),ICT Access and Usage by Individuals,I,KOR,Korea,A,Annual,D1B_I,Individuals using the internet for accessing social networking sites - last 3 m,PT_POP,Percentage of population,_Z,Not applicable,Y16T74,From 16 to 74 years,M,Male,HI,High level of educational attainment,_T,Total,_T,Total,2020,,76.54396398,,D,Definition differs,,,,,0,Units,,,2,Two,M_HI,Male aged 16-74 with a high high level of educational attainment
DATAFLOW,OECD.STI.DEP:DSD_ICT_HH_IND@DF_IND(1.1),ICT Access and Usage by Individuals,I,KOR,Korea,A,Annual,D1B_I,Individuals using the internet for accessing social networking sites - last 3 m,PT_POP,Percentage of population,_Z,Not applicable,Y16T74,From 16 to 74 years,F,Female,ME,Middle level of educational attainment,_T,Total,_T,Total,2010,,50.00534997,,D,Definition differs,,,,,0,Units,,,2,Two,F_ME,Female aged 16-74 with a middle level of educational attainment
DATAFLOW,OECD.STI.DEP:DSD_ICT_HH_IND@DF_IND(1.1),ICT Access and Usage by Individuals,I,KOR,Korea,A,Annual,D1B_I,Individuals using the internet for accessing social networking sites - last 3 m,PT_POP,Percentage of population,_Z,Not applicable,Y16T74,From 16 to 74 years,F,Female,ME,Middle level of educational attainment,_T,Total,_T,Total,2011,,50.03398388,,D,Definition differs,,,,,0,Units,,,2,Two,F_ME,Female aged 16-74 with a middle level of educational attainment
DATAFLOW,OECD.STI.DEP:DSD_ICT_HH_IND@DF_IND(1.1),ICT Access and Usage by Individuals,I,KOR,Korea,A,Annual,D1B_I,Individuals using the internet for accessing social networking sites - last 3 m,PT_POP,Percentage of population,_Z,Not applicable,Y16T74,From 16 to 74 years,F,Female,ME,Middle level of educational attainment,_T,Total,_T,Total,2012,,51.75009107,,D,Definition differs,,,,,0,Units,,,2,Two,F_ME,Female aged 16-74 with a middle level of educational attainment
DATAFLOW,OECD.STI.DEP:DSD_ICT_HH_IND@DF_IND(1.1),ICT Access and Usage by Individuals,I,KOR,Korea,A,Annual,D1B_I,Individuals using the internet for accessing social networking sites - last 3 m,PT_POP,Percentage of population,_Z,Not applicable,Y16T74,From 16 to 74 years,F,Female,ME,Middle level of educational attainment,_T,Total,_T,Total,2013,,49.64372206,,D,Definition differs,,,,,0,Units,,,2,Two,F_ME,Female aged 16-74 with a middle level of educational attainment
DATAFLOW,OECD.STI.DEP:DSD_ICT_HH_IND@DF_IND(1.1),ICT Access and Usage by Individuals,I,KOR,Korea,A,Annual,D1B_I,Individuals using the internet for accessing social networking sites - last 3 m,PT_POP,Percentage of population,_Z,Not applicable,Y16T74,From 16 to 74 years,F,Female,ME,Middle level of educational attainment,_T,Total,_T,Total,2014,,54.49049173,,D,Definition differs,,,,,0,Units,,,2,Two,F_ME,Female aged 16-74 with a middle level of educational attainment
DATAFLOW,OECD.STI.DEP:DSD_ICT_HH_IND@DF_IND(1.1),ICT Access and Usage by Individuals,I,KOR,Korea,A,Annual,D1B_I,Individuals using the internet for accessing social networking sites - last 3 m,PT_POP,Percentage of population,_Z,Not applicable,Y16T74,From 16 to 74 years,F,Female,ME,Middle level of educational attainment,_T,Total,_T,Total,2015,,60.90862074,,D,Definition differs,,,,,0,Units,,,2,Two,F_ME,Female aged 16-74 with a middle level of educational attainment
DATAFLOW,OECD.STI.DEP:DSD_ICT_HH_IND@DF_IND(1.1),ICT Access and Usage by Individuals,I,KOR,Korea,A,Annual,D1B_I,Individuals using the internet for accessing social networking sites - last 3 m,PT_POP,Percentage of population,_Z,Not applicable,Y16T74,From 16 to 74 years,F,Female,ME,Middle level of educational attainment,_T,Total,_T,Total,2016,,64.18039619,,D,Definition differs,,,,,0,Units,,,2,Two,F_ME,Female aged 16-74 with a middle level of educational attainment
DATAFLOW,OECD.STI.DEP:DSD_ICT_HH_IND@DF_IND(1.1),ICT Access and Usage by Individuals,I,KOR,Korea,A,Annual,D1B_I,Individuals using the internet for accessing social networking sites - last 3 m,PT_POP,Percentage of population,_Z,Not applicable,Y16T74,From 16 to 74 years,F,Female,ME,Middle level of educational attainment,_T,Total,_T,Total,2017,,68.58692597,,D,Definition differs,,,,,0,Units,,,2,Two,F_ME,Female aged 16-74 with a middle level of educational attainment
DATAFLOW,OECD.STI.DEP:DSD_ICT_HH_IND@DF_IND(1.1),ICT Access and Usage by Individuals,I,KOR,Korea,A,Annual,D1B_I,Individuals using the internet for accessing social networking sites - last 3 m,PT_POP,Percentage of population,_Z,Not applicable,Y16T74,From 16 to 74 years,F,Female,ME,Middle level of educational attainment,_T,Total,_T,Total,2018,,63.20677725,,D,Definition differs,,,,,0,Units,,,2,Two,F_ME,Female aged 16-74 with a middle level of educational attainment
DATAFLOW,OECD.STI.DEP:DSD_ICT_HH_IND@DF_IND(1.1),ICT Access and Usage by Individuals,I,KOR,Korea,A,Annual,D1B_I,Individuals using the internet for accessing social networking sites - last 3 m,PT_POP,Percentage of population,_Z,Not applicable,Y16T74,From 16 to 74 years,F,Female,ME,Middle level of educational attainment,_T,Total,_T,Total,2019,,58.93266903,,D,Definition differs,,,,,0,Units,,,2,Two,F_ME,Female aged 16-74 with a middle level of educational attainment
DATAFLOW,OECD.STI.DEP:DSD_ICT_HH_IND@DF_IND(1.1),ICT Access and Usage by Individuals,I,KOR,Korea,A,Annual,D1B_I,Individuals using the internet for accessing social networking sites - last 3 m,PT_POP,Percentage of population,_Z,Not applicable,Y16T74,From 16 to 74 years,F,Female,ME,Middle level of educational attainment,_T,Total,_T,Total,2020,,63.06100018,,D,Definition differs,,,,,0,Units,,,2,Two,F_ME,Female aged 16-74 with a middle level of educational attainment
DATAFLOW,OECD.STI.DEP:DSD_ICT_HH_IND@DF_IND(1.1),ICT Access and Usage by Individuals,I,KOR,Korea,A,Annual,D1B_I,Individuals using the internet for accessing social networking sites - last 3 m,PT_POP,Percentage of population,_Z,Not applicable,Y16T74,From 16 to 74 years,F,Female,HI,High level of educational attainment,_T,Total,_T,Total,2010,,77.16099595,,D,Definition differs,,,,,0,Units,,,2,Two,F_HI,Female aged 16-74 with a high level of educational attainment
DATAFLOW,OECD.STI.DEP:DSD_ICT_HH_IND@DF_IND(1.1),ICT Access and Usage by Individuals,I,KOR,Korea,A,Annual,D1B_I,Individuals using the internet for accessing social networking sites - last 3 m,PT_POP,Percentage of population,_Z,Not applicable,Y16T74,From 16 to 74 years,F,Female,HI,High level of educational attainment,_T,Total,_T,Total,2011,,77.4904704,,D,Definition differs,,,,,0,Units,,,2,Two,F_HI,Female aged 16-74 with a high level of educational attainment
DATAFLOW,OECD.STI.DEP:DSD_ICT_HH_IND@DF_IND(1.1),ICT Access and Usage by Individuals,I,KOR,Korea,A,Annual,D1B_I,Individuals using the internet for accessing social networking sites - last 3 m,PT_POP,Percentage of population,_Z,Not applicable,Y16T74,From 16 to 74 years,F,Female,HI,High level of educational attainment,_T,Total,_T,Total,2012,,78.44303172,,D,Definition differs,,,,,0,Units,,,2,Two,F_HI,Female aged 16-74 with a high level of educational attainment
DATAFLOW,OECD.STI.DEP:DSD_ICT_HH_IND@DF_IND(1.1),ICT Access and Usage by Individuals,I,KOR,Korea,A,Annual,D1B_I,Individuals using the internet for accessing social networking sites - last 3 m,PT_POP,Percentage of population,_Z,Not applicable,Y16T74,From 16 to 74 years,F,Female,HI,High level of educational attainment,_T,Total,_T,Total,2013,,75.60197785,,D,Definition differs,,,,,0,Units,,,2,Two,F_HI,Female aged 16-74 with a high level of educational attainment
DATAFLOW,OECD.STI.DEP:DSD_ICT_HH_IND@DF_IND(1.1),ICT Access and Usage by Individuals,I,KOR,Korea,A,Annual,D1B_I,Individuals using the internet for accessing social networking sites - last 3 m,PT_POP,Percentage of population,_Z,Not applicable,Y16T74,From 16 to 74 years,F,Female,HI,High level of educational attainment,_T,Total,_T,Total,2014,,78.18914412,,D,Definition differs,,,,,0,Units,,,2,Two,F_HI,Female aged 16-74 with a high level of educational attainment
DATAFLOW,OECD.STI.DEP:DSD_ICT_HH_IND@DF_IND(1.1),ICT Access and Usage by Individuals,I,KOR,Korea,A,Annual,D1B_I,Individuals using the internet for accessing social networking sites - last 3 m,PT_POP,Percentage of population,_Z,Not applicable,Y16T74,From 16 to 74 years,F,Female,HI,High level of educational attainment,_T,Total,_T,Total,2015,,82.88274974,,D,Definition differs,,,,,0,Units,,,2,Two,F_HI,Female aged 16-74 with a high level of educational attainment
DATAFLOW,OECD.STI.DEP:DSD_ICT_HH_IND@DF_IND(1.1),ICT Access and Usage by Individuals,I,KOR,Korea,A,Annual,D1B_I,Individuals using the internet for accessing social networking sites - last 3 m,PT_POP,Percentage of population,_Z,Not applicable,Y16T74,From 16 to 74 years,F,Female,HI,High level of educational attainment,_T,Total,_T,Total,2016,,83.59960473,,D,Definition differs,,,,,0,Units,,,2,Two,F_HI,Female aged 16-74 with a high level of educational attainment
DATAFLOW,OECD.STI.DEP:DSD_ICT_HH_IND@DF_IND(1.1),ICT Access and Usage by Individuals,I,KOR,Korea,A,Annual,D1B_I,Individuals using the internet for accessing social networking sites - last 3 m,PT_POP,Percentage of population,_Z,Not applicable,Y16T74,From 16 to 74 years,F,Female,HI,High level of educational attainment,_T,Total,_T,Total,2017,,84.06209885,,D,Definition differs,,,,,0,Units,,,2,Two,F_HI,Female aged 16-74 with a high level of educational attainment
DATAFLOW,OECD.STI.DEP:DSD_ICT_HH_IND@DF_IND(1.1),ICT Access and Usage by Individuals,I,KOR,Korea,A,Annual,D1B_I,Individuals using the internet for accessing social networking sites - last 3 m,PT_POP,Percentage of population,_Z,Not applicable,Y16T74,From 16 to 74 years,F,Female,HI,High level of educational attainment,_T,Total,_T,Total,2018,,83.47496906,,D,Definition differs,,,,,0,Units,,,2,Two,F_HI,Female aged 16-74 with a high level of educational attainment
DATAFLOW,OECD.STI.DEP:DSD_ICT_HH_IND@DF_IND(1.1),ICT Access and Usage by Individuals,I,KOR,Korea,A,Annual,D1B_I,Individuals using the internet for accessing social networking sites - last 3 m,PT_POP,Percentage of population,_Z,Not applicable,Y16T74,From 16 to 74 years,F,Female,HI,High level of educational attainment,_T,Total,_T,Total,2019,,82.10254916,,D,Definition differs,,,,,0,Units,,,2,Two,F_HI,Female aged 16-74 with a high level of educational attainment
DATAFLOW,OECD.STI.DEP:DSD_ICT_HH_IND@DF_IND(1.1),ICT Access and Usage by Individuals,I,KOR,Korea,A,Annual,D1B_I,Individuals using the internet for accessing social networking sites - last 3 m,PT_POP,Percentage of population,_Z,Not applicable,Y16T74,From 16 to 74 years,F,Female,HI,High level of educational attainment,_T,Total,_T,Total,2020,,83.02015093,,D,Definition differs,,,,,0,Units,,,2,Two,F_HI,Female aged 16-74 with a high level of educational attainment
DATAFLOW,OECD.STI.DEP:DSD_ICT_HH_IND@DF_IND(1.1),ICT Access and Usage by Individuals,I,KOR,Korea,A,Annual,D1B_I,Individuals using the internet for accessing social networking sites - last 3 m,PT_POP,Percentage of population,_Z,Not applicable,Y16T74,From 16 to 74 years,F,Female,LO,Low level of educational attainment,_T,Total,_T,Total,2010,,18.12942027,,D,Definition differs,,,,,0,Units,,,2,Two,F_LO,Female aged 16-74 with no or a low level of educational attainment
DATAFLOW,OECD.STI.DEP:DSD_ICT_HH_IND@DF_IND(1.1),ICT Access and Usage by Individuals,I,KOR,Korea,A,Annual,D1B_I,Individuals using the internet for accessing social networking sites - last 3 m,PT_POP,Percentage of population,_Z,Not applicable,Y16T74,From 16 to 74 years,F,Female,LO,Low level of educational attainment,_T,Total,_T,Total,2011,,18.55538093,,D,Definition differs,,,,,0,Units,,,2,Two,F_LO,Female aged 16-74 with no or a low level of educational attainment
DATAFLOW,OECD.STI.DEP:DSD_ICT_HH_IND@DF_IND(1.1),ICT Access and Usage by Individuals,I,KOR,Korea,A,Annual,D1B_I,Individuals using the internet for accessing social networking sites - last 3 m,PT_POP,Percentage of population,_Z,Not applicable,Y16T74,From 16 to 74 years,F,Female,LO,Low level of educational attainment,_T,Total,_T,Total,2012,,19.19068406,,D,Definition differs,,,,,0,Units,,,2,Two,F_LO,Female aged 16-74 with no or a low level of educational attainment
DATAFLOW,OECD.STI.DEP:DSD_ICT_HH_IND@DF_IND(1.1),ICT Access and Usage by Individuals,I,KOR,Korea,A,Annual,D1B_I,Individuals using the internet for accessing social networking sites - last 3 m,PT_POP,Percentage of population,_Z,Not applicable,Y16T74,From 16 to 74 years,F,Female,LO,Low level of educational attainment,_T,Total,_T,Total,2013,,15.11794206,,D,Definition differs,,,,,0,Units,,,2,Two,F_LO,Female aged 16-74 with no or a low level of educational attainment
DATAFLOW,OECD.STI.DEP:DSD_ICT_HH_IND@DF_IND(1.1),ICT Access and Usage by Individuals,I,KOR,Korea,A,Annual,D1B_I,Individuals using the internet for accessing social networking sites - last 3 m,PT_POP,Percentage of population,_Z,Not applicable,Y16T74,From 16 to 74 years,F,Female,LO,Low level of educational attainment,_T,Total,_T,Total,2014,,18.44898773,,D,Definition differs,,,,,0,Units,,,2,Two,F_LO,Female aged 16-74 with no or a low level of educational attainment
DATAFLOW,OECD.STI.DEP:DSD_ICT_HH_IND@DF_IND(1.1),ICT Access and Usage by Individuals,I,KOR,Korea,A,Annual,D1B_I,Individuals using the internet for accessing social networking sites - last 3 m,PT_POP,Percentage of population,_Z,Not applicable,Y16T74,From 16 to 74 years,F,Female,LO,Low level of educational attainment,_T,Total,_T,Total,2015,,22.00314199,,D,Definition differs,,,,,0,Units,,,2,Two,F_LO,Female aged 16-74 with no or a low level of educational attainment
DATAFLOW,OECD.STI.DEP:DSD_ICT_HH_IND@DF_IND(1.1),ICT Access and Usage by Individuals,I,KOR,Korea,A,Annual,D1B_I,Individuals using the internet for accessing social networking sites - last 3 m,PT_POP,Percentage of population,_Z,Not applicable,Y16T74,From 16 to 74 years,F,Female,LO,Low level of educational attainment,_T,Total,_T,Total,2016,,27.21409108,,D,Definition differs,,,,,0,Units,,,2,Two,F_LO,Female aged 16-74 with no or a low level of educational attainment
DATAFLOW,OECD.STI.DEP:DSD_ICT_HH_IND@DF_IND(1.1),ICT Access and Usage by Individuals,I,KOR,Korea,A,Annual,D1B_I,Individuals using the internet for accessing social networking sites - last 3 m,PT_POP,Percentage of population,_Z,Not applicable,Y16T74,From 16 to 74 years,F,Female,LO,Low level of educational attainment,_T,Total,_T,Total,2017,,33.3573685,,D,Definition differs,,,,,0,Units,,,2,Two,F_LO,Female aged 16-74 with no or a low level of educational attainment
DATAFLOW,OECD.STI.DEP:DSD_ICT_HH_IND@DF_IND(1.1),ICT Access and Usage by Individuals,I,KOR,Korea,A,Annual,D1B_I,Individuals using the internet for accessing social networking sites - last 3 m,PT_POP,Percentage of population,_Z,Not applicable,Y16T74,From 16 to 74 years,F,Female,LO,Low level of educational attainment,_T,Total,_T,Total,2018,,34.3406261,,D,Definition differs,,,,,0,Units,,,2,Two,F_LO,Female aged 16-74 with no or a low level of educational attainment
DATAFLOW,OECD.STI.DEP:DSD_ICT_HH_IND@DF_IND(1.1),ICT Access and Usage by Individuals,I,KOR,Korea,A,Annual,D1B_I,Individuals using the internet for accessing social networking sites - last 3 m,PT_POP,Percentage of population,_Z,Not applicable,Y16T74,From 16 to 74 years,F,Female,LO,Low level of educational attainment,_T,Total,_T,Total,2019,,34.94875595,,D,Definition differs,,,,,0,Units,,,2,Two,F_LO,Female aged 16-74 with no or a low level of educational attainment
DATAFLOW,OECD.STI.DEP:DSD_ICT_HH_IND@DF_IND(1.1),ICT Access and Usage by Individuals,I,KOR,Korea,A,Annual,D1B_I,Individuals using the internet for accessing social networking sites - last 3 m,PT_POP,Percentage of population,_Z,Not applicable,Y16T74,From 16 to 74 years,F,Female,LO,Low level of educational attainment,_T,Total,_T,Total,2020,,33.80841297,,D,Definition differs,,,,,0,Units,,,2,Two,F_LO,Female aged 16-74 with no or a low level of educational attainment
DATAFLOW,OECD.STI.DEP:DSD_ICT_HH_IND@DF_IND(1.1),ICT Access and Usage by Individuals,I,KOR,Korea,A,Annual,D1B_I,Individuals using the internet for accessing social networking sites - last 3 m,PT_POP,Percentage of population,_Z,Not applicable,Y16T74,From 16 to 74 years,F,Female,_T,Total,_T,Total,_T,Total,2010,,47.37287392,,D,Definition differs,,,,,0,Units,,,2,Two,F_Y16_74,Female aged 16-74
DATAFLOW,OECD.STI.DEP:DSD_ICT_HH_IND@DF_IND(1.1),ICT Access and Usage by Individuals,I,KOR,Korea,A,Annual,D1B_I,Individuals using the internet for accessing social networking sites - last 3 m,PT_POP,Percentage of population,_Z,Not applicable,Y16T74,From 16 to 74 years,F,Female,_T,Total,_T,Total,_T,Total,2011,,47.30174084,,D,Definition differs,,,,,0,Units,,,2,Two,F_Y16_74,Female aged 16-74
DATAFLOW,OECD.STI.DEP:DSD_ICT_HH_IND@DF_IND(1.1),ICT Access and Usage by Individuals,I,KOR,Korea,A,Annual,D1B_I,Individuals using the internet for accessing social networking sites - last 3 m,PT_POP,Percentage of population,_Z,Not applicable,Y16T74,From 16 to 74 years,F,Female,_T,Total,_T,Total,_T,Total,2012,,48.48891927,,D,Definition differs,,,,,0,Units,,,2,Two,F_Y16_74,Female aged 16-74
DATAFLOW,OECD.STI.DEP:DSD_ICT_HH_IND@DF_IND(1.1),ICT Access and Usage by Individuals,I,KOR,Korea,A,Annual,D1B_I,Individuals using the internet for accessing social networking sites - last 3 m,PT_POP,Percentage of population,_Z,Not applicable,Y16T74,From 16 to 74 years,F,Female,_T,Total,_T,Total,_T,Total,2013,,47.77518945,,D,Definition differs,,,,,0,Units,,,2,Two,F_Y16_74,Female aged 16-74
DATAFLOW,OECD.STI.DEP:DSD_ICT_HH_IND@DF_IND(1.1),ICT Access and Usage by Individuals,I,KOR,Korea,A,Annual,D1B_I,Individuals using the internet for accessing social networking sites - last 3 m,PT_POP,Percentage of population,_Z,Not applicable,Y16T74,From 16 to 74 years,F,Female,_T,Total,_T,Total,_T,Total,2014,,52.76535584,,D,Definition differs,,,,,0,Units,,,2,Two,F_Y16_74,Female aged 16-74
DATAFLOW,OECD.STI.DEP:DSD_ICT_HH_IND@DF_IND(1.1),ICT Access and Usage by Individuals,I,KOR,Korea,A,Annual,D1B_I,Individuals using the internet for accessing social networking sites - last 3 m,PT_POP,Percentage of population,_Z,Not applicable,Y16T74,From 16 to 74 years,F,Female,_T,Total,_T,Total,_T,Total,2015,,58.80190244,,D,Definition differs,,,,,0,Units,,,2,Two,F_Y16_74,Female aged 16-74
DATAFLOW,OECD.STI.DEP:DSD_ICT_HH_IND@DF_IND(1.1),ICT Access and Usage by Individuals,I,KOR,Korea,A,Annual,D1B_I,Individuals using the internet for accessing social networking sites - last 3 m,PT_POP,Percentage of population,_Z,Not applicable,Y16T74,From 16 to 74 years,F,Female,_T,Total,_T,Total,_T,Total,2016,,62.16180183,,D,Definition differs,,,,,0,Units,,,2,Two,F_Y16_74,Female aged 16-74
DATAFLOW,OECD.STI.DEP:DSD_ICT_HH_IND@DF_IND(1.1),ICT Access and Usage by Individuals,I,KOR,Korea,A,Annual,D1B_I,Individuals using the internet for accessing social networking sites - last 3 m,PT_POP,Percentage of population,_Z,Not applicable,Y16T74,From 16 to 74 years,F,Female,_T,Total,_T,Total,_T,Total,2017,,67.28547854,,D,Definition differs,,,,,0,Units,,,2,Two,F_Y16_74,Female aged 16-74
DATAFLOW,OECD.STI.DEP:DSD_ICT_HH_IND@DF_IND(1.1),ICT Access and Usage by Individuals,I,KOR,Korea,A,Annual,D1B_I,Individuals using the internet for accessing social networking sites - last 3 m,PT_POP,Percentage of population,_Z,Not applicable,Y16T74,From 16 to 74 years,F,Female,_T,Total,_T,Total,_T,Total,2018,,65.45404744,,D,Definition differs,,,,,0,Units,,,2,Two,F_Y16_74,Female aged 16-74
DATAFLOW,OECD.STI.DEP:DSD_ICT_HH_IND@DF_IND(1.1),ICT Access and Usage by Individuals,I,KOR,Korea,A,Annual,D1B_I,Individuals using the internet for accessing social networking sites - last 3 m,PT_POP,Percentage of population,_Z,Not applicable,Y16T74,From 16 to 74 years,F,Female,_T,Total,_T,Total,_T,Total,2019,,64.83374516,,D,Definition differs,,,,,0,Units,,,2,Two,F_Y16_74,Female aged 16-74
DATAFLOW,OECD.STI.DEP:DSD_ICT_HH_IND@DF_IND(1.1),ICT Access and Usage by Individuals,I,KOR,Korea,A,Annual,D1B_I,Individuals using the internet for accessing social networking sites - last 3 m,PT_POP,Percentage of population,_Z,Not applicable,Y16T74,From 16 to 74 years,F,Female,_T,Total,_T,Total,_T,Total,2020,,66.44364232,,D,Definition differs,,,,,0,Units,,,2,Two,F_Y16_74,Female aged 16-74
DATAFLOW,OECD.STI.DEP:DSD_ICT_HH_IND@DF_IND(1.1),ICT Access and Usage by Individuals,I,KOR,Korea,A,Annual,D1B_I,Individuals using the internet for accessing social networking sites - last 3 m,PT_POP,Percentage of population,_Z,Not applicable,Y16T74,From 16 to 74 years,_T,Total,LO,Low level of educational attainment,_T,Total,_T,Total,2010,,22.74295541,,D,Definition differs,,,,,0,Units,,,2,Two,I_LO,Individuals aged 16-74 with no or a low level of educational attainment
DATAFLOW,OECD.STI.DEP:DSD_ICT_HH_IND@DF_IND(1.1),ICT Access and Usage by Individuals,I,KOR,Korea,A,Annual,D1B_I,Individuals using the internet for accessing social networking sites - last 3 m,PT_POP,Percentage of population,_Z,Not applicable,Y16T74,From 16 to 74 years,_T,Total,LO,Low level of educational attainment,_T,Total,_T,Total,2011,,22.87872352,,D,Definition differs,,,,,0,Units,,,2,Two,I_LO,Individuals aged 16-74 with no or a low level of educational attainment
DATAFLOW,OECD.STI.DEP:DSD_ICT_HH_IND@DF_IND(1.1),ICT Access and Usage by Individuals,I,KOR,Korea,A,Annual,D1B_I,Individuals using the internet for accessing social networking sites - last 3 m,PT_POP,Percentage of population,_Z,Not applicable,Y16T74,From 16 to 74 years,_T,Total,LO,Low level of educational attainment,_T,Total,_T,Total,2012,,23.43430719,,D,Definition differs,,,,,0,Units,,,2,Two,I_LO,Individuals aged 16-74 with no or a low level of educational attainment
DATAFLOW,OECD.STI.DEP:DSD_ICT_HH_IND@DF_IND(1.1),ICT Access and Usage by Individuals,I,KOR,Korea,A,Annual,D1B_I,Individuals using the internet for accessing social networking sites - last 3 m,PT_POP,Percentage of population,_Z,Not applicable,Y16T74,From 16 to 74 years,_T,Total,LO,Low level of educational attainment,_T,Total,_T,Total,2013,,18.14989924,,D,Definition differs,,,,,0,Units,,,2,Two,I_LO,Individuals aged 16-74 with no or a low level of educational attainment
DATAFLOW,OECD.STI.DEP:DSD_ICT_HH_IND@DF_IND(1.1),ICT Access and Usage by Individuals,I,KOR,Korea,A,Annual,D1B_I,Individuals using the internet for accessing social networking sites - last 3 m,PT_POP,Percentage of population,_Z,Not applicable,Y16T74,From 16 to 74 years,_T,Total,LO,Low level of educational attainment,_T,Total,_T,Total,2014,,21.33721766,,D,Definition differs,,,,,0,Units,,,2,Two,I_LO,Individuals aged 16-74 with no or a low level of educational attainment
DATAFLOW,OECD.STI.DEP:DSD_ICT_HH_IND@DF_IND(1.1),ICT Access and Usage by Individuals,I,KOR,Korea,A,Annual,D1B_I,Individuals using the internet for accessing social networking sites - last 3 m,PT_POP,Percentage of population,_Z,Not applicable,Y16T74,From 16 to 74 years,_T,Total,LO,Low level of educational attainment,_T,Total,_T,Total,2015,,25.30626906,,D,Definition differs,,,,,0,Units,,,2,Two,I_LO,Individuals aged 16-74 with no or a low level of educational attainment
DATAFLOW,OECD.STI.DEP:DSD_ICT_HH_IND@DF_IND(1.1),ICT Access and Usage by Individuals,I,KOR,Korea,A,Annual,D1B_I,Individuals using the internet for accessing social networking sites - last 3 m,PT_POP,Percentage of population,_Z,Not applicable,Y16T74,From 16 to 74 years,_T,Total,LO,Low level of educational attainment,_T,Total,_T,Total,2016,,30.43855867,,D,Definition differs,,,,,0,Units,,,2,Two,I_LO,Individuals aged 16-74 with no or a low level of educational attainment
DATAFLOW,OECD.STI.DEP:DSD_ICT_HH_IND@DF_IND(1.1),ICT Access and Usage by Individuals,I,KOR,Korea,A,Annual,D1B_I,Individuals using the internet for accessing social networking sites - last 3 m,PT_POP,Percentage of population,_Z,Not applicable,Y16T74,From 16 to 74 years,_T,Total,LO,Low level of educational attainment,_T,Total,_T,Total,2017,,35.87492588,,D,Definition differs,,,,,0,Units,,,2,Two,I_LO,Individuals aged 16-74 with no or a low level of educational attainment
DATAFLOW,OECD.STI.DEP:DSD_ICT_HH_IND@DF_IND(1.1),ICT Access and Usage by Individuals,I,KOR,Korea,A,Annual,D1B_I,Individuals using the internet for accessing social networking sites - last 3 m,PT_POP,Percentage of population,_Z,Not applicable,Y16T74,From 16 to 74 years,_T,Total,LO,Low level of educational attainment,_T,Total,_T,Total,2018,,37.52904148,,D,Definition differs,,,,,0,Units,,,2,Two,I_LO,Individuals aged 16-74 with no or a low level of educational attainment
DATAFLOW,OECD.STI.DEP:DSD_ICT_HH_IND@DF_IND(1.1),ICT Access and Usage by Individuals,I,KOR,Korea,A,Annual,D1B_I,Individuals using the internet for accessing social networking sites - last 3 m,PT_POP,Percentage of population,_Z,Not applicable,Y16T74,From 16 to 74 years,_T,Total,LO,Low level of educational attainment,_T,Total,_T,Total,2019,,38.15842572,,D,Definition differs,,,,,0,Units,,,2,Two,I_LO,Individuals aged 16-74 with no or a low level of educational attainment
DATAFLOW,OECD.STI.DEP:DSD_ICT_HH_IND@DF_IND(1.1),ICT Access and Usage by Individuals,I,KOR,Korea,A,Annual,D1B_I,Individuals using the internet for accessing social networking sites - last 3 m,PT_POP,Percentage of population,_Z,Not applicable,Y16T74,From 16 to 74 years,_T,Total,LO,Low level of educational attainment,_T,Total,_T,Total,2020,,36.3060712,,D,Definition differs,,,,,0,Units,,,2,Two,I_LO,Individuals aged 16-74 with no or a low level of educational attainment
DATAFLOW,OECD.STI.DEP:DSD_ICT_HH_IND@DF_IND(1.1),ICT Access and Usage by Individuals,I,KOR,Korea,A,Annual,D1B_I,Individuals using the internet for accessing social networking sites - last 3 m,PT_POP,Percentage of population,_Z,Not applicable,Y16T74,From 16 to 74 years,_T,Total,ME,Middle level of educational attainment,_T,Total,_T,Total,2010,,52.66553711,,D,Definition differs,,,,,0,Units,,,2,Two,I_ME,Individuals aged 16-74 with a middle level of educational attainment
DATAFLOW,OECD.STI.DEP:DSD_ICT_HH_IND@DF_IND(1.1),ICT Access and Usage by Individuals,I,KOR,Korea,A,Annual,D1B_I,Individuals using the internet for accessing social networking sites - last 3 m,PT_POP,Percentage of population,_Z,Not applicable,Y16T74,From 16 to 74 years,_T,Total,ME,Middle level of educational attainment,_T,Total,_T,Total,2011,,52.89489441,,D,Definition differs,,,,,0,Units,,,2,Two,I_ME,Individuals aged 16-74 with a middle level of educational attainment
DATAFLOW,OECD.STI.DEP:DSD_ICT_HH_IND@DF_IND(1.1),ICT Access and Usage by Individuals,I,KOR,Korea,A,Annual,D1B_I,Individuals using the internet for accessing social networking sites - last 3 m,PT_POP,Percentage of population,_Z,Not applicable,Y16T74,From 16 to 74 years,_T,Total,ME,Middle level of educational attainment,_T,Total,_T,Total,2012,,54.33981696,,D,Definition differs,,,,,0,Units,,,2,Two,I_ME,Individuals aged 16-74 with a middle level of educational attainment
DATAFLOW,OECD.STI.DEP:DSD_ICT_HH_IND@DF_IND(1.1),ICT Access and Usage by Individuals,I,KOR,Korea,A,Annual,D1B_I,Individuals using the internet for accessing social networking sites - last 3 m,PT_POP,Percentage of population,_Z,Not applicable,Y16T74,From 16 to 74 years,_T,Total,ME,Middle level of educational attainment,_T,Total,_T,Total,2013,,48.4178632,,D,Definition differs,,,,,0,Units,,,2,Two,I_ME,Individuals aged 16-74 with a middle level of educational attainment
DATAFLOW,OECD.STI.DEP:DSD_ICT_HH_IND@DF_IND(1.1),ICT Access and Usage by Individuals,I,KOR,Korea,A,Annual,D1B_I,Individuals using the internet for accessing social networking sites - last 3 m,PT_POP,Percentage of population,_Z,Not applicable,Y16T74,From 16 to 74 years,_T,Total,ME,Middle level of educational attainment,_T,Total,_T,Total,2014,,53.90411131,,D,Definition differs,,,,,0,Units,,,2,Two,I_ME,Individuals aged 16-74 with a middle level of educational attainment
DATAFLOW,OECD.STI.DEP:DSD_ICT_HH_IND@DF_IND(1.1),ICT Access and Usage by Individuals,I,KOR,Korea,A,Annual,D1B_I,Individuals using the internet for accessing social networking sites - last 3 m,PT_POP,Percentage of population,_Z,Not applicable,Y16T74,From 16 to 74 years,_T,Total,ME,Middle level of educational attainment,_T,Total,_T,Total,2015,,60.26090611,,D,Definition differs,,,,,0,Units,,,2,Two,I_ME,Individuals aged 16-74 with a middle level of educational attainment
DATAFLOW,OECD.STI.DEP:DSD_ICT_HH_IND@DF_IND(1.1),ICT Access and Usage by Individuals,I,KOR,Korea,A,Annual,D1B_I,Individuals using the internet for accessing social networking sites - last 3 m,PT_POP,Percentage of population,_Z,Not applicable,Y16T74,From 16 to 74 years,_T,Total,ME,Middle level of educational attainment,_T,Total,_T,Total,2016,,63.36442055,,D,Definition differs,,,,,0,Units,,,2,Two,I_ME,Individuals aged 16-74 with a middle level of educational attainment
DATAFLOW,OECD.STI.DEP:DSD_ICT_HH_IND@DF_IND(1.1),ICT Access and Usage by Individuals,I,KOR,Korea,A,Annual,D1B_I,Individuals using the internet for accessing social networking sites - last 3 m,PT_POP,Percentage of population,_Z,Not applicable,Y16T74,From 16 to 74 years,_T,Total,ME,Middle level of educational attainment,_T,Total,_T,Total,2017,,66.65474146,,D,Definition differs,,,,,0,Units,,,2,Two,I_ME,Individuals aged 16-74 with a middle level of educational attainment
DATAFLOW,OECD.STI.DEP:DSD_ICT_HH_IND@DF_IND(1.1),ICT Access and Usage by Individuals,I,KOR,Korea,A,Annual,D1B_I,Individuals using the internet for accessing social networking sites - last 3 m,PT_POP,Percentage of population,_Z,Not applicable,Y16T74,From 16 to 74 years,_T,Total,ME,Middle level of educational attainment,_T,Total,_T,Total,2018,,62.4118694,,D,Definition differs,,,,,0,Units,,,2,Two,I_ME,Individuals aged 16-74 with a middle level of educational attainment
DATAFLOW,OECD.STI.DEP:DSD_ICT_HH_IND@DF_IND(1.1),ICT Access and Usage by Individuals,I,KOR,Korea,A,Annual,D1B_I,Individuals using the internet for accessing social networking sites - last 3 m,PT_POP,Percentage of population,_Z,Not applicable,Y16T74,From 16 to 74 years,_T,Total,ME,Middle level of educational attainment,_T,Total,_T,Total,2019,,56.43661398,,D,Definition differs,,,,,0,Units,,,2,Two,I_ME,Individuals aged 16-74 with a middle level of educational attainment
DATAFLOW,OECD.STI.DEP:DSD_ICT_HH_IND@DF_IND(1.1),ICT Access and Usage by Individuals,I,KOR,Korea,A,Annual,D1B_I,Individuals using the internet for accessing social networking sites - last 3 m,PT_POP,Percentage of population,_Z,Not applicable,Y16T74,From 16 to 74 years,_T,Total,ME,Middle level of educational attainment,_T,Total,_T,Total,2020,,61.47633014,,D,Definition differs,,,,,0,Units,,,2,Two,I_ME,Individuals aged 16-74 with a middle level of educational attainment
DATAFLOW,OECD.STI.DEP:DSD_ICT_HH_IND@DF_IND(1.1),ICT Access and Usage by Individuals,I,KOR,Korea,A,Annual,D1B_I,Individuals using the internet for accessing social networking sites - last 3 m,PT_POP,Percentage of population,_Z,Not applicable,Y16T74,From 16 to 74 years,_T,Total,HI,High level of educational attainment,_T,Total,_T,Total,2010,,75.28969866,,D,Definition differs,,,,,0,Units,,,2,Two,I_HI,Individuals aged 16-74 with a high level of educational attainment
DATAFLOW,OECD.STI.DEP:DSD_ICT_HH_IND@DF_IND(1.1),ICT Access and Usage by Individuals,I,KOR,Korea,A,Annual,D1B_I,Individuals using the internet for accessing social networking sites - last 3 m,PT_POP,Percentage of population,_Z,Not applicable,Y16T74,From 16 to 74 years,_T,Total,HI,High level of educational attainment,_T,Total,_T,Total,2011,,75.70940933,,D,Definition differs,,,,,0,Units,,,2,Two,I_HI,Individuals aged 16-74 with a high level of educational attainment
DATAFLOW,OECD.STI.DEP:DSD_ICT_HH_IND@DF_IND(1.1),ICT Access and Usage by Individuals,I,KOR,Korea,A,Annual,D1B_I,Individuals using the internet for accessing social networking sites - last 3 m,PT_POP,Percentage of population,_Z,Not applicable,Y16T74,From 16 to 74 years,_T,Total,HI,High level of educational attainment,_T,Total,_T,Total,2012,,76.54680865,,D,Definition differs,,,,,0,Units,,,2,Two,I_HI,Individuals aged 16-74 with a high level of educational attainment
DATAFLOW,OECD.STI.DEP:DSD_ICT_HH_IND@DF_IND(1.1),ICT Access and Usage by Individuals,I,KOR,Korea,A,Annual,D1B_I,Individuals using the internet for accessing social networking sites - last 3 m,PT_POP,Percentage of population,_Z,Not applicable,Y16T74,From 16 to 74 years,_T,Total,HI,High level of educational attainment,_T,Total,_T,Total,2013,,71.06292933,,D,Definition differs,,,,,0,Units,,,2,Two,I_HI,Individuals aged 16-74 with a high level of educational attainment
DATAFLOW,OECD.STI.DEP:DSD_ICT_HH_IND@DF_IND(1.1),ICT Access and Usage by Individuals,I,KOR,Korea,A,Annual,D1B_I,Individuals using the internet for accessing social networking sites - last 3 m,PT_POP,Percentage of population,_Z,Not applicable,Y16T74,From 16 to 74 years,_T,Total,HI,High level of educational attainment,_T,Total,_T,Total,2014,,75.10935414,,D,Definition differs,,,,,0,Units,,,2,Two,I_HI,Individuals aged 16-74 with a high level of educational attainment
DATAFLOW,OECD.STI.DEP:DSD_ICT_HH_IND@DF_IND(1.1),ICT Access and Usage by Individuals,I,KOR,Korea,A,Annual,D1B_I,Individuals using the internet for accessing social networking sites - last 3 m,PT_POP,Percentage of population,_Z,Not applicable,Y16T74,From 16 to 74 years,_T,Total,HI,High level of educational attainment,_T,Total,_T,Total,2015,,79.47030934,,D,Definition differs,,,,,0,Units,,,2,Two,I_HI,Individuals aged 16-74 with a high level of educational attainment
DATAFLOW,OECD.STI.DEP:DSD_ICT_HH_IND@DF_IND(1.1),ICT Access and Usage by Individuals,I,KOR,Korea,A,Annual,D1B_I,Individuals using the internet for accessing social networking sites - last 3 m,PT_POP,Percentage of population,_Z,Not applicable,Y16T74,From 16 to 74 years,_T,Total,HI,High level of educational attainment,_T,Total,_T,Total,2016,,80.10470076,,D,Definition differs,,,,,0,Units,,,2,Two,I_HI,Individuals aged 16-74 with a high level of educational attainment
DATAFLOW,OECD.STI.DEP:DSD_ICT_HH_IND@DF_IND(1.1),ICT Access and Usage by Individuals,I,KOR,Korea,A,Annual,D1B_I,Individuals using the internet for accessing social networking sites - last 3 m,PT_POP,Percentage of population,_Z,Not applicable,Y16T74,From 16 to 74 years,_T,Total,HI,High level of educational attainment,_T,Total,_T,Total,2017,,82.05478492,,D,Definition differs,,,,,0,Units,,,2,Two,I_HI,Individuals aged 16-74 with a high level of educational attainment
DATAFLOW,OECD.STI.DEP:DSD_ICT_HH_IND@DF_IND(1.1),ICT Access and Usage by Individuals,I,KOR,Korea,A,Annual,D1B_I,Individuals using the internet for accessing social networking sites - last 3 m,PT_POP,Percentage of population,_Z,Not applicable,Y16T74,From 16 to 74 years,_T,Total,HI,High level of educational attainment,_T,Total,_T,Total,2018,,79.74770016,,D,Definition differs,,,,,0,Units,,,2,Two,I_HI,Individuals aged 16-74 with a high level of educational attainment
DATAFLOW,OECD.STI.DEP:DSD_ICT_HH_IND@DF_IND(1.1),ICT Access and Usage by Individuals,I,KOR,Korea,A,Annual,D1B_I,Individuals using the internet for accessing social networking sites - last 3 m,PT_POP,Percentage of population,_Z,Not applicable,Y16T74,From 16 to 74 years,_T,Total,HI,High level of educational attainment,_T,Total,_T,Total,2019,,78.32482284,,D,Definition differs,,,,,0,Units,,,2,Two,I_HI,Individuals aged 16-74 with a high level of educational attainment
DATAFLOW,OECD.STI.DEP:DSD_ICT_HH_IND@DF_IND(1.1),ICT Access and Usage by Individuals,I,KOR,Korea,A,Annual,D1B_I,Individuals using the internet for accessing social networking sites - last 3 m,PT_POP,Percentage of population,_Z,Not applicable,Y16T74,From 16 to 74 years,_T,Total,HI,High level of educational attainment,_T,Total,_T,Total,2020,,79.37089594,,D,Definition differs,,,,,0,Units,,,2,Two,I_HI,Individuals aged 16-74 with a high level of educational attainment
DATAFLOW,OECD.STI.DEP:DSD_ICT_HH_IND@DF_IND(1.1),ICT Access and Usage by Individuals,I,KOR,Korea,A,Annual,D1B_I,Individuals using the internet for accessing social networking sites - last 3 m,PT_POP,Percentage of population,_Z,Not applicable,Y16T74,From 16 to 74 years,_T,Total,_T,Total,_T,Total,_T,Total,2005,,37.92,,D,Definition differs,,,,,0,Units,,,2,Two,IND_TOTAL,All (individuals aged 16-74)
DATAFLOW,OECD.STI.DEP:DSD_ICT_HH_IND@DF_IND(1.1),ICT Access and Usage by Individuals,I,KOR,Korea,A,Annual,D1B_I,Individuals using the internet for accessing social networking sites - last 3 m,PT_POP,Percentage of population,_Z,Not applicable,Y16T74,From 16 to 74 years,_T,Total,_T,Total,_T,Total,_T,Total,2006,,32.59,,D,Definition differs,,,,,0,Units,,,2,Two,IND_TOTAL,All (individuals aged 16-74)
DATAFLOW,OECD.STI.DEP:DSD_ICT_HH_IND@DF_IND(1.1),ICT Access and Usage by Individuals,I,KOR,Korea,A,Annual,D1B_I,Individuals using the internet for accessing social networking sites - last 3 m,PT_POP,Percentage of population,_Z,Not applicable,Y16T74,From 16 to 74 years,_T,Total,_T,Total,_T,Total,_T,Total,2007,,39.75,,D,Definition differs,,,,,0,Units,,,2,Two,IND_TOTAL,All (individuals aged 16-74)
DATAFLOW,OECD.STI.DEP:DSD_ICT_HH_IND@DF_IND(1.1),ICT Access and Usage by Individuals,I,KOR,Korea,A,Annual,D1B_I,Individuals using the internet for accessing social networking sites - last 3 m,PT_POP,Percentage of population,_Z,Not applicable,Y16T74,From 16 to 74 years,_T,Total,_T,Total,_T,Total,_T,Total,2008,,49.67,,D,Definition differs,,,,,0,Units,,,2,Two,IND_TOTAL,All (individuals aged 16-74)
DATAFLOW,OECD.STI.DEP:DSD_ICT_HH_IND@DF_IND(1.1),ICT Access and Usage by Individuals,I,KOR,Korea,A,Annual,D1B_I,Individuals using the internet for accessing social networking sites - last 3 m,PT_POP,Percentage of population,_Z,Not applicable,Y16T74,From 16 to 74 years,_T,Total,_T,Total,_T,Total,_T,Total,2009,,49.85,,D,Definition differs,,,,,0,Units,,,2,Two,IND_TOTAL,All (individuals aged 16-74)
DATAFLOW,OECD.STI.DEP:DSD_ICT_HH_IND@DF_IND(1.1),ICT Access and Usage by Individuals,I,KOR,Korea,A,Annual,D1B_I,Individuals using the internet for accessing social networking sites - last 3 m,PT_POP,Percentage of population,_Z,Not applicable,Y16T74,From 16 to 74 years,_T,Total,_T,Total,_T,Total,_T,Total,2010,,52.29458403,,D,Definition differs,,,,,0,Units,,,2,Two,IND_TOTAL,All (individuals aged 16-74)
DATAFLOW,OECD.STI.DEP:DSD_ICT_HH_IND@DF_IND(1.1),ICT Access and Usage by Individuals,I,KOR,Korea,A,Annual,D1B_I,Individuals using the internet for accessing social networking sites - last 3 m,PT_POP,Percentage of population,_Z,Not applicable,Y16T74,From 16 to 74 years,_T,Total,_T,Total,_T,Total,_T,Total,2011,,52.32367473,,D,Definition differs,,,,,0,Units,,,2,Two,IND_TOTAL,All (individuals aged 16-74)
DATAFLOW,OECD.STI.DEP:DSD_ICT_HH_IND@DF_IND(1.1),ICT Access and Usage by Individuals,I,KOR,Korea,A,Annual,D1B_I,Individuals using the internet for accessing social networking sites - last 3 m,PT_POP,Percentage of population,_Z,Not applicable,Y16T74,From 16 to 74 years,_T,Total,_T,Total,_T,Total,_T,Total,2012,,53.30244879,,D,Definition differs,,,,,0,Units,,,2,Two,IND_TOTAL,All (individuals aged 16-74)
DATAFLOW,OECD.STI.DEP:DSD_ICT_HH_IND@DF_IND(1.1),ICT Access and Usage by Individuals,I,KOR,Korea,A,Annual,D1B_I,Individuals using the internet for accessing social networking sites - last 3 m,PT_POP,Percentage of population,_Z,Not applicable,Y16T74,From 16 to 74 years,_T,Total,_T,Total,_T,Total,_T,Total,2013,,49.27741975,,D,Definition differs,,,,,0,Units,,,2,Two,IND_TOTAL,All (individuals aged 16-74)
DATAFLOW,OECD.STI.DEP:DSD_ICT_HH_IND@DF_IND(1.1),ICT Access and Usage by Individuals,I,KOR,Korea,A,Annual,D1B_I,Individuals using the internet for accessing social networking sites - last 3 m,PT_POP,Percentage of population,_Z,Not applicable,Y16T74,From 16 to 74 years,_T,Total,_T,Total,_T,Total,_T,Total,2014,,54.85018593,,D,Definition differs,,,,,0,Units,,,2,Two,IND_TOTAL,All (individuals aged 16-74)
DATAFLOW,OECD.STI.DEP:DSD_ICT_HH_IND@DF_IND(1.1),ICT Access and Usage by Individuals,I,KOR,Korea,A,Annual,D1B_I,Individuals using the internet for accessing social networking sites - last 3 m,PT_POP,Percentage of population,_Z,Not applicable,Y16T74,From 16 to 74 years,_T,Total,_T,Total,_T,Total,_T,Total,2015,,60.55220952,,D,Definition differs,,,,,0,Units,,,2,Two,IND_TOTAL,All (individuals aged 16-74)
DATAFLOW,OECD.STI.DEP:DSD_ICT_HH_IND@DF_IND(1.1),ICT Access and Usage by Individuals,I,KOR,Korea,A,Annual,D1B_I,Individuals using the internet for accessing social networking sites - last 3 m,PT_POP,Percentage of population,_Z,Not applicable,Y16T74,From 16 to 74 years,_T,Total,_T,Total,_T,Total,_T,Total,2016,,63.50596954,,D,Definition differs,,,,,0,Units,,,2,Two,IND_TOTAL,All (individuals aged 16-74)
DATAFLOW,OECD.STI.DEP:DSD_ICT_HH_IND@DF_IND(1.1),ICT Access and Usage by Individuals,I,KOR,Korea,A,Annual,D1B_I,Individuals using the internet for accessing social networking sites - last 3 m,PT_POP,Percentage of population,_Z,Not applicable,Y16T74,From 16 to 74 years,_T,Total,_T,Total,_T,Total,_T,Total,2017,,68.01572875,,D,Definition differs,,,,,0,Units,,,2,Two,IND_TOTAL,All (individuals aged 16-74)
DATAFLOW,OECD.STI.DEP:DSD_ICT_HH_IND@DF_IND(1.1),ICT Access and Usage by Individuals,I,KOR,Korea,A,Annual,D1B_I,Individuals using the internet for accessing social networking sites - last 3 m,PT_POP,Percentage of population,_Z,Not applicable,Y16T74,From 16 to 74 years,_T,Total,_T,Total,_T,Total,_T,Total,2018,,65.90472494,,D,Definition differs,,,,,0,Units,,,2,Two,IND_TOTAL,All (individuals aged 16-74)
DATAFLOW,OECD.STI.DEP:DSD_ICT_HH_IND@DF_IND(1.1),ICT Access and Usage by Individuals,I,KOR,Korea,A,Annual,D1B_I,Individuals using the internet for accessing social networking sites - last 3 m,PT_POP,Percentage of population,_Z,Not applicable,Y16T74,From 16 to 74 years,_T,Total,_T,Total,_T,Total,_T,Total,2019,,64.56735827,,D,Definition differs,,,,,0,Units,,,2,Two,IND_TOTAL,All (individuals aged 16-74)
DATAFLOW,OECD.STI.DEP:DSD_ICT_HH_IND@DF_IND(1.1),ICT Access and Usage by Individuals,I,KOR,Korea,A,Annual,D1B_I,Individuals using the internet for accessing social networking sites - last 3 m,PT_POP,Percentage of population,_Z,Not applicable,Y16T74,From 16 to 74 years,_T,Total,_T,Total,_T,Total,_T,Total,2020,,66.33589752,,D,Definition differs,,,,,0,Units,,,2,Two,IND_TOTAL,All (individuals aged 16-74)
DATAFLOW,OECD.STI.DEP:DSD_ICT_HH_IND@DF_IND(1.1),ICT Access and Usage by Individuals,I,USA,United States,A,Annual,D1B_I,Individuals using the internet for accessing social networking sites - last 3 m,PT_POP,Percentage of population,_Z,Not applicable,Y16T74,From 16 to 74 years,F,Female,LO,Low level of educational attainment,_T,Total,_T,Total,2021,,57.76,,D,Definition differs,,,,,0,Units,,,2,Two,F_LO,Female aged 16-74 with no or a low level of educational attainment
DATAFLOW,OECD.STI.DEP:DSD_ICT_HH_IND@DF_IND(1.1),ICT Access and Usage by Individuals,I,USA,United States,A,Annual,D1B_I,Individuals using the internet for accessing social networking sites - last 3 m,PT_POP,Percentage of population,_Z,Not applicable,Y16T74,From 16 to 74 years,F,Female,ME,Middle level of educational attainment,_T,Total,_T,Total,2021,,65.58,,D,Definition differs,,,,,0,Units,,,2,Two,F_ME,Female aged 16-74 with a middle level of educational attainment
DATAFLOW,OECD.STI.DEP:DSD_ICT_HH_IND@DF_IND(1.1),ICT Access and Usage by Individuals,I,USA,United States,A,Annual,D1B_I,Individuals using the internet for accessing social networking sites - last 3 m,PT_POP,Percentage of population,_Z,Not applicable,Y16T74,From 16 to 74 years,F,Female,HI,High level of educational attainment,_T,Total,_T,Total,2021,,72.25,,D,Definition differs,,,,,0,Units,,,2,Two,F_HI,Female aged 16-74 with a high level of educational attainment
DATAFLOW,OECD.STI.DEP:DSD_ICT_HH_IND@DF_IND(1.1),ICT Access and Usage by Individuals,I,JPN,Japan,A,Annual,D1B_I,Individuals using the internet for accessing social networking sites - last 3 m,PT_POP,Percentage of population,_Z,Not applicable,Y16T74,From 16 to 74 years,F,Female,_T,Total,_T,Total,_T,Total,2021,,81.3,,D,Definition differs,,,,,0,Units,,,2,Two,F_Y16_74,Female aged 16-74
DATAFLOW,OECD.STI.DEP:DSD_ICT_HH_IND@DF_IND(1.1),ICT Access and Usage by Individuals,I,USA,United States,A,Annual,D1B_I,Individuals using the internet for accessing social networking sites - last 3 m,PT_POP,Percentage of population,_Z,Not applicable,Y16T74,From 16 to 74 years,F,Female,_T,Total,_T,Total,_T,Total,2021,,67.88,,D,Definition differs,,,,,0,Units,,,2,Two,F_Y16_74,Female aged 16-74
DATAFLOW,OECD.STI.DEP:DSD_ICT_HH_IND@DF_IND(1.1),ICT Access and Usage by Individuals,I,USA,United States,A,Annual,D1B_I,Individuals using the internet for accessing social networking sites - last 3 m,PT_POP,Percentage of population,_Z,Not applicable,Y16T74,From 16 to 74 years,M,Male,HI,High level of educational attainment,_T,Total,_T,Total,2021,,65.43,,D,Definition differs,,,,,0,Units,,,2,Two,M_HI,Male aged 16-74 with a high high level of educational attainment
DATAFLOW,OECD.STI.DEP:DSD_ICT_HH_IND@DF_IND(1.1),ICT Access and Usage by Individuals,I,USA,United States,A,Annual,D1B_I,Individuals using the internet for accessing social networking sites - last 3 m,PT_POP,Percentage of population,_Z,Not applicable,Y16T74,From 16 to 74 years,M,Male,ME,Middle level of educational attainment,_T,Total,_T,Total,2021,,58.02,,D,Definition differs,,,,,0,Units,,,2,Two,M_ME,Male aged 16-74 with a middle level of educational attainment
DATAFLOW,OECD.STI.DEP:DSD_ICT_HH_IND@DF_IND(1.1),ICT Access and Usage by Individuals,I,USA,United States,A,Annual,D1B_I,Individuals using the internet for accessing social networking sites - last 3 m,PT_POP,Percentage of population,_Z,Not applicable,Y16T74,From 16 to 74 years,M,Male,LO,Low level of educational attainment,_T,Total,_T,Total,2021,,52.98,,D,Definition differs,,,,,0,Units,,,2,Two,M_LO,Male aged 16-74 with no or a low level of educational attainment
DATAFLOW,OECD.STI.DEP:DSD_ICT_HH_IND@DF_IND(1.1),ICT Access and Usage by Individuals,I,JPN,Japan,A,Annual,D1B_I,Individuals using the internet for accessing social networking sites - last 3 m,PT_POP,Percentage of population,_Z,Not applicable,Y16T74,From 16 to 74 years,M,Male,_T,Total,_T,Total,_T,Total,2021,,77.9,,D,Definition differs,,,,,0,Units,,,2,Two,M_Y16_74,Male aged 16-74
DATAFLOW,OECD.STI.DEP:DSD_ICT_HH_IND@DF_IND(1.1),ICT Access and Usage by Individuals,I,USA,United States,A,Annual,D1B_I,Individuals using the internet for accessing social networking sites - last 3 m,PT_POP,Percentage of population,_Z,Not applicable,Y16T74,From 16 to 74 years,M,Male,_T,Total,_T,Total,_T,Total,2021,,60.45,,D,Definition differs,,,,,0,Units,,,2,Two,M_Y16_74,Male aged 16-74
DATAFLOW,OECD.STI.DEP:DSD_ICT_HH_IND@DF_IND(1.1),ICT Access and Usage by Individuals,I,USA,United States,A,Annual,D1B_I,Individuals using the internet for accessing social networking sites - last 3 m,PT_POP,Percentage of population,_Z,Not applicable,Y16T74,From 16 to 74 years,_T,Total,ME,Middle level of educational attainment,_T,Total,_T,Total,2021,,61.73,,D,Definition differs,,,,,0,Units,,,2,Two,I_ME,Individuals aged 16-74 with a middle level of educational attainment
DATAFLOW,OECD.STI.DEP:DSD_ICT_HH_IND@DF_IND(1.1),ICT Access and Usage by Individuals,I,USA,United States,A,Annual,D1B_I,Individuals using the internet for accessing social networking sites - last 3 m,PT_POP,Percentage of population,_Z,Not applicable,Y16T74,From 16 to 74 years,_T,Total,HI,High level of educational attainment,_T,Total,_T,Total,2021,,69.1,,D,Definition differs,,,,,0,Units,,,2,Two,I_HI,Individuals aged 16-74 with a high level of educational attainment
DATAFLOW,OECD.STI.DEP:DSD_ICT_HH_IND@DF_IND(1.1),ICT Access and Usage by Individuals,I,USA,United States,A,Annual,D1B_I,Individuals using the internet for accessing social networking sites - last 3 m,PT_POP,Percentage of population,_Z,Not applicable,Y16T74,From 16 to 74 years,_T,Total,LO,Low level of educational attainment,_T,Total,_T,Total,2021,,55.23,,D,Definition differs,,,,,0,Units,,,2,Two,I_LO,Individuals aged 16-74 with no or a low level of educational attainment
DATAFLOW,OECD.STI.DEP:DSD_ICT_HH_IND@DF_IND(1.1),ICT Access and Usage by Individuals,I,JPN,Japan,A,Annual,D1B_I,Individuals using the internet for accessing social networking sites - last 3 m,PT_POP,Percentage of population,_Z,Not applicable,Y16T74,From 16 to 74 years,_T,Total,_T,Total,_T,Total,_T,Total,2021,,79.6,,D,Definition differs,,,,,0,Units,,,2,Two,IND_TOTAL,All (individuals aged 16-74)
DATAFLOW,OECD.STI.DEP:DSD_ICT_HH_IND@DF_IND(1.1),ICT Access and Usage by Individuals,I,USA,United States,A,Annual,D1B_I,Individuals using the internet for accessing social networking sites - last 3 m,PT_POP,Percentage of population,_Z,Not applicable,Y16T74,From 16 to 74 years,_T,Total,_T,Total,_T,Total,_T,Total,2021,,64.24,,D,Definition differs,,,,,0,Units,,,2,Two,IND_TOTAL,All (individuals aged 16-74)
DATAFLOW,OECD.STI.DEP:DSD_ICT_HH_IND@DF_IND(1.1),ICT Access and Usage by Individuals,I,KOR,Korea,A,Annual,D1B_I,Individuals using the internet for accessing social networking sites - last 3 m,PT_POP,Percentage of population,_Z,Not applicable,Y16T74,From 16 to 74 years,_T,Total,_T,Total,_T,Total,SAL_SELF_FAM,"Employees, Self-employed and family workers",2020,,67.08405247,,D,Definition differs,,,,,0,Units,,,2,Two,SAL_SELF_FAM,"""Employees, Self-employed and family workers aged 16-74"""
DATAFLOW,OECD.STI.DEP:DSD_ICT_HH_IND@DF_IND(1.1),ICT Access and Usage by Individuals,I,USA,United States,A,Annual,D1B_I,Individuals using the internet for accessing social networking sites - last 3 m,PT_POP,Percentage of population,_Z,Not applicable,Y16T74,From 16 to 74 years,_T,Total,_T,Total,_T,Total,SAL_SELF_FAM,"Employees, Self-employed and family workers",2015,,62.531266,,D,Definition differs,,,,,0,Units,,,2,Two,SAL_SELF_FAM,"""Employees, Self-employed and family workers aged 16-74"""
DATAFLOW,OECD.STI.DEP:DSD_ICT_HH_IND@DF_IND(1.1),ICT Access and Usage by Individuals,I,USA,United States,A,Annual,D1B_I,Individuals using the internet for accessing social networking sites - last 3 m,PT_POP,Percentage of population,_Z,Not applicable,Y16T74,From 16 to 74 years,_T,Total,_T,Total,_T,Total,SAL_SELF_FAM,"Employees, Self-employed and family workers",2017,,67.279335,,D,Definition differs,,,,,0,Units,,,2,Two,SAL_SELF_FAM,"""Employees, Self-employed and family workers aged 16-74"""
DATAFLOW,OECD.STI.DEP:DSD_ICT_HH_IND@DF_IND(1.1),ICT Access and Usage by Individuals,I,USA,United States,A,Annual,D1B_I,Individuals using the internet for accessing social networking sites - last 3 m,PT_POP,Percentage of population,_Z,Not applicable,Y16T74,From 16 to 74 years,_T,Total,_T,Total,_T,Total,SAL_SELF_FAM,"Employees, Self-employed and family workers",2019,,68.07,,D,Definition differs,,,,,0,Units,,,2,Two,SAL_SELF_FAM,"""Employees, Self-employed and family workers aged 16-74"""
DATAFLOW,OECD.STI.DEP:DSD_ICT_HH_IND@DF_IND(1.1),ICT Access and Usage by Individuals,I,USA,United States,A,Annual,D1B_I,Individuals using the internet for accessing social networking sites - last 3 m,PT_POP,Percentage of population,_Z,Not applicable,Y16T74,From 16 to 74 years,_T,Total,_T,Total,_T,Total,SAL_SELF_FAM,"Employees, Self-employed and family workers",2023,,72.75,,D,Definition differs,,,,,0,Units,,,2,Two,SAL_SELF_FAM,"""Employees, Self-employed and family workers aged 16-74"""
DATAFLOW,OECD.STI.DEP:DSD_ICT_HH_IND@DF_IND(1.1),ICT Access and Usage by Individuals,I,KOR,Korea,A,Annual,D1B_I,Individuals using the internet for accessing social networking sites - last 3 m,PT_POP,Percentage of population,_Z,Not applicable,Y16T74,From 16 to 74 years,_T,Total,_T,Total,_T,Total,SAL_SELF_FAM,"Employees, Self-employed and family workers",2011,,52.5,,D,Definition differs,,,,,0,Units,,,2,Two,SAL_SELF_FAM,"""Employees, Self-employed and family workers aged 16-74"""
DATAFLOW,OECD.STI.DEP:DSD_ICT_HH_IND@DF_IND(1.1),ICT Access and Usage by Individuals,I,KOR,Korea,A,Annual,D1B_I,Individuals using the internet for accessing social networking sites - last 3 m,PT_POP,Percentage of population,_Z,Not applicable,Y16T74,From 16 to 74 years,_T,Total,_T,Total,_T,Total,SAL_SELF_FAM,"Employees, Self-employed and family workers",2012,,53.49725136,,D,Definition differs,,,,,0,Units,,,2,Two,SAL_SELF_FAM,"""Employees, Self-employed and family workers aged 16-74"""
DATAFLOW,OECD.STI.DEP:DSD_ICT_HH_IND@DF_IND(1.1),ICT Access and Usage by Individuals,I,KOR,Korea,A,Annual,D1B_I,Individuals using the internet for accessing social networking sites - last 3 m,PT_POP,Percentage of population,_Z,Not applicable,Y16T74,From 16 to 74 years,_T,Total,_T,Total,_T,Total,SAL_SELF_FAM,"Employees, Self-employed and family workers",2013,,48.58435658,,D,Definition differs,,,,,0,Units,,,2,Two,SAL_SELF_FAM,"""Employees, Self-employed and family workers aged 16-74"""
DATAFLOW,OECD.STI.DEP:DSD_ICT_HH_IND@DF_IND(1.1),ICT Access and Usage by Individuals,I,KOR,Korea,A,Annual,D1B_I,Individuals using the internet for accessing social networking sites - last 3 m,PT_POP,Percentage of population,_Z,Not applicable,Y16T74,From 16 to 74 years,_T,Total,_T,Total,_T,Total,SAL_SELF_FAM,"Employees, Self-employed and family workers",2014,,55.11346512,,D,Definition differs,,,,,0,Units,,,2,Two,SAL_SELF_FAM,"""Employees, Self-employed and family workers aged 16-74"""
DATAFLOW,OECD.STI.DEP:DSD_ICT_HH_IND@DF_IND(1.1),ICT Access and Usage by Individuals,I,KOR,Korea,A,Annual,D1B_I,Individuals using the internet for accessing social networking sites - last 3 m,PT_POP,Percentage of population,_Z,Not applicable,Y16T74,From 16 to 74 years,_T,Total,_T,Total,_T,Total,SAL_SELF_FAM,"Employees, Self-employed and family workers",2015,,61.24556299,,D,Definition differs,,,,,0,Units,,,2,Two,SAL_SELF_FAM,"""Employees, Self-employed and family workers aged 16-74"""
DATAFLOW,OECD.STI.DEP:DSD_ICT_HH_IND@DF_IND(1.1),ICT Access and Usage by Individuals,I,KOR,Korea,A,Annual,D1B_I,Individuals using the internet for accessing social networking sites - last 3 m,PT_POP,Percentage of population,_Z,Not applicable,Y16T74,From 16 to 74 years,_T,Total,_T,Total,_T,Total,SAL_SELF_FAM,"Employees, Self-employed and family workers",2016,,64.46932092,,D,Definition differs,,,,,0,Units,,,2,Two,SAL_SELF_FAM,"""Employees, Self-employed and family workers aged 16-74"""
DATAFLOW,OECD.STI.DEP:DSD_ICT_HH_IND@DF_IND(1.1),ICT Access and Usage by Individuals,I,KOR,Korea,A,Annual,D1B_I,Individuals using the internet for accessing social networking sites - last 3 m,PT_POP,Percentage of population,_Z,Not applicable,Y16T74,From 16 to 74 years,_T,Total,_T,Total,_T,Total,SAL_SELF_FAM,"Employees, Self-employed and family workers",2017,,68.91438844,,D,Definition differs,,,,,0,Units,,,2,Two,SAL_SELF_FAM,"""Employees, Self-employed and family workers aged 16-74"""
DATAFLOW,OECD.STI.DEP:DSD_ICT_HH_IND@DF_IND(1.1),ICT Access and Usage by Individuals,I,KOR,Korea,A,Annual,D1B_I,Individuals using the internet for accessing social networking sites - last 3 m,PT_POP,Percentage of population,_Z,Not applicable,Y16T74,From 16 to 74 years,_T,Total,_T,Total,_T,Total,SAL_SELF_FAM,"Employees, Self-employed and family workers",2018,,66.80585697,,D,Definition differs,,,,,0,Units,,,2,Two,SAL_SELF_FAM,"""Employees, Self-employed and family workers aged 16-74"""
DATAFLOW,OECD.STI.DEP:DSD_ICT_HH_IND@DF_IND(1.1),ICT Access and Usage by Individuals,I,KOR,Korea,A,Annual,D1B_I,Individuals using the internet for accessing social networking sites - last 3 m,PT_POP,Percentage of population,_Z,Not applicable,Y16T74,From 16 to 74 years,_T,Total,_T,Total,_T,Total,SAL_SELF_FAM,"Employees, Self-employed and family workers",2019,,64.94202011,,D,Definition differs,,,,,0,Units,,,2,Two,SAL_SELF_FAM,"""Employees, Self-employed and family workers aged 16-74"""
DATAFLOW,OECD.STI.DEP:DSD_ICT_HH_IND@DF_IND(1.1),ICT Access and Usage by Individuals,I,USA,United States,A,Annual,D1B_I,Individuals using the internet for accessing social networking sites - last 3 m,PT_POP,Percentage of population,_Z,Not applicable,Y16T74,From 16 to 74 years,_T,Total,_T,Total,_T,Total,SAL_SELF_FAM,"Employees, Self-employed and family workers",2021,,69.34,,D,Definition differs,,,,,0,Units,,,2,Two,SAL_SELF_FAM,"""Employees, Self-employed and family workers aged 16-74"""
DATAFLOW,OECD.STI.DEP:DSD_ICT_HH_IND@DF_IND(1.1),ICT Access and Usage by Individuals,I,USA,United States,A,Annual,D1B_I,Individuals using the internet for accessing social networking sites - last 3 m,PT_POP,Percentage of population,_Z,Not applicable,Y16T74,From 16 to 74 years,_T,Total,_T,Total,_T,Total,RETIR_OTHER,Retired and other inactive,2015,,40.018216,,D,Definition differs,,,,,0,Units,,,2,Two,RETIR_OTHER,Retired and other inactive aged 16-74
DATAFLOW,OECD.STI.DEP:DSD_ICT_HH_IND@DF_IND(1.1),ICT Access and Usage by Individuals,I,USA,United States,A,Annual,D1B_I,Individuals using the internet for accessing social networking sites - last 3 m,PT_POP,Percentage of population,_Z,Not applicable,Y16T74,From 16 to 74 years,_T,Total,_T,Total,_T,Total,RETIR_OTHER,Retired and other inactive,2017,,45.87654,,D,Definition differs,,,,,0,Units,,,2,Two,RETIR_OTHER,Retired and other inactive aged 16-74
DATAFLOW,OECD.STI.DEP:DSD_ICT_HH_IND@DF_IND(1.1),ICT Access and Usage by Individuals,I,USA,United States,A,Annual,D1B_I,Individuals using the internet for accessing social networking sites - last 3 m,PT_POP,Percentage of population,_Z,Not applicable,Y16T74,From 16 to 74 years,_T,Total,_T,Total,_T,Total,RETIR_OTHER,Retired and other inactive,2019,,45.85,,D,Definition differs,,,,,0,Units,,,2,Two,RETIR_OTHER,Retired and other inactive aged 16-74
DATAFLOW,OECD.STI.DEP:DSD_ICT_HH_IND@DF_IND(1.1),ICT Access and Usage by Individuals,I,USA,United States,A,Annual,D1B_I,Individuals using the internet for accessing social networking sites - last 3 m,PT_POP,Percentage of population,_Z,Not applicable,Y16T74,From 16 to 74 years,_T,Total,_T,Total,_T,Total,RETIR_OTHER,Retired and other inactive,2023,,53.31,,D,Definition differs,,,,,0,Units,,,2,Two,RETIR_OTHER,Retired and other inactive aged 16-74
DATAFLOW,OECD.STI.DEP:DSD_ICT_HH_IND@DF_IND(1.1),ICT Access and Usage by Individuals,I,KOR,Korea,A,Annual,D1B_I,Individuals using the internet for accessing social networking sites - last 3 m,PT_POP,Percentage of population,_Z,Not applicable,Y16T74,From 16 to 74 years,_T,Total,_T,Total,_T,Total,RETIR_OTHER,Retired and other inactive,2011,,32,,D,Definition differs,,,,,0,Units,,,2,Two,RETIR_OTHER,Retired and other inactive aged 16-74
DATAFLOW,OECD.STI.DEP:DSD_ICT_HH_IND@DF_IND(1.1),ICT Access and Usage by Individuals,I,KOR,Korea,A,Annual,D1B_I,Individuals using the internet for accessing social networking sites - last 3 m,PT_POP,Percentage of population,_Z,Not applicable,Y16T74,From 16 to 74 years,_T,Total,_T,Total,_T,Total,RETIR_OTHER,Retired and other inactive,2012,,32.8936119,,D,Definition differs,,,,,0,Units,,,2,Two,RETIR_OTHER,Retired and other inactive aged 16-74
DATAFLOW,OECD.STI.DEP:DSD_ICT_HH_IND@DF_IND(1.1),ICT Access and Usage by Individuals,I,KOR,Korea,A,Annual,D1B_I,Individuals using the internet for accessing social networking sites - last 3 m,PT_POP,Percentage of population,_Z,Not applicable,Y16T74,From 16 to 74 years,_T,Total,_T,Total,_T,Total,RETIR_OTHER,Retired and other inactive,2013,,32.16392755,,D,Definition differs,,,,,0,Units,,,2,Two,RETIR_OTHER,Retired and other inactive aged 16-74
DATAFLOW,OECD.STI.DEP:DSD_ICT_HH_IND@DF_IND(1.1),ICT Access and Usage by Individuals,I,KOR,Korea,A,Annual,D1B_I,Individuals using the internet for accessing social networking sites - last 3 m,PT_POP,Percentage of population,_Z,Not applicable,Y16T74,From 16 to 74 years,_T,Total,_T,Total,_T,Total,RETIR_OTHER,Retired and other inactive,2014,,36.10336698,,D,Definition differs,,,,,0,Units,,,2,Two,RETIR_OTHER,Retired and other inactive aged 16-74
DATAFLOW,OECD.STI.DEP:DSD_ICT_HH_IND@DF_IND(1.1),ICT Access and Usage by Individuals,I,KOR,Korea,A,Annual,D1B_I,Individuals using the internet for accessing social networking sites - last 3 m,PT_POP,Percentage of population,_Z,Not applicable,Y16T74,From 16 to 74 years,_T,Total,_T,Total,_T,Total,RETIR_OTHER,Retired and other inactive,2015,,41.99025049,,D,Definition differs,,,,,0,Units,,,2,Two,RETIR_OTHER,Retired and other inactive aged 16-74
DATAFLOW,OECD.STI.DEP:DSD_ICT_HH_IND@DF_IND(1.1),ICT Access and Usage by Individuals,I,KOR,Korea,A,Annual,D1B_I,Individuals using the internet for accessing social networking sites - last 3 m,PT_POP,Percentage of population,_Z,Not applicable,Y16T74,From 16 to 74 years,_T,Total,_T,Total,_T,Total,RETIR_OTHER,Retired and other inactive,2016,,46.64626369,,D,Definition differs,,,,,0,Units,,,2,Two,RETIR_OTHER,Retired and other inactive aged 16-74
DATAFLOW,OECD.STI.DEP:DSD_ICT_HH_IND@DF_IND(1.1),ICT Access and Usage by Individuals,I,KOR,Korea,A,Annual,D1B_I,Individuals using the internet for accessing social networking sites - last 3 m,PT_POP,Percentage of population,_Z,Not applicable,Y16T74,From 16 to 74 years,_T,Total,_T,Total,_T,Total,RETIR_OTHER,Retired and other inactive,2017,,51.54384759,,D,Definition differs,,,,,0,Units,,,2,Two,RETIR_OTHER,Retired and other inactive aged 16-74
DATAFLOW,OECD.STI.DEP:DSD_ICT_HH_IND@DF_IND(1.1),ICT Access and Usage by Individuals,I,KOR,Korea,A,Annual,D1B_I,Individuals using the internet for accessing social networking sites - last 3 m,PT_POP,Percentage of population,_Z,Not applicable,Y16T74,From 16 to 74 years,_T,Total,_T,Total,_T,Total,RETIR_OTHER,Retired and other inactive,2018,,52.55124197,,D,Definition differs,,,,,0,Units,,,2,Two,RETIR_OTHER,Retired and other inactive aged 16-74
DATAFLOW,OECD.STI.DEP:DSD_ICT_HH_IND@DF_IND(1.1),ICT Access and Usage by Individuals,I,KOR,Korea,A,Annual,D1B_I,Individuals using the internet for accessing social networking sites - last 3 m,PT_POP,Percentage of population,_Z,Not applicable,Y16T74,From 16 to 74 years,_T,Total,_T,Total,_T,Total,RETIR_OTHER,Retired and other inactive,2019,,53.90771821,,D,Definition differs,,,,,0,Units,,,2,Two,RETIR_OTHER,Retired and other inactive aged 16-74
DATAFLOW,OECD.STI.DEP:DSD_ICT_HH_IND@DF_IND(1.1),ICT Access and Usage by Individuals,I,KOR,Korea,A,Annual,D1B_I,Individuals using the internet for accessing social networking sites - last 3 m,PT_POP,Percentage of population,_Z,Not applicable,Y16T74,From 16 to 74 years,_T,Total,_T,Total,_T,Total,RETIR_OTHER,Retired and other inactive,2020,,53.55639442,,D,Definition differs,,,,,0,Units,,,2,Two,RETIR_OTHER,Retired and other inactive aged 16-74
DATAFLOW,OECD.STI.DEP:DSD_ICT_HH_IND@DF_IND(1.1),ICT Access and Usage by Individuals,I,USA,United States,A,Annual,D1B_I,Individuals using the internet for accessing social networking sites - last 3 m,PT_POP,Percentage of population,_Z,Not applicable,Y16T74,From 16 to 74 years,_T,Total,_T,Total,_T,Total,RETIR_OTHER,Retired and other inactive,2021,,49.16,,D,Definition differs,,,,,0,Units,,,2,Two,RETIR_OTHER,Retired and other inactive aged 16-74
DATAFLOW,OECD.STI.DEP:DSD_ICT_HH_IND@DF_IND(1.1),ICT Access and Usage by Individuals,I,USA,United States,A,Annual,D1B_I,Individuals using the internet for accessing social networking sites - last 3 m,PT_POP,Percentage of population,_Z,Not applicable,Y16T74,From 16 to 74 years,_T,Total,_T,Total,_T,Total,STUD,Students,2021,,72.12,,D,Definition differs,,,,,0,Units,,,2,Two,STUD,Students aged 16-74
DATAFLOW,OECD.STI.DEP:DSD_ICT_HH_IND@DF_IND(1.1),ICT Access and Usage by Individuals,I,USA,United States,A,Annual,D1B_I,Individuals using the internet for accessing social networking sites - last 3 m,PT_POP,Percentage of population,_Z,Not applicable,Y16T74,From 16 to 74 years,_T,Total,_T,Total,_T,Total,STUD,Students,2015,,68.83058,,D,Definition differs,,,,,0,Units,,,2,Two,STUD,Students aged 16-74
DATAFLOW,OECD.STI.DEP:DSD_ICT_HH_IND@DF_IND(1.1),ICT Access and Usage by Individuals,I,USA,United States,A,Annual,D1B_I,Individuals using the internet for accessing social networking sites - last 3 m,PT_POP,Percentage of population,_Z,Not applicable,Y16T74,From 16 to 74 years,_T,Total,_T,Total,_T,Total,STUD,Students,2017,,73.29693,,D,Definition differs,,,,,0,Units,,,2,Two,STUD,Students aged 16-74
DATAFLOW,OECD.STI.DEP:DSD_ICT_HH_IND@DF_IND(1.1),ICT Access and Usage by Individuals,I,USA,United States,A,Annual,D1B_I,Individuals using the internet for accessing social networking sites - last 3 m,PT_POP,Percentage of population,_Z,Not applicable,Y16T74,From 16 to 74 years,_T,Total,_T,Total,_T,Total,STUD,Students,2019,,72.13,,D,Definition differs,,,,,0,Units,,,2,Two,STUD,Students aged 16-74
DATAFLOW,OECD.STI.DEP:DSD_ICT_HH_IND@DF_IND(1.1),ICT Access and Usage by Individuals,I,USA,United States,A,Annual,D1B_I,Individuals using the internet for accessing social networking sites - last 3 m,PT_POP,Percentage of population,_Z,Not applicable,Y16T74,From 16 to 74 years,_T,Total,_T,Total,_T,Total,STUD,Students,2023,,74.51,,D,Definition differs,,,,,0,Units,,,2,Two,STUD,Students aged 16-74
DATAFLOW,OECD.STI.DEP:DSD_ICT_HH_IND@DF_IND(1.1),ICT Access and Usage by Individuals,I,KOR,Korea,A,Annual,D1B_I,Individuals using the internet for accessing social networking sites - last 3 m,PT_POP,Percentage of population,_Z,Not applicable,Y16T74,From 16 to 74 years,_T,Total,_T,Total,_T,Total,STUD,Students,2011,,98.4,,D,Definition differs,,,,,0,Units,,,2,Two,STUD,Students aged 16-74
DATAFLOW,OECD.STI.DEP:DSD_ICT_HH_IND@DF_IND(1.1),ICT Access and Usage by Individuals,I,KOR,Korea,A,Annual,D1B_I,Individuals using the internet for accessing social networking sites - last 3 m,PT_POP,Percentage of population,_Z,Not applicable,Y16T74,From 16 to 74 years,_T,Total,_T,Total,_T,Total,STUD,Students,2012,,98.435603,,D,Definition differs,,,,,0,Units,,,2,Two,STUD,Students aged 16-74
DATAFLOW,OECD.STI.DEP:DSD_ICT_HH_IND@DF_IND(1.1),ICT Access and Usage by Individuals,I,KOR,Korea,A,Annual,D1B_I,Individuals using the internet for accessing social networking sites - last 3 m,PT_POP,Percentage of population,_Z,Not applicable,Y16T74,From 16 to 74 years,_T,Total,_T,Total,_T,Total,STUD,Students,2013,,83.44580135,,D,Definition differs,,,,,0,Units,,,2,Two,STUD,Students aged 16-74
DATAFLOW,OECD.STI.DEP:DSD_ICT_HH_IND@DF_IND(1.1),ICT Access and Usage by Individuals,I,KOR,Korea,A,Annual,D1B_I,Individuals using the internet for accessing social networking sites - last 3 m,PT_POP,Percentage of population,_Z,Not applicable,Y16T74,From 16 to 74 years,_T,Total,_T,Total,_T,Total,STUD,Students,2014,,86.00196167,,D,Definition differs,,,,,0,Units,,,2,Two,STUD,Students aged 16-74
DATAFLOW,OECD.STI.DEP:DSD_ICT_HH_IND@DF_IND(1.1),ICT Access and Usage by Individuals,I,KOR,Korea,A,Annual,D1B_I,Individuals using the internet for accessing social networking sites - last 3 m,PT_POP,Percentage of population,_Z,Not applicable,Y16T74,From 16 to 74 years,_T,Total,_T,Total,_T,Total,STUD,Students,2015,,87.40251994,,D,Definition differs,,,,,0,Units,,,2,Two,STUD,Students aged 16-74
DATAFLOW,OECD.STI.DEP:DSD_ICT_HH_IND@DF_IND(1.1),ICT Access and Usage by Individuals,I,KOR,Korea,A,Annual,D1B_I,Individuals using the internet for accessing social networking sites - last 3 m,PT_POP,Percentage of population,_Z,Not applicable,Y16T74,From 16 to 74 years,_T,Total,_T,Total,_T,Total,STUD,Students,2016,,87.35546615,,D,Definition differs,,,,,0,Units,,,2,Two,STUD,Students aged 16-74
DATAFLOW,OECD.STI.DEP:DSD_ICT_HH_IND@DF_IND(1.1),ICT Access and Usage by Individuals,I,KOR,Korea,A,Annual,D1B_I,Individuals using the internet for accessing social networking sites - last 3 m,PT_POP,Percentage of population,_Z,Not applicable,Y16T74,From 16 to 74 years,_T,Total,_T,Total,_T,Total,STUD,Students,2017,,91.47353475,,D,Definition differs,,,,,0,Units,,,2,Two,STUD,Students aged 16-74
DATAFLOW,OECD.STI.DEP:DSD_ICT_HH_IND@DF_IND(1.1),ICT Access and Usage by Individuals,I,KOR,Korea,A,Annual,D1B_I,Individuals using the internet for accessing social networking sites - last 3 m,PT_POP,Percentage of population,_Z,Not applicable,Y16T74,From 16 to 74 years,_T,Total,_T,Total,_T,Total,STUD,Students,2018,,88.24770274,,D,Definition differs,,,,,0,Units,,,2,Two,STUD,Students aged 16-74
DATAFLOW,OECD.STI.DEP:DSD_ICT_HH_IND@DF_IND(1.1),ICT Access and Usage by Individuals,I,KOR,Korea,A,Annual,D1B_I,Individuals using the internet for accessing social networking sites - last 3 m,PT_POP,Percentage of population,_Z,Not applicable,Y16T74,From 16 to 74 years,_T,Total,_T,Total,_T,Total,STUD,Students,2019,,84.36940324,,D,Definition differs,,,,,0,Units,,,2,Two,STUD,Students aged 16-74
DATAFLOW,OECD.STI.DEP:DSD_ICT_HH_IND@DF_IND(1.1),ICT Access and Usage by Individuals,I,KOR,Korea,A,Annual,D1B_I,Individuals using the internet for accessing social networking sites - last 3 m,PT_POP,Percentage of population,_Z,Not applicable,Y16T74,From 16 to 74 years,_T,Total,_T,Total,_T,Total,STUD,Students,2020,,87.82049702,,D,Definition differs,,,,,0,Units,,,2,Two,STUD,Students aged 16-74
DATAFLOW,OECD.STI.DEP:DSD_ICT_HH_IND@DF_IND(1.1),ICT Access and Usage by Individuals,I,USA,United States,A,Annual,D1B_I,Individuals using the internet for accessing social networking sites - last 3 m,PT_POP,Percentage of population,_Z,Not applicable,Y16T74,From 16 to 74 years,_T,Total,_T,Total,_T,Total,UNE,Unemployed,2015,,59.972256,,D,Definition differs,,,,,0,Units,,,2,Two,UNE,Unemployed aged 16-74
DATAFLOW,OECD.STI.DEP:DSD_ICT_HH_IND@DF_IND(1.1),ICT Access and Usage by Individuals,I,USA,United States,A,Annual,D1B_I,Individuals using the internet for accessing social networking sites - last 3 m,PT_POP,Percentage of population,_Z,Not applicable,Y16T74,From 16 to 74 years,_T,Total,_T,Total,_T,Total,UNE,Unemployed,2017,,63.940192,,D,Definition differs,,,,,0,Units,,,2,Two,UNE,Unemployed aged 16-74
DATAFLOW,OECD.STI.DEP:DSD_ICT_HH_IND@DF_IND(1.1),ICT Access and Usage by Individuals,I,USA,United States,A,Annual,D1B_I,Individuals using the internet for accessing social networking sites - last 3 m,PT_POP,Percentage of population,_Z,Not applicable,Y16T74,From 16 to 74 years,_T,Total,_T,Total,_T,Total,UNE,Unemployed,2019,,66.34,,D,Definition differs,,,,,0,Units,,,2,Two,UNE,Unemployed aged 16-74
DATAFLOW,OECD.STI.DEP:DSD_ICT_HH_IND@DF_IND(1.1),ICT Access and Usage by Individuals,I,USA,United States,A,Annual,D1B_I,Individuals using the internet for accessing social networking sites - last 3 m,PT_POP,Percentage of population,_Z,Not applicable,Y16T74,From 16 to 74 years,_T,Total,_T,Total,_T,Total,UNE,Unemployed,2023,,69.27,,D,Definition differs,,,,,0,Units,,,2,Two,UNE,Unemployed aged 16-74
DATAFLOW,OECD.STI.DEP:DSD_ICT_HH_IND@DF_IND(1.1),ICT Access and Usage by Individuals,I,KOR,Korea,A,Annual,D1B_I,Individuals using the internet for accessing social networking sites - last 3 m,PT_POP,Percentage of population,_Z,Not applicable,Y16T74,From 16 to 74 years,_T,Total,_T,Total,_T,Total,UNE,Unemployed,2011,,29.6,,D,Definition differs,,,,,0,Units,,,2,Two,UNE,Unemployed aged 16-74
DATAFLOW,OECD.STI.DEP:DSD_ICT_HH_IND@DF_IND(1.1),ICT Access and Usage by Individuals,I,KOR,Korea,A,Annual,D1B_I,Individuals using the internet for accessing social networking sites - last 3 m,PT_POP,Percentage of population,_Z,Not applicable,Y16T74,From 16 to 74 years,_T,Total,_T,Total,_T,Total,UNE,Unemployed,2012,,45.0958143,,D,Definition differs,,,,,0,Units,,,2,Two,UNE,Unemployed aged 16-74
DATAFLOW,OECD.STI.DEP:DSD_ICT_HH_IND@DF_IND(1.1),ICT Access and Usage by Individuals,I,KOR,Korea,A,Annual,D1B_I,Individuals using the internet for accessing social networking sites - last 3 m,PT_POP,Percentage of population,_Z,Not applicable,Y16T74,From 16 to 74 years,_T,Total,_T,Total,_T,Total,UNE,Unemployed,2013,,56.99953301,,D,Definition differs,,,,,0,Units,,,2,Two,UNE,Unemployed aged 16-74
DATAFLOW,OECD.STI.DEP:DSD_ICT_HH_IND@DF_IND(1.1),ICT Access and Usage by Individuals,I,KOR,Korea,A,Annual,D1B_I,Individuals using the internet for accessing social networking sites - last 3 m,PT_POP,Percentage of population,_Z,Not applicable,Y16T74,From 16 to 74 years,_T,Total,_T,Total,_T,Total,UNE,Unemployed,2014,,60.92655535,,D,Definition differs,,,,,0,Units,,,2,Two,UNE,Unemployed aged 16-74
DATAFLOW,OECD.STI.DEP:DSD_ICT_HH_IND@DF_IND(1.1),ICT Access and Usage by Individuals,I,KOR,Korea,A,Annual,D1B_I,Individuals using the internet for accessing social networking sites - last 3 m,PT_POP,Percentage of population,_Z,Not applicable,Y16T74,From 16 to 74 years,_T,Total,_T,Total,_T,Total,UNE,Unemployed,2015,,68.93341244,,D,Definition differs,,,,,0,Units,,,2,Two,UNE,Unemployed aged 16-74
DATAFLOW,OECD.STI.DEP:DSD_ICT_HH_IND@DF_IND(1.1),ICT Access and Usage by Individuals,I,KOR,Korea,A,Annual,D1B_I,Individuals using the internet for accessing social networking sites - last 3 m,PT_POP,Percentage of population,_Z,Not applicable,Y16T74,From 16 to 74 years,_T,Total,_T,Total,_T,Total,UNE,Unemployed,2016,,70.18952119,,D,Definition differs,,,,,0,Units,,,2,Two,UNE,Unemployed aged 16-74
DATAFLOW,OECD.STI.DEP:DSD_ICT_HH_IND@DF_IND(1.1),ICT Access and Usage by Individuals,I,KOR,Korea,A,Annual,D1B_I,Individuals using the internet for accessing social networking sites - last 3 m,PT_POP,Percentage of population,_Z,Not applicable,Y16T74,From 16 to 74 years,_T,Total,_T,Total,_T,Total,UNE,Unemployed,2017,,73.37162334,,D,Definition differs,,,,,0,Units,,,2,Two,UNE,Unemployed aged 16-74
DATAFLOW,OECD.STI.DEP:DSD_ICT_HH_IND@DF_IND(1.1),ICT Access and Usage by Individuals,I,KOR,Korea,A,Annual,D1B_I,Individuals using the internet for accessing social networking sites - last 3 m,PT_POP,Percentage of population,_Z,Not applicable,Y16T74,From 16 to 74 years,_T,Total,_T,Total,_T,Total,UNE,Unemployed,2018,,49.81647693,,D,Definition differs,,,,,0,Units,,,2,Two,UNE,Unemployed aged 16-74
DATAFLOW,OECD.STI.DEP:DSD_ICT_HH_IND@DF_IND(1.1),ICT Access and Usage by Individuals,I,KOR,Korea,A,Annual,D1B_I,Individuals using the internet for accessing social networking sites - last 3 m,PT_POP,Percentage of population,_Z,Not applicable,Y16T74,From 16 to 74 years,_T,Total,_T,Total,_T,Total,UNE,Unemployed,2019,,35.49278528,,D,Definition differs,,,,,0,Units,,,2,Two,UNE,Unemployed aged 16-74
DATAFLOW,OECD.STI.DEP:DSD_ICT_HH_IND@DF_IND(1.1),ICT Access and Usage by Individuals,I,KOR,Korea,A,Annual,D1B_I,Individuals using the internet for accessing social networking sites - last 3 m,PT_POP,Percentage of population,_Z,Not applicable,Y16T74,From 16 to 74 years,_T,Total,_T,Total,_T,Total,UNE,Unemployed,2020,,36.74275313,,D,Definition differs,,,,,0,Units,,,2,Two,UNE,Unemployed aged 16-74
DATAFLOW,OECD.STI.DEP:DSD_ICT_HH_IND@DF_IND(1.1),ICT Access and Usage by Individuals,I,USA,United States,A,Annual,D1B_I,Individuals using the internet for accessing social networking sites - last 3 m,PT_POP,Percentage of population,_Z,Not applicable,Y16T74,From 16 to 74 years,_T,Total,_T,Total,_T,Total,UNE,Unemployed,2021,,67.8,,D,Definition differs,,,,,0,Units,,,2,Two,UNE,Unemployed aged 16-74
DATAFLOW,OECD.STI.DEP:DSD_ICT_HH_IND@DF_IND(1.1),ICT Access and Usage by Individuals,I,KOR,Korea,A,Annual,D1B_I,Individuals using the internet for accessing social networking sites - last 3 m,PT_POP,Percentage of population,_Z,Not applicable,Y16T74,From 16 to 74 years,_T,Total,_T,Total,_T,Total,UNE,Unemployed,2022,,74.38579686,,A,Normal value,,,,,0,Units,,,2,Two,UNE,Unemployed aged 16-74
DATAFLOW,OECD.STI.DEP:DSD_ICT_HH_IND@DF_IND(1.1),ICT Access and Usage by Individuals,I,KOR,Korea,A,Annual,D1B_I,Individuals using the internet for accessing social networking sites - last 3 m,PT_POP,Percentage of population,_Z,Not applicable,Y16T74,From 16 to 74 years,_T,Total,_T,Total,_T,Total,UNE,Unemployed,2024,,70.95951167995806,,A,Normal value,,,,,0,Units,,,2,Two,UNE,Unemployed aged 16-74
DATAFLOW,OECD.STI.DEP:DSD_ICT_HH_IND@DF_IND(1.1),ICT Access and Usage by Individuals,I,KOR,Korea,A,Annual,D1B_I,Individuals using the internet for accessing social networking sites - last 3 m,PT_POP,Percentage of population,_Z,Not applicable,Y16T74,From 16 to 74 years,_T,Total,_T,Total,_T,Total,UNE,Unemployed,2021,,77.73687832,,A,Normal value,,,,,0,Units,,,2,Two,UNE,Unemployed aged 16-74
DATAFLOW,OECD.STI.DEP:DSD_ICT_HH_IND@DF_IND(1.1),ICT Access and Usage by Individuals,I,KOR,Korea,A,Annual,D1B_I,Individuals using the internet for accessing social networking sites - last 3 m,PT_POP,Percentage of population,_Z,Not applicable,Y16T74,From 16 to 74 years,_T,Total,_T,Total,_T,Total,UNE,Unemployed,2023,,69.47100269,,A,Normal value,,,,,0,Units,,,2,Two,UNE,Unemployed aged 16-74
DATAFLOW,OECD.STI.DEP:DSD_ICT_HH_IND@DF_IND(1.1),ICT Access and Usage by Individuals,I,KOR,Korea,A,Annual,D1B_I,Individuals using the internet for accessing social networking sites - last 3 m,PT_POP,Percentage of population,_Z,Not applicable,Y16T74,From 16 to 74 years,_T,Total,_T,Total,_T,Total,RETIR_OTHER,Retired and other inactive,2022,,50.46975832,,A,Normal value,,,,,0,Units,,,2,Two,RETIR_OTHER,Retired and other inactive aged 16-74
DATAFLOW,OECD.STI.DEP:DSD_ICT_HH_IND@DF_IND(1.1),ICT Access and Usage by Individuals,I,KOR,Korea,A,Annual,D1B_I,Individuals using the internet for accessing social networking sites - last 3 m,PT_POP,Percentage of population,_Z,Not applicable,Y16T74,From 16 to 74 years,_T,Total,_T,Total,_T,Total,RETIR_OTHER,Retired and other inactive,2021,,50.74764495,,A,Normal value,,,,,0,Units,,,2,Two,RETIR_OTHER,Retired and other inactive aged 16-74
DATAFLOW,OECD.STI.DEP:DSD_ICT_HH_IND@DF_IND(1.1),ICT Access and Usage by Individuals,I,KOR,Korea,A,Annual,D1B_I,Individuals using the internet for accessing social networking sites - last 3 m,PT_POP,Percentage of population,_Z,Not applicable,Y16T74,From 16 to 74 years,_T,Total,_T,Total,_T,Total,RETIR_OTHER,Retired and other inactive,2024,,44.831078164247415,,A,Normal value,,,,,0,Units,,,2,Two,RETIR_OTHER,Retired and other inactive aged 16-74
DATAFLOW,OECD.STI.DEP:DSD_ICT_HH_IND@DF_IND(1.1),ICT Access and Usage by Individuals,I,KOR,Korea,A,Annual,D1B_I,Individuals using the internet for accessing social networking sites - last 3 m,PT_POP,Percentage of population,_Z,Not applicable,Y16T74,From 16 to 74 years,_T,Total,_T,Total,_T,Total,RETIR_OTHER,Retired and other inactive,2023,,45.38707857,,A,Normal value,,,,,0,Units,,,2,Two,RETIR_OTHER,Retired and other inactive aged 16-74
DATAFLOW,OECD.STI.DEP:DSD_ICT_HH_IND@DF_IND(1.1),ICT Access and Usage by Individuals,I,KOR,Korea,A,Annual,D1B_I,Individuals using the internet for accessing social networking sites - last 3 m,PT_POP,Percentage of population,_Z,Not applicable,Y16T74,From 16 to 74 years,_T,Total,_T,Total,_T,Total,SAL_SELF_FAM,"Employees, Self-employed and family workers",2022,,71.276277,,A,Normal value,,,,,0,Units,,,2,Two,SAL_SELF_FAM,"""Employees, Self-employed and family workers aged 16-74"""
DATAFLOW,OECD.STI.DEP:DSD_ICT_HH_IND@DF_IND(1.1),ICT Access and Usage by Individuals,I,KOR,Korea,A,Annual,D1B_I,Individuals using the internet for accessing social networking sites - last 3 m,PT_POP,Percentage of population,_Z,Not applicable,Y16T74,From 16 to 74 years,_T,Total,_T,Total,_T,Total,SAL_SELF_FAM,"Employees, Self-employed and family workers",2021,,70.51336949,,A,Normal value,,,,,0,Units,,,2,Two,SAL_SELF_FAM,"""Employees, Self-employed and family workers aged 16-74"""
DATAFLOW,OECD.STI.DEP:DSD_ICT_HH_IND@DF_IND(1.1),ICT Access and Usage by Individuals,I,KOR,Korea,A,Annual,D1B_I,Individuals using the internet for accessing social networking sites - last 3 m,PT_POP,Percentage of population,_Z,Not applicable,Y16T74,From 16 to 74 years,_T,Total,_T,Total,_T,Total,SAL_SELF_FAM,"Employees, Self-employed and family workers",2024,,67.86063579536892,,A,Normal value,,,,,0,Units,,,2,Two,SAL_SELF_FAM,"""Employees, Self-employed and family workers aged 16-74"""
DATAFLOW,OECD.STI.DEP:DSD_ICT_HH_IND@DF_IND(1.1),ICT Access and Usage by Individuals,I,KOR,Korea,A,Annual,D1B_I,Individuals using the internet for accessing social networking sites - last 3 m,PT_POP,Percentage of population,_Z,Not applicable,Y16T74,From 16 to 74 years,_T,Total,_T,Total,_T,Total,SAL_SELF_FAM,"Employees, Self-employed and family workers",2023,,68.08518612,,A,Normal value,,,,,0,Units,,,2,Two,SAL_SELF_FAM,"""Employees, Self-employed and family workers aged 16-74"""
DATAFLOW,OECD.STI.DEP:DSD_ICT_HH_IND@DF_IND(1.1),ICT Access and Usage by Individuals,I,KOR,Korea,A,Annual,D1B_I,Individuals using the internet for accessing social networking sites - last 3 m,PT_POP,Percentage of population,_Z,Not applicable,Y16T74,From 16 to 74 years,_T,Total,_T,Total,_T,Total,STUD,Students,2023,,89.01964528,,A,Normal value,,,,,0,Units,,,2,Two,STUD,Students aged 16-74
DATAFLOW,OECD.STI.DEP:DSD_ICT_HH_IND@DF_IND(1.1),ICT Access and Usage by Individuals,I,KOR,Korea,A,Annual,D1B_I,Individuals using the internet for accessing social networking sites - last 3 m,PT_POP,Percentage of population,_Z,Not applicable,Y16T74,From 16 to 74 years,_T,Total,_T,Total,_T,Total,STUD,Students,2024,,87.87816901929175,,A,Normal value,,,,,0,Units,,,2,Two,STUD,Students aged 16-74
DATAFLOW,OECD.STI.DEP:DSD_ICT_HH_IND@DF_IND(1.1),ICT Access and Usage by Individuals,I,KOR,Korea,A,Annual,D1B_I,Individuals using the internet for accessing social networking sites - last 3 m,PT_POP,Percentage of population,_Z,Not applicable,Y16T74,From 16 to 74 years,_T,Total,_T,Total,_T,Total,STUD,Students,2021,,92.03096766,,A,Normal value,,,,,0,Units,,,2,Two,STUD,Students aged 16-74
DATAFLOW,OECD.STI.DEP:DSD_ICT_HH_IND@DF_IND(1.1),ICT Access and Usage by Individuals,I,KOR,Korea,A,Annual,D1B_I,Individuals using the internet for accessing social networking sites - last 3 m,PT_POP,Percentage of population,_Z,Not applicable,Y16T74,From 16 to 74 years,_T,Total,_T,Total,_T,Total,STUD,Students,2022,,88.92883301,,A,Normal value,,,,,0,Units,,,2,Two,STUD,Students aged 16-74
DATAFLOW,OECD.STI.DEP:DSD_ICT_HH_IND@DF_IND(1.1),ICT Access and Usage by Individuals,I,USA,United States,A,Annual,D1B_I,Individuals using the internet for accessing social networking sites - last 3 m,PT_POP,Percentage of population,_Z,Not applicable,Y16T74,From 16 to 74 years,_T,Total,_T,Total,IND_QNT5,Individuals living in a household with income in fifth quintile,_T,Total,2023,,72.49,,D,Definition differs,,,,,0,Units,,,2,Two,IND_QNT5,Individual living in a household with income in fifth quintile
DATAFLOW,OECD.STI.DEP:DSD_ICT_HH_IND@DF_IND(1.1),ICT Access and Usage by Individuals,I,USA,United States,A,Annual,D1B_I,Individuals using the internet for accessing social networking sites - last 3 m,PT_POP,Percentage of population,_Z,Not applicable,Y16T74,From 16 to 74 years,_T,Total,_T,Total,IND_QNT3,Individuals living in a household with income in third quintile,_T,Total,2023,,69.96,,D,Definition differs,,,,,0,Units,,,2,Two,IND_QNT3,Individual living in a household with income in third quintile
DATAFLOW,OECD.STI.DEP:DSD_ICT_HH_IND@DF_IND(1.1),ICT Access and Usage by Individuals,I,USA,United States,A,Annual,D1B_I,Individuals using the internet for accessing social networking sites - last 3 m,PT_POP,Percentage of population,_Z,Not applicable,Y16T74,From 16 to 74 years,_T,Total,_T,Total,IND_QNT2,Individuals living in a household with income in second quintile,_T,Total,2023,,65.88,,D,Definition differs,,,,,0,Units,,,2,Two,IND_QNT2,Individual living in a household with income in second quintile
DATAFLOW,OECD.STI.DEP:DSD_ICT_HH_IND@DF_IND(1.1),ICT Access and Usage by Individuals,I,USA,United States,A,Annual,D1B_I,Individuals using the internet for accessing social networking sites - last 3 m,PT_POP,Percentage of population,_Z,Not applicable,Y16T74,From 16 to 74 years,_T,Total,_T,Total,IND_QNT4,Individuals living in a household with income in fourth quintile,_T,Total,2023,,72.36,,D,Definition differs,,,,,0,Units,,,2,Two,IND_QNT4,Individual living in a household with income in fourth quintile
DATAFLOW,OECD.STI.DEP:DSD_ICT_HH_IND@DF_IND(1.1),ICT Access and Usage by Individuals,I,USA,United States,A,Annual,D1B_I,Individuals using the internet for accessing social networking sites - last 3 m,PT_POP,Percentage of population,_Z,Not applicable,Y16T74,From 16 to 74 years,_T,Total,_T,Total,IND_QNT1,Individuals living in a household with income in first quintile,_T,Total,2023,,58.94,,D,Definition differs,,,,,0,Units,,,2,Two,IND_QNT1,Individual living in a household with income in first quintile
DATAFLOW,OECD.STI.DEP:DSD_ICT_HH_IND@DF_IND(1.1),ICT Access and Usage by Individuals,I,USA,United States,A,Annual,D1B_I,Individuals using the internet for accessing social networking sites - last 3 m,PT_POP,Percentage of population,_Z,Not applicable,Y16T74,From 16 to 74 years,_T,Total,_T,Total,IND_Q4,Individuals living in a household with income in fourth quartile,_T,Total,2015,,66.108206,,D,Definition differs,,,,,0,Units,,,2,Two,IND_Q4,Individual living in a household with income in fourth quartile
DATAFLOW,OECD.STI.DEP:DSD_ICT_HH_IND@DF_IND(1.1),ICT Access and Usage by Individuals,I,USA,United States,A,Annual,D1B_I,Individuals using the internet for accessing social networking sites - last 3 m,PT_POP,Percentage of population,_Z,Not applicable,Y16T74,From 16 to 74 years,_T,Total,_T,Total,IND_Q2,Individuals living in a household with income in second quartile,_T,Total,2015,,55.047104,,D,Definition differs,,,,,0,Units,,,2,Two,IND_Q2,Individual living in a household with income in second quartile
DATAFLOW,OECD.STI.DEP:DSD_ICT_HH_IND@DF_IND(1.1),ICT Access and Usage by Individuals,I,USA,United States,A,Annual,D1B_I,Individuals using the internet for accessing social networking sites - last 3 m,PT_POP,Percentage of population,_Z,Not applicable,Y16T74,From 16 to 74 years,_T,Total,_T,Total,IND_Q1,Individuals living in a household with income in first quartile,_T,Total,2015,,44.395587,,D,Definition differs,,,,,0,Units,,,2,Two,IND_Q1,Individual living in a household with income in first quartile
DATAFLOW,OECD.STI.DEP:DSD_ICT_HH_IND@DF_IND(1.1),ICT Access and Usage by Individuals,I,USA,United States,A,Annual,D1B_I,Individuals using the internet for accessing social networking sites - last 3 m,PT_POP,Percentage of population,_Z,Not applicable,Y16T74,From 16 to 74 years,_T,Total,_T,Total,IND_Q3,Individuals living in a household with income in third quartile,_T,Total,2015,,62.2485,,D,Definition differs,,,,,0,Units,,,2,Two,IND_Q3,Individual living in a household with income in third quartile
DATAFLOW,OECD.STI.DEP:DSD_ICT_HH_IND@DF_IND(1.1),ICT Access and Usage by Individuals,I,USA,United States,A,Annual,D1B_I,Individuals using the internet for accessing social networking sites - last 3 m,PT_POP,Percentage of population,_Z,Not applicable,Y16T74,From 16 to 74 years,_T,Total,_T,Total,IND_Q4,Individuals living in a household with income in fourth quartile,_T,Total,2019,,69.61,,D,Definition differs,,,,,0,Units,,,2,Two,IND_Q4,Individual living in a household with income in fourth quartile
DATAFLOW,OECD.STI.DEP:DSD_ICT_HH_IND@DF_IND(1.1),ICT Access and Usage by Individuals,I,USA,United States,A,Annual,D1B_I,Individuals using the internet for accessing social networking sites - last 3 m,PT_POP,Percentage of population,_Z,Not applicable,Y16T74,From 16 to 74 years,_T,Total,_T,Total,IND_QNT5,Individuals living in a household with income in fifth quintile,_T,Total,2019,,70.72,,D,Definition differs,,,,,0,Units,,,2,Two,IND_QNT5,Individual living in a household with income in fifth quintile
DATAFLOW,OECD.STI.DEP:DSD_ICT_HH_IND@DF_IND(1.1),ICT Access and Usage by Individuals,I,USA,United States,A,Annual,D1B_I,Individuals using the internet for accessing social networking sites - last 3 m,PT_POP,Percentage of population,_Z,Not applicable,Y16T74,From 16 to 74 years,_T,Total,_T,Total,IND_QNT3,Individuals living in a household with income in third quintile,_T,Total,2019,,64.36,,D,Definition differs,,,,,0,Units,,,2,Two,IND_QNT3,Individual living in a household with income in third quintile
DATAFLOW,OECD.STI.DEP:DSD_ICT_HH_IND@DF_IND(1.1),ICT Access and Usage by Individuals,I,USA,United States,A,Annual,D1B_I,Individuals using the internet for accessing social networking sites - last 3 m,PT_POP,Percentage of population,_Z,Not applicable,Y16T74,From 16 to 74 years,_T,Total,_T,Total,IND_Q2,Individuals living in a household with income in second quartile,_T,Total,2019,,60.78,,D,Definition differs,,,,,0,Units,,,2,Two,IND_Q2,Individual living in a household with income in second quartile
DATAFLOW,OECD.STI.DEP:DSD_ICT_HH_IND@DF_IND(1.1),ICT Access and Usage by Individuals,I,USA,United States,A,Annual,D1B_I,Individuals using the internet for accessing social networking sites - last 3 m,PT_POP,Percentage of population,_Z,Not applicable,Y16T74,From 16 to 74 years,_T,Total,_T,Total,IND_QNT2,Individuals living in a household with income in second quintile,_T,Total,2019,,59.69,,D,Definition differs,,,,,0,Units,,,2,Two,IND_QNT2,Individual living in a household with income in second quintile
DATAFLOW,OECD.STI.DEP:DSD_ICT_HH_IND@DF_IND(1.1),ICT Access and Usage by Individuals,I,USA,United States,A,Annual,D1B_I,Individuals using the internet for accessing social networking sites - last 3 m,PT_POP,Percentage of population,_Z,Not applicable,Y16T74,From 16 to 74 years,_T,Total,_T,Total,IND_QNT4,Individuals living in a household with income in fourth quintile,_T,Total,2019,,67.44,,D,Definition differs,,,,,0,Units,,,2,Two,IND_QNT4,Individual living in a household with income in fourth quintile
DATAFLOW,OECD.STI.DEP:DSD_ICT_HH_IND@DF_IND(1.1),ICT Access and Usage by Individuals,I,USA,United States,A,Annual,D1B_I,Individuals using the internet for accessing social networking sites - last 3 m,PT_POP,Percentage of population,_Z,Not applicable,Y16T74,From 16 to 74 years,_T,Total,_T,Total,IND_Q1,Individuals living in a household with income in first quartile,_T,Total,2019,,51.2,,D,Definition differs,,,,,0,Units,,,2,Two,IND_Q1,Individual living in a household with income in first quartile
DATAFLOW,OECD.STI.DEP:DSD_ICT_HH_IND@DF_IND(1.1),ICT Access and Usage by Individuals,I,USA,United States,A,Annual,D1B_I,Individuals using the internet for accessing social networking sites - last 3 m,PT_POP,Percentage of population,_Z,Not applicable,Y16T74,From 16 to 74 years,_T,Total,_T,Total,IND_Q3,Individuals living in a household with income in third quartile,_T,Total,2019,,65.83,,D,Definition differs,,,,,0,Units,,,2,Two,IND_Q3,Individual living in a household with income in third quartile
DATAFLOW,OECD.STI.DEP:DSD_ICT_HH_IND@DF_IND(1.1),ICT Access and Usage by Individuals,I,USA,United States,A,Annual,D1B_I,Individuals using the internet for accessing social networking sites - last 3 m,PT_POP,Percentage of population,_Z,Not applicable,Y16T74,From 16 to 74 years,_T,Total,_T,Total,IND_QNT1,Individuals living in a household with income in first quintile,_T,Total,2019,,51.2,,D,Definition differs,,,,,0,Units,,,2,Two,IND_QNT1,Individual living in a household with income in first quintile
DATAFLOW,OECD.STI.DEP:DSD_ICT_HH_IND@DF_IND(1.1),ICT Access and Usage by Individuals,I,USA,United States,A,Annual,D1B_I,Individuals using the internet for accessing social networking sites - last 3 m,PT_POP,Percentage of population,_Z,Not applicable,Y16T74,From 16 to 74 years,_T,Total,_T,Total,IND_QNT1,Individuals living in a household with income in first quintile,_T,Total,2017,,48.61,,D,Definition differs,,,,,0,Units,,,2,Two,IND_QNT1,Individual living in a household with income in first quintile
DATAFLOW,OECD.STI.DEP:DSD_ICT_HH_IND@DF_IND(1.1),ICT Access and Usage by Individuals,I,USA,United States,A,Annual,D1B_I,Individuals using the internet for accessing social networking sites - last 3 m,PT_POP,Percentage of population,_Z,Not applicable,Y16T74,From 16 to 74 years,_T,Total,_T,Total,IND_Q3,Individuals living in a household with income in third quartile,_T,Total,2017,,66.694734,,D,Definition differs,,,,,0,Units,,,2,Two,IND_Q3,Individual living in a household with income in third quartile
DATAFLOW,OECD.STI.DEP:DSD_ICT_HH_IND@DF_IND(1.1),ICT Access and Usage by Individuals,I,USA,United States,A,Annual,D1B_I,Individuals using the internet for accessing social networking sites - last 3 m,PT_POP,Percentage of population,_Z,Not applicable,Y16T74,From 16 to 74 years,_T,Total,_T,Total,IND_Q1,Individuals living in a household with income in first quartile,_T,Total,2017,,50.164908,,D,Definition differs,,,,,0,Units,,,2,Two,IND_Q1,Individual living in a household with income in first quartile
DATAFLOW,OECD.STI.DEP:DSD_ICT_HH_IND@DF_IND(1.1),ICT Access and Usage by Individuals,I,USA,United States,A,Annual,D1B_I,Individuals using the internet for accessing social networking sites - last 3 m,PT_POP,Percentage of population,_Z,Not applicable,Y16T74,From 16 to 74 years,_T,Total,_T,Total,IND_QNT4,Individuals living in a household with income in fourth quintile,_T,Total,2017,,68.93,,D,Definition differs,,,,,0,Units,,,2,Two,IND_QNT4,Individual living in a household with income in fourth quintile
DATAFLOW,OECD.STI.DEP:DSD_ICT_HH_IND@DF_IND(1.1),ICT Access and Usage by Individuals,I,USA,United States,A,Annual,D1B_I,Individuals using the internet for accessing social networking sites - last 3 m,PT_POP,Percentage of population,_Z,Not applicable,Y16T74,From 16 to 74 years,_T,Total,_T,Total,IND_QNT2,Individuals living in a household with income in second quintile,_T,Total,2017,,58.25,,D,Definition differs,,,,,0,Units,,,2,Two,IND_QNT2,Individual living in a household with income in second quintile
DATAFLOW,OECD.STI.DEP:DSD_ICT_HH_IND@DF_IND(1.1),ICT Access and Usage by Individuals,I,USA,United States,A,Annual,D1B_I,Individuals using the internet for accessing social networking sites - last 3 m,PT_POP,Percentage of population,_Z,Not applicable,Y16T74,From 16 to 74 years,_T,Total,_T,Total,IND_Q2,Individuals living in a household with income in second quartile,_T,Total,2017,,60.4232,,D,Definition differs,,,,,0,Units,,,2,Two,IND_Q2,Individual living in a household with income in second quartile
DATAFLOW,OECD.STI.DEP:DSD_ICT_HH_IND@DF_IND(1.1),ICT Access and Usage by Individuals,I,USA,United States,A,Annual,D1B_I,Individuals using the internet for accessing social networking sites - last 3 m,PT_POP,Percentage of population,_Z,Not applicable,Y16T74,From 16 to 74 years,_T,Total,_T,Total,IND_QNT3,Individuals living in a household with income in third quintile,_T,Total,2017,,64.82,,D,Definition differs,,,,,0,Units,,,2,Two,IND_QNT3,Individual living in a household with income in third quintile
DATAFLOW,OECD.STI.DEP:DSD_ICT_HH_IND@DF_IND(1.1),ICT Access and Usage by Individuals,I,USA,United States,A,Annual,D1B_I,Individuals using the internet for accessing social networking sites - last 3 m,PT_POP,Percentage of population,_Z,Not applicable,Y16T74,From 16 to 74 years,_T,Total,_T,Total,IND_QNT5,Individuals living in a household with income in fifth quintile,_T,Total,2017,,70.28,,D,Definition differs,,,,,0,Units,,,2,Two,IND_QNT5,Individual living in a household with income in fifth quintile
DATAFLOW,OECD.STI.DEP:DSD_ICT_HH_IND@DF_IND(1.1),ICT Access and Usage by Individuals,I,USA,United States,A,Annual,D1B_I,Individuals using the internet for accessing social networking sites - last 3 m,PT_POP,Percentage of population,_Z,Not applicable,Y16T74,From 16 to 74 years,_T,Total,_T,Total,IND_Q4,Individuals living in a household with income in fourth quartile,_T,Total,2017,,69.9362,,D,Definition differs,,,,,0,Units,,,2,Two,IND_Q4,Individual living in a household with income in fourth quartile
DATAFLOW,OECD.STI.DEP:DSD_ICT_HH_IND@DF_IND(1.1),ICT Access and Usage by Individuals,I,KOR,Korea,A,Annual,D1B_I,Individuals using the internet for accessing social networking sites - last 3 m,PT_POP,Percentage of population,_Z,Not applicable,Y16T74,From 16 to 74 years,_T,Total,_T,Total,IND_QNT1,Individuals living in a household with income in first quintile,_T,Total,2019,,30.01330373,,D,Definition differs,,,,,0,Units,,,2,Two,IND_QNT1,Individual living in a household with income in first quintile
DATAFLOW,OECD.STI.DEP:DSD_ICT_HH_IND@DF_IND(1.1),ICT Access and Usage by Individuals,I,KOR,Korea,A,Annual,D1B_I,Individuals using the internet for accessing social networking sites - last 3 m,PT_POP,Percentage of population,_Z,Not applicable,Y16T74,From 16 to 74 years,_T,Total,_T,Total,IND_QNT5,Individuals living in a household with income in fifth quintile,_T,Total,2019,,70.99338855,,D,Definition differs,,,,,0,Units,,,2,Two,IND_QNT5,Individual living in a household with income in fifth quintile
DATAFLOW,OECD.STI.DEP:DSD_ICT_HH_IND@DF_IND(1.1),ICT Access and Usage by Individuals,I,KOR,Korea,A,Annual,D1B_I,Individuals using the internet for accessing social networking sites - last 3 m,PT_POP,Percentage of population,_Z,Not applicable,Y16T74,From 16 to 74 years,_T,Total,_T,Total,IND_QNT4,Individuals living in a household with income in fourth quintile,_T,Total,2019,,70.91679606,,D,Definition differs,,,,,0,Units,,,2,Two,IND_QNT4,Individual living in a household with income in fourth quintile
DATAFLOW,OECD.STI.DEP:DSD_ICT_HH_IND@DF_IND(1.1),ICT Access and Usage by Individuals,I,KOR,Korea,A,Annual,D1B_I,Individuals using the internet for accessing social networking sites - last 3 m,PT_POP,Percentage of population,_Z,Not applicable,Y16T74,From 16 to 74 years,_T,Total,_T,Total,IND_QNT2,Individuals living in a household with income in second quintile,_T,Total,2019,,55.806673,,D,Definition differs,,,,,0,Units,,,2,Two,IND_QNT2,Individual living in a household with income in second quintile
DATAFLOW,OECD.STI.DEP:DSD_ICT_HH_IND@DF_IND(1.1),ICT Access and Usage by Individuals,I,KOR,Korea,A,Annual,D1B_I,Individuals using the internet for accessing social networking sites - last 3 m,PT_POP,Percentage of population,_Z,Not applicable,Y16T74,From 16 to 74 years,_T,Total,_T,Total,IND_QNT3,Individuals living in a household with income in third quintile,_T,Total,2019,,67.85124694,,D,Definition differs,,,,,0,Units,,,2,Two,IND_QNT3,Individual living in a household with income in third quintile
DATAFLOW,OECD.STI.DEP:DSD_ICT_HH_IND@DF_IND(1.1),ICT Access and Usage by Individuals,I,KOR,Korea,A,Annual,D1B_I,Individuals using the internet for accessing social networking sites - last 3 m,PT_POP,Percentage of population,_Z,Not applicable,Y16T74,From 16 to 74 years,_T,Total,_T,Total,IND_Q1,Individuals living in a household with income in first quartile,_T,Total,2010,,30.13900924,,D,Definition differs,,,,,0,Units,,,2,Two,IND_Q1,Individual living in a household with income in first quartile
DATAFLOW,OECD.STI.DEP:DSD_ICT_HH_IND@DF_IND(1.1),ICT Access and Usage by Individuals,I,KOR,Korea,A,Annual,D1B_I,Individuals using the internet for accessing social networking sites - last 3 m,PT_POP,Percentage of population,_Z,Not applicable,Y16T74,From 16 to 74 years,_T,Total,_T,Total,IND_Q1,Individuals living in a household with income in first quartile,_T,Total,2011,,30.99616931,,D,Definition differs,,,,,0,Units,,,2,Two,IND_Q1,Individual living in a household with income in first quartile
DATAFLOW,OECD.STI.DEP:DSD_ICT_HH_IND@DF_IND(1.1),ICT Access and Usage by Individuals,I,KOR,Korea,A,Annual,D1B_I,Individuals using the internet for accessing social networking sites - last 3 m,PT_POP,Percentage of population,_Z,Not applicable,Y16T74,From 16 to 74 years,_T,Total,_T,Total,IND_Q1,Individuals living in a household with income in first quartile,_T,Total,2012,,33.42579768,,D,Definition differs,,,,,0,Units,,,2,Two,IND_Q1,Individual living in a household with income in first quartile
DATAFLOW,OECD.STI.DEP:DSD_ICT_HH_IND@DF_IND(1.1),ICT Access and Usage by Individuals,I,KOR,Korea,A,Annual,D1B_I,Individuals using the internet for accessing social networking sites - last 3 m,PT_POP,Percentage of population,_Z,Not applicable,Y16T74,From 16 to 74 years,_T,Total,_T,Total,IND_Q1,Individuals living in a household with income in first quartile,_T,Total,2013,,22.31106056,,D,Definition differs,,,,,0,Units,,,2,Two,IND_Q1,Individual living in a household with income in first quartile
DATAFLOW,OECD.STI.DEP:DSD_ICT_HH_IND@DF_IND(1.1),ICT Access and Usage by Individuals,I,KOR,Korea,A,Annual,D1B_I,Individuals using the internet for accessing social networking sites - last 3 m,PT_POP,Percentage of population,_Z,Not applicable,Y16T74,From 16 to 74 years,_T,Total,_T,Total,IND_Q1,Individuals living in a household with income in first quartile,_T,Total,2014,,25.49245355,,D,Definition differs,,,,,0,Units,,,2,Two,IND_Q1,Individual living in a household with income in first quartile
DATAFLOW,OECD.STI.DEP:DSD_ICT_HH_IND@DF_IND(1.1),ICT Access and Usage by Individuals,I,KOR,Korea,A,Annual,D1B_I,Individuals using the internet for accessing social networking sites - last 3 m,PT_POP,Percentage of population,_Z,Not applicable,Y16T74,From 16 to 74 years,_T,Total,_T,Total,IND_Q1,Individuals living in a household with income in first quartile,_T,Total,2015,,30.39551136,,D,Definition differs,,,,,0,Units,,,2,Two,IND_Q1,Individual living in a household with income in first quartile
DATAFLOW,OECD.STI.DEP:DSD_ICT_HH_IND@DF_IND(1.1),ICT Access and Usage by Individuals,I,KOR,Korea,A,Annual,D1B_I,Individuals using the internet for accessing social networking sites - last 3 m,PT_POP,Percentage of population,_Z,Not applicable,Y16T74,From 16 to 74 years,_T,Total,_T,Total,IND_Q1,Individuals living in a household with income in first quartile,_T,Total,2016,,35.36419998,,D,Definition differs,,,,,0,Units,,,2,Two,IND_Q1,Individual living in a household with income in first quartile
DATAFLOW,OECD.STI.DEP:DSD_ICT_HH_IND@DF_IND(1.1),ICT Access and Usage by Individuals,I,KOR,Korea,A,Annual,D1B_I,Individuals using the internet for accessing social networking sites - last 3 m,PT_POP,Percentage of population,_Z,Not applicable,Y16T74,From 16 to 74 years,_T,Total,_T,Total,IND_Q1,Individuals living in a household with income in first quartile,_T,Total,2017,,37.74999889,,D,Definition differs,,,,,0,Units,,,2,Two,IND_Q1,Individual living in a household with income in first quartile
DATAFLOW,OECD.STI.DEP:DSD_ICT_HH_IND@DF_IND(1.1),ICT Access and Usage by Individuals,I,KOR,Korea,A,Annual,D1B_I,Individuals using the internet for accessing social networking sites - last 3 m,PT_POP,Percentage of population,_Z,Not applicable,Y16T74,From 16 to 74 years,_T,Total,_T,Total,IND_Q1,Individuals living in a household with income in first quartile,_T,Total,2018,,42.53476955,,D,Definition differs,,,,,0,Units,,,2,Two,IND_Q1,Individual living in a household with income in first quartile
DATAFLOW,OECD.STI.DEP:DSD_ICT_HH_IND@DF_IND(1.1),ICT Access and Usage by Individuals,I,KOR,Korea,A,Annual,D1B_I,Individuals using the internet for accessing social networking sites - last 3 m,PT_POP,Percentage of population,_Z,Not applicable,Y16T74,From 16 to 74 years,_T,Total,_T,Total,IND_Q1,Individuals living in a household with income in first quartile,_T,Total,2019,,30.01330373,,D,Definition differs,,,,,0,Units,,,2,Two,IND_Q1,Individual living in a household with income in first quartile
DATAFLOW,OECD.STI.DEP:DSD_ICT_HH_IND@DF_IND(1.1),ICT Access and Usage by Individuals,I,KOR,Korea,A,Annual,D1B_I,Individuals using the internet for accessing social networking sites - last 3 m,PT_POP,Percentage of population,_Z,Not applicable,Y16T74,From 16 to 74 years,_T,Total,_T,Total,IND_Q3,Individuals living in a household with income in third quartile,_T,Total,2010,,58.67702891,,D,Definition differs,,,,,0,Units,,,2,Two,IND_Q3,Individual living in a household with income in third quartile
DATAFLOW,OECD.STI.DEP:DSD_ICT_HH_IND@DF_IND(1.1),ICT Access and Usage by Individuals,I,KOR,Korea,A,Annual,D1B_I,Individuals using the internet for accessing social networking sites - last 3 m,PT_POP,Percentage of population,_Z,Not applicable,Y16T74,From 16 to 74 years,_T,Total,_T,Total,IND_Q3,Individuals living in a household with income in third quartile,_T,Total,2011,,58.92831538,,D,Definition differs,,,,,0,Units,,,2,Two,IND_Q3,Individual living in a household with income in third quartile
DATAFLOW,OECD.STI.DEP:DSD_ICT_HH_IND@DF_IND(1.1),ICT Access and Usage by Individuals,I,KOR,Korea,A,Annual,D1B_I,Individuals using the internet for accessing social networking sites - last 3 m,PT_POP,Percentage of population,_Z,Not applicable,Y16T74,From 16 to 74 years,_T,Total,_T,Total,IND_Q3,Individuals living in a household with income in third quartile,_T,Total,2012,,59.84788115,,D,Definition differs,,,,,0,Units,,,2,Two,IND_Q3,Individual living in a household with income in third quartile
DATAFLOW,OECD.STI.DEP:DSD_ICT_HH_IND@DF_IND(1.1),ICT Access and Usage by Individuals,I,KOR,Korea,A,Annual,D1B_I,Individuals using the internet for accessing social networking sites - last 3 m,PT_POP,Percentage of population,_Z,Not applicable,Y16T74,From 16 to 74 years,_T,Total,_T,Total,IND_Q3,Individuals living in a household with income in third quartile,_T,Total,2013,,55.18418441,,D,Definition differs,,,,,0,Units,,,2,Two,IND_Q3,Individual living in a household with income in third quartile
DATAFLOW,OECD.STI.DEP:DSD_ICT_HH_IND@DF_IND(1.1),ICT Access and Usage by Individuals,I,KOR,Korea,A,Annual,D1B_I,Individuals using the internet for accessing social networking sites - last 3 m,PT_POP,Percentage of population,_Z,Not applicable,Y16T74,From 16 to 74 years,_T,Total,_T,Total,IND_Q3,Individuals living in a household with income in third quartile,_T,Total,2014,,61.90252457,,D,Definition differs,,,,,0,Units,,,2,Two,IND_Q3,Individual living in a household with income in third quartile
DATAFLOW,OECD.STI.DEP:DSD_ICT_HH_IND@DF_IND(1.1),ICT Access and Usage by Individuals,I,KOR,Korea,A,Annual,D1B_I,Individuals using the internet for accessing social networking sites - last 3 m,PT_POP,Percentage of population,_Z,Not applicable,Y16T74,From 16 to 74 years,_T,Total,_T,Total,IND_Q3,Individuals living in a household with income in third quartile,_T,Total,2015,,66.62940731,,D,Definition differs,,,,,0,Units,,,2,Two,IND_Q3,Individual living in a household with income in third quartile
DATAFLOW,OECD.STI.DEP:DSD_ICT_HH_IND@DF_IND(1.1),ICT Access and Usage by Individuals,I,KOR,Korea,A,Annual,D1B_I,Individuals using the internet for accessing social networking sites - last 3 m,PT_POP,Percentage of population,_Z,Not applicable,Y16T74,From 16 to 74 years,_T,Total,_T,Total,IND_Q3,Individuals living in a household with income in third quartile,_T,Total,2016,,68.41262698,,D,Definition differs,,,,,0,Units,,,2,Two,IND_Q3,Individual living in a household with income in third quartile
DATAFLOW,OECD.STI.DEP:DSD_ICT_HH_IND@DF_IND(1.1),ICT Access and Usage by Individuals,I,KOR,Korea,A,Annual,D1B_I,Individuals using the internet for accessing social networking sites - last 3 m,PT_POP,Percentage of population,_Z,Not applicable,Y16T74,From 16 to 74 years,_T,Total,_T,Total,IND_Q3,Individuals living in a household with income in third quartile,_T,Total,2017,,72.09127864,,D,Definition differs,,,,,0,Units,,,2,Two,IND_Q3,Individual living in a household with income in third quartile
DATAFLOW,OECD.STI.DEP:DSD_ICT_HH_IND@DF_IND(1.1),ICT Access and Usage by Individuals,I,KOR,Korea,A,Annual,D1B_I,Individuals using the internet for accessing social networking sites - last 3 m,PT_POP,Percentage of population,_Z,Not applicable,Y16T74,From 16 to 74 years,_T,Total,_T,Total,IND_Q3,Individuals living in a household with income in third quartile,_T,Total,2018,,70.71250638,,D,Definition differs,,,,,0,Units,,,2,Two,IND_Q3,Individual living in a household with income in third quartile
DATAFLOW,OECD.STI.DEP:DSD_ICT_HH_IND@DF_IND(1.1),ICT Access and Usage by Individuals,I,KOR,Korea,A,Annual,D1B_I,Individuals using the internet for accessing social networking sites - last 3 m,PT_POP,Percentage of population,_Z,Not applicable,Y16T74,From 16 to 74 years,_T,Total,_T,Total,IND_Q3,Individuals living in a household with income in third quartile,_T,Total,2019,,67.85124694,,D,Definition differs,,,,,0,Units,,,2,Two,IND_Q3,Individual living in a household with income in third quartile
DATAFLOW,OECD.STI.DEP:DSD_ICT_HH_IND@DF_IND(1.1),ICT Access and Usage by Individuals,I,KOR,Korea,A,Annual,D1B_I,Individuals using the internet for accessing social networking sites - last 3 m,PT_POP,Percentage of population,_Z,Not applicable,Y16T74,From 16 to 74 years,_T,Total,_T,Total,IND_Q2,Individuals living in a household with income in second quartile,_T,Total,2010,,55.96400589,,D,Definition differs,,,,,0,Units,,,2,Two,IND_Q2,Individual living in a household with income in second quartile
DATAFLOW,OECD.STI.DEP:DSD_ICT_HH_IND@DF_IND(1.1),ICT Access and Usage by Individuals,I,KOR,Korea,A,Annual,D1B_I,Individuals using the internet for accessing social networking sites - last 3 m,PT_POP,Percentage of population,_Z,Not applicable,Y16T74,From 16 to 74 years,_T,Total,_T,Total,IND_Q2,Individuals living in a household with income in second quartile,_T,Total,2011,,55.71813108,,D,Definition differs,,,,,0,Units,,,2,Two,IND_Q2,Individual living in a household with income in second quartile
DATAFLOW,OECD.STI.DEP:DSD_ICT_HH_IND@DF_IND(1.1),ICT Access and Usage by Individuals,I,KOR,Korea,A,Annual,D1B_I,Individuals using the internet for accessing social networking sites - last 3 m,PT_POP,Percentage of population,_Z,Not applicable,Y16T74,From 16 to 74 years,_T,Total,_T,Total,IND_Q2,Individuals living in a household with income in second quartile,_T,Total,2012,,56.49256008,,D,Definition differs,,,,,0,Units,,,2,Two,IND_Q2,Individual living in a household with income in second quartile
DATAFLOW,OECD.STI.DEP:DSD_ICT_HH_IND@DF_IND(1.1),ICT Access and Usage by Individuals,I,KOR,Korea,A,Annual,D1B_I,Individuals using the internet for accessing social networking sites - last 3 m,PT_POP,Percentage of population,_Z,Not applicable,Y16T74,From 16 to 74 years,_T,Total,_T,Total,IND_Q2,Individuals living in a household with income in second quartile,_T,Total,2013,,46.98934226,,D,Definition differs,,,,,0,Units,,,2,Two,IND_Q2,Individual living in a household with income in second quartile
DATAFLOW,OECD.STI.DEP:DSD_ICT_HH_IND@DF_IND(1.1),ICT Access and Usage by Individuals,I,KOR,Korea,A,Annual,D1B_I,Individuals using the internet for accessing social networking sites - last 3 m,PT_POP,Percentage of population,_Z,Not applicable,Y16T74,From 16 to 74 years,_T,Total,_T,Total,IND_Q2,Individuals living in a household with income in second quartile,_T,Total,2014,,52.03948671,,D,Definition differs,,,,,0,Units,,,2,Two,IND_Q2,Individual living in a household with income in second quartile
DATAFLOW,OECD.STI.DEP:DSD_ICT_HH_IND@DF_IND(1.1),ICT Access and Usage by Individuals,I,KOR,Korea,A,Annual,D1B_I,Individuals using the internet for accessing social networking sites - last 3 m,PT_POP,Percentage of population,_Z,Not applicable,Y16T74,From 16 to 74 years,_T,Total,_T,Total,IND_Q2,Individuals living in a household with income in second quartile,_T,Total,2015,,55.84254911,,D,Definition differs,,,,,0,Units,,,2,Two,IND_Q2,Individual living in a household with income in second quartile
DATAFLOW,OECD.STI.DEP:DSD_ICT_HH_IND@DF_IND(1.1),ICT Access and Usage by Individuals,I,KOR,Korea,A,Annual,D1B_I,Individuals using the internet for accessing social networking sites - last 3 m,PT_POP,Percentage of population,_Z,Not applicable,Y16T74,From 16 to 74 years,_T,Total,_T,Total,IND_Q2,Individuals living in a household with income in second quartile,_T,Total,2016,,59.61937188,,D,Definition differs,,,,,0,Units,,,2,Two,IND_Q2,Individual living in a household with income in second quartile
DATAFLOW,OECD.STI.DEP:DSD_ICT_HH_IND@DF_IND(1.1),ICT Access and Usage by Individuals,I,KOR,Korea,A,Annual,D1B_I,Individuals using the internet for accessing social networking sites - last 3 m,PT_POP,Percentage of population,_Z,Not applicable,Y16T74,From 16 to 74 years,_T,Total,_T,Total,IND_Q2,Individuals living in a household with income in second quartile,_T,Total,2017,,63.21900878,,D,Definition differs,,,,,0,Units,,,2,Two,IND_Q2,Individual living in a household with income in second quartile
DATAFLOW,OECD.STI.DEP:DSD_ICT_HH_IND@DF_IND(1.1),ICT Access and Usage by Individuals,I,KOR,Korea,A,Annual,D1B_I,Individuals using the internet for accessing social networking sites - last 3 m,PT_POP,Percentage of population,_Z,Not applicable,Y16T74,From 16 to 74 years,_T,Total,_T,Total,IND_Q2,Individuals living in a household with income in second quartile,_T,Total,2018,,62.5386136,,D,Definition differs,,,,,0,Units,,,2,Two,IND_Q2,Individual living in a household with income in second quartile
DATAFLOW,OECD.STI.DEP:DSD_ICT_HH_IND@DF_IND(1.1),ICT Access and Usage by Individuals,I,KOR,Korea,A,Annual,D1B_I,Individuals using the internet for accessing social networking sites - last 3 m,PT_POP,Percentage of population,_Z,Not applicable,Y16T74,From 16 to 74 years,_T,Total,_T,Total,IND_Q2,Individuals living in a household with income in second quartile,_T,Total,2019,,55.806673,,D,Definition differs,,,,,0,Units,,,2,Two,IND_Q2,Individual living in a household with income in second quartile
DATAFLOW,OECD.STI.DEP:DSD_ICT_HH_IND@DF_IND(1.1),ICT Access and Usage by Individuals,I,KOR,Korea,A,Annual,D1B_I,Individuals using the internet for accessing social networking sites - last 3 m,PT_POP,Percentage of population,_Z,Not applicable,Y16T74,From 16 to 74 years,_T,Total,_T,Total,IND_Q4,Individuals living in a household with income in fourth quartile,_T,Total,2010,,66.61316064,,D,Definition differs,,,,,0,Units,,,2,Two,IND_Q4,Individual living in a household with income in fourth quartile
DATAFLOW,OECD.STI.DEP:DSD_ICT_HH_IND@DF_IND(1.1),ICT Access and Usage by Individuals,I,KOR,Korea,A,Annual,D1B_I,Individuals using the internet for accessing social networking sites - last 3 m,PT_POP,Percentage of population,_Z,Not applicable,Y16T74,From 16 to 74 years,_T,Total,_T,Total,IND_Q4,Individuals living in a household with income in fourth quartile,_T,Total,2011,,66.14270535,,D,Definition differs,,,,,0,Units,,,2,Two,IND_Q4,Individual living in a household with income in fourth quartile
DATAFLOW,OECD.STI.DEP:DSD_ICT_HH_IND@DF_IND(1.1),ICT Access and Usage by Individuals,I,KOR,Korea,A,Annual,D1B_I,Individuals using the internet for accessing social networking sites - last 3 m,PT_POP,Percentage of population,_Z,Not applicable,Y16T74,From 16 to 74 years,_T,Total,_T,Total,IND_Q4,Individuals living in a household with income in fourth quartile,_T,Total,2012,,67.07029737,,D,Definition differs,,,,,0,Units,,,2,Two,IND_Q4,Individual living in a household with income in fourth quartile
DATAFLOW,OECD.STI.DEP:DSD_ICT_HH_IND@DF_IND(1.1),ICT Access and Usage by Individuals,I,KOR,Korea,A,Annual,D1B_I,Individuals using the internet for accessing social networking sites - last 3 m,PT_POP,Percentage of population,_Z,Not applicable,Y16T74,From 16 to 74 years,_T,Total,_T,Total,IND_Q4,Individuals living in a household with income in fourth quartile,_T,Total,2013,,59.26810375,,D,Definition differs,,,,,0,Units,,,2,Two,IND_Q4,Individual living in a household with income in fourth quartile
DATAFLOW,OECD.STI.DEP:DSD_ICT_HH_IND@DF_IND(1.1),ICT Access and Usage by Individuals,I,KOR,Korea,A,Annual,D1B_I,Individuals using the internet for accessing social networking sites - last 3 m,PT_POP,Percentage of population,_Z,Not applicable,Y16T74,From 16 to 74 years,_T,Total,_T,Total,IND_Q4,Individuals living in a household with income in fourth quartile,_T,Total,2014,,65.5627517,,D,Definition differs,,,,,0,Units,,,2,Two,IND_Q4,Individual living in a household with income in fourth quartile
DATAFLOW,OECD.STI.DEP:DSD_ICT_HH_IND@DF_IND(1.1),ICT Access and Usage by Individuals,I,KOR,Korea,A,Annual,D1B_I,Individuals using the internet for accessing social networking sites - last 3 m,PT_POP,Percentage of population,_Z,Not applicable,Y16T74,From 16 to 74 years,_T,Total,_T,Total,IND_Q4,Individuals living in a household with income in fourth quartile,_T,Total,2015,,70.90337285,,D,Definition differs,,,,,0,Units,,,2,Two,IND_Q4,Individual living in a household with income in fourth quartile
DATAFLOW,OECD.STI.DEP:DSD_ICT_HH_IND@DF_IND(1.1),ICT Access and Usage by Individuals,I,KOR,Korea,A,Annual,D1B_I,Individuals using the internet for accessing social networking sites - last 3 m,PT_POP,Percentage of population,_Z,Not applicable,Y16T74,From 16 to 74 years,_T,Total,_T,Total,IND_Q4,Individuals living in a household with income in fourth quartile,_T,Total,2016,,72.23717063,,D,Definition differs,,,,,0,Units,,,2,Two,IND_Q4,Individual living in a household with income in fourth quartile
DATAFLOW,OECD.STI.DEP:DSD_ICT_HH_IND@DF_IND(1.1),ICT Access and Usage by Individuals,I,KOR,Korea,A,Annual,D1B_I,Individuals using the internet for accessing social networking sites - last 3 m,PT_POP,Percentage of population,_Z,Not applicable,Y16T74,From 16 to 74 years,_T,Total,_T,Total,IND_Q4,Individuals living in a household with income in fourth quartile,_T,Total,2017,,76.71576905,,D,Definition differs,,,,,0,Units,,,2,Two,IND_Q4,Individual living in a household with income in fourth quartile
DATAFLOW,OECD.STI.DEP:DSD_ICT_HH_IND@DF_IND(1.1),ICT Access and Usage by Individuals,I,KOR,Korea,A,Annual,D1B_I,Individuals using the internet for accessing social networking sites - last 3 m,PT_POP,Percentage of population,_Z,Not applicable,Y16T74,From 16 to 74 years,_T,Total,_T,Total,IND_Q4,Individuals living in a household with income in fourth quartile,_T,Total,2018,,72.50223502,,D,Definition differs,,,,,0,Units,,,2,Two,IND_Q4,Individual living in a household with income in fourth quartile
DATAFLOW,OECD.STI.DEP:DSD_ICT_HH_IND@DF_IND(1.1),ICT Access and Usage by Individuals,I,KOR,Korea,A,Annual,D1B_I,Individuals using the internet for accessing social networking sites - last 3 m,PT_POP,Percentage of population,_Z,Not applicable,Y16T74,From 16 to 74 years,_T,Total,_T,Total,IND_Q4,Individuals living in a household with income in fourth quartile,_T,Total,2019,,70.96151124,,D,Definition differs,,,,,0,Units,,,2,Two,IND_Q4,Individual living in a household with income in fourth quartile
DATAFLOW,OECD.STI.DEP:DSD_ICT_HH_IND@DF_IND(1.1),ICT Access and Usage by Individuals,I,USA,United States,A,Annual,D1B_I,Individuals using the internet for accessing social networking sites - last 3 m,PT_POP,Percentage of population,_Z,Not applicable,Y16T74,From 16 to 74 years,_T,Total,_T,Total,IND_QNT3,Individuals living in a household with income in third quintile,_T,Total,2021,,65.59,,D,Definition differs,,,,,0,Units,,,2,Two,IND_QNT3,Individual living in a household with income in third quintile
DATAFLOW,OECD.STI.DEP:DSD_ICT_HH_IND@DF_IND(1.1),ICT Access and Usage by Individuals,I,USA,United States,A,Annual,D1B_I,Individuals using the internet for accessing social networking sites - last 3 m,PT_POP,Percentage of population,_Z,Not applicable,Y16T74,From 16 to 74 years,_T,Total,_T,Total,IND_QNT1,Individuals living in a household with income in first quintile,_T,Total,2021,,54.58,,D,Definition differs,,,,,0,Units,,,2,Two,IND_QNT1,Individual living in a household with income in first quintile
DATAFLOW,OECD.STI.DEP:DSD_ICT_HH_IND@DF_IND(1.1),ICT Access and Usage by Individuals,I,USA,United States,A,Annual,D1B_I,Individuals using the internet for accessing social networking sites - last 3 m,PT_POP,Percentage of population,_Z,Not applicable,Y16T74,From 16 to 74 years,_T,Total,_T,Total,IND_QNT4,Individuals living in a household with income in fourth quintile,_T,Total,2021,,68.14,,D,Definition differs,,,,,0,Units,,,2,Two,IND_QNT4,Individual living in a household with income in fourth quintile
DATAFLOW,OECD.STI.DEP:DSD_ICT_HH_IND@DF_IND(1.1),ICT Access and Usage by Individuals,I,USA,United States,A,Annual,D1B_I,Individuals using the internet for accessing social networking sites - last 3 m,PT_POP,Percentage of population,_Z,Not applicable,Y16T74,From 16 to 74 years,_T,Total,_T,Total,IND_QNT2,Individuals living in a household with income in second quintile,_T,Total,2021,,61.03,,D,Definition differs,,,,,0,Units,,,2,Two,IND_QNT2,Individual living in a household with income in second quintile
DATAFLOW,OECD.STI.DEP:DSD_ICT_HH_IND@DF_IND(1.1),ICT Access and Usage by Individuals,I,USA,United States,A,Annual,D1B_I,Individuals using the internet for accessing social networking sites - last 3 m,PT_POP,Percentage of population,_Z,Not applicable,Y16T74,From 16 to 74 years,_T,Total,_T,Total,IND_QNT5,Individuals living in a household with income in fifth quintile,_T,Total,2021,,70.25,,D,Definition differs,,,,,0,Units,,,2,Two,IND_QNT5,Individual living in a household with income in fifth quintile
DATAFLOW,OECD.STI.DEP:DSD_ICT_HH_IND@DF_IND(1.1),ICT Access and Usage by Individuals,I,KOR,Korea,A,Annual,D1B_I,Individuals using the internet for accessing social networking sites - last 3 m,PT_POP,Percentage of population,_Z,Not applicable,Y16T74,From 16 to 74 years,_T,Total,_T,Total,IND_QNT1,Individuals living in a household with income in first quintile,_T,Total,2020,,32.47001743,,D,Definition differs,,,,,0,Units,,,2,Two,IND_QNT1,Individual living in a household with income in first quintile
DATAFLOW,OECD.STI.DEP:DSD_ICT_HH_IND@DF_IND(1.1),ICT Access and Usage by Individuals,I,KOR,Korea,A,Annual,D1B_I,Individuals using the internet for accessing social networking sites - last 3 m,PT_POP,Percentage of population,_Z,Not applicable,Y16T74,From 16 to 74 years,_T,Total,_T,Total,IND_QNT2,Individuals living in a household with income in second quintile,_T,Total,2020,,59.36302928,,D,Definition differs,,,,,0,Units,,,2,Two,IND_QNT2,Individual living in a household with income in second quintile
DATAFLOW,OECD.STI.DEP:DSD_ICT_HH_IND@DF_IND(1.1),ICT Access and Usage by Individuals,I,KOR,Korea,A,Annual,D1B_I,Individuals using the internet for accessing social networking sites - last 3 m,PT_POP,Percentage of population,_Z,Not applicable,Y16T74,From 16 to 74 years,_T,Total,_T,Total,IND_QNT3,Individuals living in a household with income in third quintile,_T,Total,2020,,69.03067528,,D,Definition differs,,,,,0,Units,,,2,Two,IND_QNT3,Individual living in a household with income in third quintile
DATAFLOW,OECD.STI.DEP:DSD_ICT_HH_IND@DF_IND(1.1),ICT Access and Usage by Individuals,I,KOR,Korea,A,Annual,D1B_I,Individuals using the internet for accessing social networking sites - last 3 m,PT_POP,Percentage of population,_Z,Not applicable,Y16T74,From 16 to 74 years,_T,Total,_T,Total,IND_QNT4,Individuals living in a household with income in fourth quintile,_T,Total,2020,,71.3308539,,D,Definition differs,,,,,0,Units,,,2,Two,IND_QNT4,Individual living in a household with income in fourth quintile
DATAFLOW,OECD.STI.DEP:DSD_ICT_HH_IND@DF_IND(1.1),ICT Access and Usage by Individuals,I,KOR,Korea,A,Annual,D1B_I,Individuals using the internet for accessing social networking sites - last 3 m,PT_POP,Percentage of population,_Z,Not applicable,Y16T74,From 16 to 74 years,_T,Total,_T,Total,IND_QNT5,Individuals living in a household with income in fifth quintile,_T,Total,2020,,72.8870365,,D,Definition differs,,,,,0,Units,,,2,Two,IND_QNT5,Individual living in a household with income in fifth quintile
DATAFLOW,OECD.STI.DEP:DSD_ICT_HH_IND@DF_IND(1.1),ICT Access and Usage by Individuals,I,KOR,Korea,A,Annual,D1B_I,Individuals using the internet for accessing social networking sites - last 3 m,PT_POP,Percentage of population,_Z,Not applicable,Y16T74,From 16 to 74 years,_T,Total,_T,Total,IND_Q3,Individuals living in a household with income in third quartile,_T,Total,2020,,69.03067528,,D,Definition differs,,,,,0,Units,,,2,Two,IND_Q3,Individual living in a household with income in third quartile
DATAFLOW,OECD.STI.DEP:DSD_ICT_HH_IND@DF_IND(1.1),ICT Access and Usage by Individuals,I,KOR,Korea,A,Annual,D1B_I,Individuals using the internet for accessing social networking sites - last 3 m,PT_POP,Percentage of population,_Z,Not applicable,Y16T74,From 16 to 74 years,_T,Total,_T,Total,IND_Q4,Individuals living in a household with income in fourth quartile,_T,Total,2020,,72.25612817,,D,Definition differs,,,,,0,Units,,,2,Two,IND_Q4,Individual living in a household with income in fourth quartile
DATAFLOW,OECD.STI.DEP:DSD_ICT_HH_IND@DF_IND(1.1),ICT Access and Usage by Individuals,I,KOR,Korea,A,Annual,D1B_I,Individuals using the internet for accessing social networking sites - last 3 m,PT_POP,Percentage of population,_Z,Not applicable,Y16T74,From 16 to 74 years,_T,Total,_T,Total,IND_Q2,Individuals living in a household with income in second quartile,_T,Total,2020,,59.36302928,,D,Definition differs,,,,,0,Units,,,2,Two,IND_Q2,Individual living in a household with income in second quartile
DATAFLOW,OECD.STI.DEP:DSD_ICT_HH_IND@DF_IND(1.1),ICT Access and Usage by Individuals,I,KOR,Korea,A,Annual,D1B_I,Individuals using the internet for accessing social networking sites - last 3 m,PT_POP,Percentage of population,_Z,Not applicable,Y16T74,From 16 to 74 years,_T,Total,_T,Total,IND_Q1,Individuals living in a household with income in first quartile,_T,Total,2020,,32.47001743,,D,Definition differs,,,,,0,Units,,,2,Two,IND_Q1,Individual living in a household with income in first quartile
DATAFLOW,OECD.STI.DEP:DSD_ICT_HH_IND@DF_IND(1.1),ICT Access and Usage by Individuals,I,KOR,Korea,A,Annual,D1B_I,Individuals using the internet for accessing social networking sites - last 3 m,PT_POP,Percentage of population,_Z,Not applicable,Y16T74,From 16 to 74 years,_T,Total,_T,Total,IND_QNT1,Individuals living in a household with income in first quintile,_T,Total,2023,,30.9588064,,A,Normal value,,,,,0,Units,,,2,Two,IND_QNT1,Individual living in a household with income in first quintile
DATAFLOW,OECD.STI.DEP:DSD_ICT_HH_IND@DF_IND(1.1),ICT Access and Usage by Individuals,I,KOR,Korea,A,Annual,D1B_I,Individuals using the internet for accessing social networking sites - last 3 m,PT_POP,Percentage of population,_Z,Not applicable,Y16T74,From 16 to 74 years,_T,Total,_T,Total,IND_QNT1,Individuals living in a household with income in first quintile,_T,Total,2024,,29.233581267712026,,A,Normal value,,,,,0,Units,,,2,Two,IND_QNT1,Individual living in a household with income in first quintile
DATAFLOW,OECD.STI.DEP:DSD_ICT_HH_IND@DF_IND(1.1),ICT Access and Usage by Individuals,I,KOR,Korea,A,Annual,D1B_I,Individuals using the internet for accessing social networking sites - last 3 m,PT_POP,Percentage of population,_Z,Not applicable,Y16T74,From 16 to 74 years,_T,Total,_T,Total,IND_QNT1,Individuals living in a household with income in first quintile,_T,Total,2021,,33.7221475,,A,Normal value,,,,,0,Units,,,2,Two,IND_QNT1,Individual living in a household with income in first quintile
DATAFLOW,OECD.STI.DEP:DSD_ICT_HH_IND@DF_IND(1.1),ICT Access and Usage by Individuals,I,KOR,Korea,A,Annual,D1B_I,Individuals using the internet for accessing social networking sites - last 3 m,PT_POP,Percentage of population,_Z,Not applicable,Y16T74,From 16 to 74 years,_T,Total,_T,Total,IND_QNT1,Individuals living in a household with income in first quintile,_T,Total,2022,,37.31311323,,A,Normal value,,,,,0,Units,,,2,Two,IND_QNT1,Individual living in a household with income in first quintile
DATAFLOW,OECD.STI.DEP:DSD_ICT_HH_IND@DF_IND(1.1),ICT Access and Usage by Individuals,I,KOR,Korea,A,Annual,D1B_I,Individuals using the internet for accessing social networking sites - last 3 m,PT_POP,Percentage of population,_Z,Not applicable,Y16T74,From 16 to 74 years,_T,Total,_T,Total,IND_QNT3,Individuals living in a household with income in third quintile,_T,Total,2022,,68.69988674,,A,Normal value,,,,,0,Units,,,2,Two,IND_QNT3,Individual living in a household with income in third quintile
DATAFLOW,OECD.STI.DEP:DSD_ICT_HH_IND@DF_IND(1.1),ICT Access and Usage by Individuals,I,KOR,Korea,A,Annual,D1B_I,Individuals using the internet for accessing social networking sites - last 3 m,PT_POP,Percentage of population,_Z,Not applicable,Y16T74,From 16 to 74 years,_T,Total,_T,Total,IND_QNT3,Individuals living in a household with income in third quintile,_T,Total,2021,,69.45585687,,A,Normal value,,,,,0,Units,,,2,Two,IND_QNT3,Individual living in a household with income in third quintile
DATAFLOW,OECD.STI.DEP:DSD_ICT_HH_IND@DF_IND(1.1),ICT Access and Usage by Individuals,I,KOR,Korea,A,Annual,D1B_I,Individuals using the internet for accessing social networking sites - last 3 m,PT_POP,Percentage of population,_Z,Not applicable,Y16T74,From 16 to 74 years,_T,Total,_T,Total,IND_QNT3,Individuals living in a household with income in third quintile,_T,Total,2024,,59.46742789764412,,A,Normal value,,,,,0,Units,,,2,Two,IND_QNT3,Individual living in a household with income in third quintile
DATAFLOW,OECD.STI.DEP:DSD_ICT_HH_IND@DF_IND(1.1),ICT Access and Usage by Individuals,I,KOR,Korea,A,Annual,D1B_I,Individuals using the internet for accessing social networking sites - last 3 m,PT_POP,Percentage of population,_Z,Not applicable,Y16T74,From 16 to 74 years,_T,Total,_T,Total,IND_QNT3,Individuals living in a household with income in third quintile,_T,Total,2023,,65.65911584,,A,Normal value,,,,,0,Units,,,2,Two,IND_QNT3,Individual living in a household with income in third quintile
DATAFLOW,OECD.STI.DEP:DSD_ICT_HH_IND@DF_IND(1.1),ICT Access and Usage by Individuals,I,KOR,Korea,A,Annual,D1B_I,Individuals using the internet for accessing social networking sites - last 3 m,PT_POP,Percentage of population,_Z,Not applicable,Y16T74,From 16 to 74 years,_T,Total,_T,Total,IND_QNT5,Individuals living in a household with income in fifth quintile,_T,Total,2024,,73.25475052798532,,A,Normal value,,,,,0,Units,,,2,Two,IND_QNT5,Individual living in a household with income in fifth quintile
DATAFLOW,OECD.STI.DEP:DSD_ICT_HH_IND@DF_IND(1.1),ICT Access and Usage by Individuals,I,KOR,Korea,A,Annual,D1B_I,Individuals using the internet for accessing social networking sites - last 3 m,PT_POP,Percentage of population,_Z,Not applicable,Y16T74,From 16 to 74 years,_T,Total,_T,Total,IND_QNT5,Individuals living in a household with income in fifth quintile,_T,Total,2021,,77.0478083,,A,Normal value,,,,,0,Units,,,2,Two,IND_QNT5,Individual living in a household with income in fifth quintile
DATAFLOW,OECD.STI.DEP:DSD_ICT_HH_IND@DF_IND(1.1),ICT Access and Usage by Individuals,I,KOR,Korea,A,Annual,D1B_I,Individuals using the internet for accessing social networking sites - last 3 m,PT_POP,Percentage of population,_Z,Not applicable,Y16T74,From 16 to 74 years,_T,Total,_T,Total,IND_QNT5,Individuals living in a household with income in fifth quintile,_T,Total,2022,,75.89142613,,A,Normal value,,,,,0,Units,,,2,Two,IND_QNT5,Individual living in a household with income in fifth quintile
DATAFLOW,OECD.STI.DEP:DSD_ICT_HH_IND@DF_IND(1.1),ICT Access and Usage by Individuals,I,KOR,Korea,A,Annual,D1B_I,Individuals using the internet for accessing social networking sites - last 3 m,PT_POP,Percentage of population,_Z,Not applicable,Y16T74,From 16 to 74 years,_T,Total,_T,Total,IND_QNT5,Individuals living in a household with income in fifth quintile,_T,Total,2023,,73.15599932,,A,Normal value,,,,,0,Units,,,2,Two,IND_QNT5,Individual living in a household with income in fifth quintile
DATAFLOW,OECD.STI.DEP:DSD_ICT_HH_IND@DF_IND(1.1),ICT Access and Usage by Individuals,I,KOR,Korea,A,Annual,D1B_I,Individuals using the internet for accessing social networking sites - last 3 m,PT_POP,Percentage of population,_Z,Not applicable,Y16T74,From 16 to 74 years,_T,Total,_T,Total,IND_QNT2,Individuals living in a household with income in second quintile,_T,Total,2023,,51.14489311,,A,Normal value,,,,,0,Units,,,2,Two,IND_QNT2,Individual living in a household with income in second quintile
DATAFLOW,OECD.STI.DEP:DSD_ICT_HH_IND@DF_IND(1.1),ICT Access and Usage by Individuals,I,KOR,Korea,A,Annual,D1B_I,Individuals using the internet for accessing social networking sites - last 3 m,PT_POP,Percentage of population,_Z,Not applicable,Y16T74,From 16 to 74 years,_T,Total,_T,Total,IND_QNT2,Individuals living in a household with income in second quintile,_T,Total,2024,,45.92437705855835,,A,Normal value,,,,,0,Units,,,2,Two,IND_QNT2,Individual living in a household with income in second quintile
DATAFLOW,OECD.STI.DEP:DSD_ICT_HH_IND@DF_IND(1.1),ICT Access and Usage by Individuals,I,KOR,Korea,A,Annual,D1B_I,Individuals using the internet for accessing social networking sites - last 3 m,PT_POP,Percentage of population,_Z,Not applicable,Y16T74,From 16 to 74 years,_T,Total,_T,Total,IND_QNT2,Individuals living in a household with income in second quintile,_T,Total,2021,,54.65080127,,A,Normal value,,,,,0,Units,,,2,Two,IND_QNT2,Individual living in a household with income in second quintile
DATAFLOW,OECD.STI.DEP:DSD_ICT_HH_IND@DF_IND(1.1),ICT Access and Usage by Individuals,I,KOR,Korea,A,Annual,D1B_I,Individuals using the internet for accessing social networking sites - last 3 m,PT_POP,Percentage of population,_Z,Not applicable,Y16T74,From 16 to 74 years,_T,Total,_T,Total,IND_QNT2,Individuals living in a household with income in second quintile,_T,Total,2022,,54.47840576,,A,Normal value,,,,,0,Units,,,2,Two,IND_QNT2,Individual living in a household with income in second quintile
DATAFLOW,OECD.STI.DEP:DSD_ICT_HH_IND@DF_IND(1.1),ICT Access and Usage by Individuals,I,KOR,Korea,A,Annual,D1B_I,Individuals using the internet for accessing social networking sites - last 3 m,PT_POP,Percentage of population,_Z,Not applicable,Y16T74,From 16 to 74 years,_T,Total,_T,Total,IND_QNT4,Individuals living in a household with income in fourth quintile,_T,Total,2022,,73.72086001,,A,Normal value,,,,,0,Units,,,2,Two,IND_QNT4,Individual living in a household with income in fourth quintile
DATAFLOW,OECD.STI.DEP:DSD_ICT_HH_IND@DF_IND(1.1),ICT Access and Usage by Individuals,I,KOR,Korea,A,Annual,D1B_I,Individuals using the internet for accessing social networking sites - last 3 m,PT_POP,Percentage of population,_Z,Not applicable,Y16T74,From 16 to 74 years,_T,Total,_T,Total,IND_QNT4,Individuals living in a household with income in fourth quintile,_T,Total,2021,,75.1725429,,A,Normal value,,,,,0,Units,,,2,Two,IND_QNT4,Individual living in a household with income in fourth quintile
DATAFLOW,OECD.STI.DEP:DSD_ICT_HH_IND@DF_IND(1.1),ICT Access and Usage by Individuals,I,KOR,Korea,A,Annual,D1B_I,Individuals using the internet for accessing social networking sites - last 3 m,PT_POP,Percentage of population,_Z,Not applicable,Y16T74,From 16 to 74 years,_T,Total,_T,Total,IND_QNT4,Individuals living in a household with income in fourth quintile,_T,Total,2024,,69.09081551600993,,A,Normal value,,,,,0,Units,,,2,Two,IND_QNT4,Individual living in a household with income in fourth quintile
DATAFLOW,OECD.STI.DEP:DSD_ICT_HH_IND@DF_IND(1.1),ICT Access and Usage by Individuals,I,KOR,Korea,A,Annual,D1B_I,Individuals using the internet for accessing social networking sites - last 3 m,PT_POP,Percentage of population,_Z,Not applicable,Y16T74,From 16 to 74 years,_T,Total,_T,Total,IND_QNT4,Individuals living in a household with income in fourth quintile,_T,Total,2023,,68.85555502,,A,Normal value,,,,,0,Units,,,2,Two,IND_QNT4,Individual living in a household with income in fourth quintile
